timestamp,timestamp_sample,accel_device_id,gyro_device_id,delta_angle[0],delta_angle[1],delta_angle[2],delta_velocity[0],delta_velocity[1],delta_velocity[2],delta_angle_dt,delta_velocity_dt,delta_velocity_clipping,calibration_count
2090551139,2090550769,3932170,3932170,1.6596641e-05,-7.229447e-06,3.3584856e-06,-0.0009417499,-0.0017472055,-0.048776604,5003,5003,0,6
2090556155,2090555772,3932170,3932170,2.2054292e-05,-9.174404e-06,4.2449965e-06,-0.00086217525,-0.0017387265,-0.048841286,5003,5003,0,6
2091051328,2091051009,3932170,3932170,2.0957603e-05,-1.05209765e-05,-3.54891e-07,-0.0009040333,-0.0017016164,-0.04873373,4999,4999,0,6
2091551606,2091551251,3932170,3932170,4.0332648e-06,-3.3339843e-06,-2.4439827e-05,-0.0009892274,-0.0015765737,-0.048872102,5002,5002,0,6
2092056821,2092056495,3932170,3932170,1.7719967e-05,-1.0398267e-06,3.6158792e-06,-0.0010091871,-0.0016646668,-0.04897996,5002,5002,0,6
2092557060,2092556746,3932170,3932170,2.4179833e-05,-9.735633e-06,-5.5360065e-06,-0.0009071569,-0.0017324223,-0.04896039,5009,5009,0,6
2093057300,2093056981,3932170,3932170,2.3032175e-05,-1.0610316e-05,-9.014216e-06,-0.0010010944,-0.0017133472,-0.048825078,5003,5003,0,6
2093552564,2093552220,3932170,3932170,2.3912487e-05,-6.421415e-06,-2.4302583e-06,-0.00088990456,-0.0016771124,-0.04878522,5002,5002,0,6
2094052787,2094052463,3932170,3932170,2.090651e-05,-2.3756636e-06,6.8491863e-07,-0.0010670634,-0.0017183464,-0.048791986,5003,5003,0,6
2094553025,2094552707,3932170,3932170,2.6300833e-05,-1.0129024e-05,-2.6858684e-06,-0.0009819589,-0.0015745043,-0.04884874,5003,5003,0,6
2095053313,2095052949,3932170,3932170,4.451098e-05,-4.5928286e-07,-7.6417496e-07,-0.001027829,-0.0017980989,-0.048895102,5005,5005,0,6
2095553503,2095553189,3932170,3932170,2.7030244e-05,-5.4010047e-06,-2.0325265e-06,-0.0009994892,-0.0017224919,-0.048752777,5001,5001,0,6
2096053764,2096053431,3932170,3932170,2.3595734e-05,-1.0663126e-05,-4.4924905e-06,-0.00093666307,-0.0017429243,-0.048912972,5001,5001,0,6
2096554061,2096553673,3932170,3932170,2.1446429e-05,-3.5276425e-06,-4.2037186e-06,-0.0010123427,-0.0017175594,-0.04879127,5002,5002,0,6
2097054227,2097053915,3932170,3932170,2.065935e-05,-6.5847494e-06,1.4346592e-06,-0.0008748457,-0.0017550506,-0.048851866,5002,5002,0,6
2097554467,2097554157,3932170,3932170,2.5309211e-05,-5.1275897e-06,7.348786e-06,-0.00093880395,-0.0017771994,-0.04867342,5002,5002,0,6
2098054772,2098054400,3932170,3932170,2.2763152e-05,-4.2412876e-06,2.0907284e-05,-0.0008955369,-0.0018315129,-0.048903327,5004,5004,0,6
2098554997,2098554641,3932170,3932170,2.2678369e-05,-1.7497401e-06,2.0961825e-06,-0.0009122404,-0.0017377103,-0.04884191,5002,5002,0,6
2099055191,2099054882,3932170,3932170,2.8332426e-05,-8.307937e-06,-5.9036674e-06,-0.0009226706,-0.0015979961,-0.048768025,5002,5002,0,6
2099555528,2099555125,3932170,3932170,2.3616973e-05,-7.337589e-06,3.388456e-06,-0.0009335516,-0.0017861857,-0.048876144,5003,5003,0,6
2100055710,2100055365,3932170,3932170,2.934005e-05,-3.0697862e-07,-2.482995e-06,-0.00090521615,-0.0018105092,-0.04871652,5000,5000,0,6
2100550956,2100550635,3932170,3932170,2.4802815e-05,-8.3546365e-06,1.972908e-07,-0.0009890948,-0.0017395418,-0.04916602,5023,5023,0,6
2101051175,2101050847,3932170,3932170,2.3261871e-05,-6.532368e-07,3.497097e-06,-0.00087651087,-0.0016229225,-0.048847053,5000,5000,0,6
2101551408,2101551088,3932170,3932170,6.3604684e-06,-1.3484602e-05,-7.648008e-07,-0.00085396215,-0.0018538777,-0.048815567,5003,5003,0,6
2102051689,2102051335,3932170,3932170,2.2355247e-05,-7.342443e-06,-5.376621e-06,-0.00090466306,-0.0018795303,-0.04875339,5003,5003,0,6
2102556888,2102556573,3932170,3932170,2.1409867e-05,-4.7578933e-06,-1.1392016e-06,-0.0009954389,-0.0017299679,-0.0488267,5003,5003,0,6
2103057123,2103056813,3932170,3932170,2.9659432e-05,-3.836241e-06,1.984274e-06,-0.00092482107,-0.0017450631,-0.048866384,5001,5001,0,6
2103557369,2103557054,3932170,3932170,1.8033064e-05,-8.828816e-06,2.277167e-07,-0.0009870634,-0.0017615207,-0.04879298,5000,5000,0,6
2104052695,2104052293,3932170,3932170,2.016706e-05,3.882728e-06,-1.5673902e-05,-0.0008689452,-0.0017567788,-0.048856013,5003,5003,0,6
2104552855,2104552534,3932170,3932170,2.2101767e-05,-1.4511758e-05,-1.3832583e-05,-0.0010179274,-0.0016816411,-0.04882776,5003,5003,0,6
2105053087,2105052775,3932170,3932170,2.0043111e-05,-1.1229575e-05,-3.170492e-06,-0.0009683851,-0.0015887071,-0.04886856,5001,5001,0,6
2105553380,2105553015,3932170,3932170,2.038027e-05,-5.7670222e-06,8.695527e-07,-0.001083463,-0.0017266549,-0.04880638,5001,5001,0,6
2106053565,2106053256,3932170,3932170,2.0077403e-05,-2.7037233e-06,-2.4865215e-06,-0.00080841064,-0.0017083059,-0.048829284,5000,5000,0,6
2106553862,2106553497,3932170,3932170,3.461361e-05,-9.277854e-06,1.4010373e-06,-0.0009237225,-0.0016499528,-0.04873724,5002,5002,0,6
2107054096,2107053740,3932170,3932170,2.4176228e-05,-1.1036915e-05,-3.5021546e-06,-0.00095126,-0.0017166075,-0.048810896,5003,5003,0,6
2107554351,2107553980,3932170,3932170,2.4920519e-05,-6.286101e-06,1.2194015e-05,-0.0010102214,-0.0017581352,-0.048869736,5003,5003,0,6
2108054531,2108054218,3932170,3932170,3.298131e-05,-1.3946319e-05,-2.8070187e-06,-0.0009827731,-0.0016375447,-0.04872568,5001,5001,0,6
2108554878,2108554460,3932170,3932170,2.3375356e-05,-1.1320409e-05,-2.536215e-06,-0.0008837433,-0.0016821652,-0.048965503,5004,5004,0,6
2109055007,2109054699,3932170,3932170,1.4414453e-05,-1.3232341e-05,-1.2064661e-06,-0.0009786102,-0.0016736528,-0.04877181,4993,4993,0,6
2109555265,2109554941,3932170,3932170,2.2978367e-05,-9.861754e-06,-4.3978876e-06,-0.0010073689,-0.0017595051,-0.048832852,5002,5002,0,6
2110055588,2110055184,3932170,3932170,2.047664e-05,-2.1603319e-06,-1.470731e-06,-0.0010253042,-0.0017503061,-0.048903454,5005,5005,0,6
2110555746,2110555421,3932170,3932170,1.9848834e-05,-8.60975e-06,7.3836277e-06,-0.0009037924,-0.0018967686,-0.04878935,5003,5003,0,6
2111051065,2111050660,3932170,3932170,2.9376635e-05,6.451551e-06,8.672045e-06,-0.0009023894,-0.0017949351,-0.04894974,5003,5003,0,6
2111551210,2111550899,3932170,3932170,1.3451912e-05,-6.216631e-06,-1.16258e-06,-0.0008593116,-0.0018295344,-0.04883953,5001,5001,0,6
2112051468,2112051140,3932170,3932170,2.8794993e-05,-1.3847337e-05,-7.629742e-06,-0.0008893081,-0.0016229715,-0.04889567,5004,5004,0,6
2112551719,2112551398,3932170,3932170,2.9351284e-05,-7.883258e-06,2.7498745e-06,-0.00089660176,-0.0017571991,-0.049098425,5020,5020,0,6
2113056939,2113056621,3932170,3932170,1.8703657e-05,-7.3733504e-06,-4.935538e-07,-0.0009879173,-0.0016048083,-0.04889475,5001,5001,0,6
2113557172,2113556861,3932170,3932170,2.1898028e-05,-9.930547e-06,-2.0915304e-06,-0.00097471906,-0.0016655027,-0.048843,4998,4998,0,6
2114057438,2114057100,3932170,3932170,1.9087958e-05,-1.3109622e-05,-2.0159676e-05,-0.0009567099,-0.0016994323,-0.0488444,5001,5001,0,6
2114552790,2114552340,3932170,3932170,1.3588626e-05,-1.3468431e-05,2.185675e-06,-0.00096700253,-0.0018976728,-0.048921682,5004,5004,0,6
2115052901,2115052578,3932170,3932170,1.9745135e-05,-1.7668091e-06,1.073074e-06,-0.0009604081,-0.0016725664,-0.048906405,5003,5003,0,6
2115553136,2115552819,3932170,3932170,2.366231e-05,-5.7185325e-06,-3.8874805e-06,-0.0009332999,-0.0017342647,-0.048810173,5003,5003,0,6
2116053433,2116053059,3932170,3932170,2.4370085e-05,-6.952673e-06,8.189225e-07,-0.0010946178,-0.0016061437,-0.04887966,5004,5004,0,6
2116553616,2116553298,3932170,3932170,2.1444705e-05,-6.5550153e-06,-5.5939418e-06,-0.00094751257,-0.0017250044,-0.048783775,5003,5003,0,6
2117053854,2117053540,3932170,3932170,1.3875119e-05,-8.437934e-06,-1.5521358e-06,-0.00088951644,-0.001823212,-0.048947807,5006,5006,0,6
2117554133,2117553773,3932170,3932170,2.542765e-05,4.6622363e-06,-3.9860483e-06,-0.0010058511,-0.0018208419,-0.048924673,4998,4998,0,6
2118054346,2118054017,3932170,3932170,2.0512438e-05,-1.0014459e-06,-1.5607029e-06,-0.0008819419,-0.0015945508,-0.048899557,5003,5003,0,6
2118554617,2118554255,3932170,3932170,2.676875e-05,-2.7056274e-06,3.277044e-06,-0.00094205985,-0.0017017168,-0.048777547,5001,5001,0,6
2119054850,2119054494,3932170,3932170,2.4667113e-05,-2.2192032e-06,-2.9747196e-07,-0.001087497,-0.0016889918,-0.048835862,4997,4997,0,6
2119555091,2119554735,3932170,3932170,2.3029645e-05,-9.080915e-06,1.5491053e-06,-0.00093379314,-0.0017546805,-0.048817303,5003,5003,0,6
2120055287,2120054974,3932170,3932170,1.8466117e-05,-6.5929794e-06,2.5087186e-06,-0.0008529778,-0.0017676185,-0.04884225,5003,5003,0,6
2120555654,2120555213,3932170,3932170,3.1480777e-05,-7.2611806e-06,1.3942836e-05,-0.00087224593,-0.0017468366,-0.04895402,5004,5004,0,6
2121055771,2121055451,3932170,3932170,2.5290372e-05,-6.5739773e-06,8.378159e-06,-0.0009404505,-0.0015808145,-0.048863877,4999,4999,0,6
2121551047,2121550730,3932170,3932170,3.5740864e-05,-6.668296e-07,7.9914844e-07,-0.0010017748,-0.0016721023,-0.049214005,5044,5044,0,6
2122051290,2122050927,3932170,3932170,9.461798e-06,-1.6863112e-05,-6.192315e-06,-0.0008912964,-0.0017790102,-0.048830472,5002,5002,0,6
2122551480,2122551165,3932170,3932170,2.3436984e-05,-2.9100295e-06,4.122273e-06,-0.0010258986,-0.0015988697,-0.048609335,4970,4970,0,6
2123051770,2123051405,3932170,3932170,2.9046883e-05,-6.7195324e-06,5.6356254e-07,-0.00097207475,-0.0017064665,-0.048775043,4995,4995,0,6
2123557001,2123556648,3932170,3932170,2.3351295e-05,-3.3433807e-06,3.4665427e-06,-0.0010296825,-0.0018701372,-0.048866425,5004,5004,0,6
2124052204,2124051884,3932170,3932170,1.0161184e-05,-1.6596383e-05,-8.019468e-06,-0.00096620165,-0.0015430488,-0.048947196,5002,5002,0,6
2124557460,2124557123,3932170,3932170,2.1453312e-05,-1.0989667e-05,2.3462767e-06,-0.00088550715,-0.0017856066,-0.048500985,4965,4965,0,6
2125052704,2125052360,3932170,3932170,1.3527444e-05,-3.957156e-06,-3.913983e-06,-0.0010375592,-0.0016991307,-0.04885553,5001,5001,0,6
2125552965,2125552606,3932170,3932170,1.8570772e-05,-1.1971767e-05,-1.870824e-05,-0.00093922805,-0.0018254954,-0.049351055,5003,5003,0,6
2126053166,2126052839,3932170,3932170,1.36860845e-05,-0.00018477108,-0.0008232188,-0.000674981,-0.000104412844,-0.04840306,4998,4998,0,6
2126553455,2126553077,3932170,3932170,0.0001478218,9.848299e-05,-0.000111194735,-0.00049887795,-0.00075042096,-0.050072078,5003,5003,0,6
2127053639,2127053314,3932170,3932170,4.5185432e-05,-1.5125244e-05,1.7712675e-07,-6.131409e-05,-0.0014870723,-0.047622405,5001,5001,0,6
2127553866,2127553552,3932170,3932170,-2.819702e-05,-8.9035326e-05,5.4501375e-06,-0.0007996157,-0.0017131339,-0.048332796,5002,5002,0,6
2128054152,2128053791,3932170,3932170,-1.7449283e-05,-5.174164e-05,-3.0622214e-05,-0.0011419076,-0.0014366525,-0.04877052,5002,5002,0,6
2128554352,2128554031,3932170,3932170,3.204876e-05,3.669553e-06,1.0287785e-06,-0.0010851996,-0.0015014294,-0.04891804,5004,5004,0,6
2129054633,2129054268,3932170,3932170,2.0578947e-05,-5.5457617e-06,3.1735153e-06,-0.00096150173,-0.0017483358,-0.048918877,5002,5002,0,6
2129554912,2129554558,3932170,3932170,1.5762871e-05,-8.242467e-06,2.3961047e-07,-0.0009430934,-0.0017098028,-0.049290735,5053,5053,0,6
2130055075,2130054753,3932170,3932170,2.6576688e-05,-4.7950443e-06,3.8091316e-06,-0.0009618786,-0.0016932384,-0.048896674,5010,5010,0,6
2130555287,2130554982,3932170,3932170,2.2119593e-05,-3.6857518e-06,1.675125e-06,-0.00082246354,-0.0018573425,-0.04888,5001,5001,0,6
2131055572,2131055220,3932170,3932170,2.6831101e-05,-1.0996388e-06,-9.927851e-06,-0.0010269103,-0.0016852309,-0.048773028,5002,5002,0,6
2131555822,2131555459,3932170,3932170,2.3044086e-05,-3.7506659e-06,-1.020158e-06,-0.0009127335,-0.0017336651,-0.0488306,5003,5003,0,6
2132051075,2132050760,3932170,3932170,1.7508222e-05,-8.027625e-06,-6.4294663e-06,-0.0008270295,-0.0016733971,-0.049490307,5067,5067,0,6
2132551242,2132550932,3932170,3932170,2.3369917e-05,-1.0551124e-05,-2.627079e-06,-0.0008868977,-0.0017060209,-0.048770007,5000,5000,0,6
2133051484,2133051170,3932170,3932170,2.5047384e-05,-8.992385e-06,-5.9468366e-06,-0.0010170246,-0.0017302711,-0.048927244,5000,5000,0,6
2133551775,2133551405,3932170,3932170,2.7482654e-05,-7.709679e-06,-1.7134063e-07,-0.0008401284,-0.0016597521,-0.048834883,4994,4994,0,6
2134051956,2134051647,3932170,3932170,2.3489165e-05,-7.4146533e-06,-5.419134e-06,-0.0010356503,-0.0017643112,-0.048850123,5004,5004,0,6
2134557195,2134556886,3932170,3932170,2.3445917e-05,-4.143698e-06,4.034197e-07,-0.0010406955,-0.0017064129,-0.048821043,5001,5001,0,6
2135057467,2135057129,3932170,3932170,2.3176832e-05,-1.0591816e-05,1.1199761e-07,-0.0010300254,-0.0016387365,-0.048970733,5006,5006,0,6
2135552677,2135552359,3932170,3932170,1.8384535e-05,-5.3783165e-06,-8.661939e-07,-0.0009218412,-0.0016568449,-0.048907604,5002,5002,0,6
2136052921,2136052603,3932170,3932170,1.4636839e-05,-9.430826e-06,2.7816964e-06,-0.0009876139,-0.0016745945,-0.048994895,5007,5007,0,6
2136553193,2136552835,3932170,3932170,1.604764e-05,-6.688472e-06,2.5165914e-06,-0.00095370185,-0.0017296716,-0.048862845,5004,5004,0,6
2137053457,2137053071,3932170,3932170,1.7415166e-05,-7.860547e-06,-2.8975846e-06,-0.0008989259,-0.0016896053,-0.048786603,5001,5001,0,6
2137553632,2137553309,3932170,3932170,2.3172408e-05,-1.2984784e-05,1.7094164e-06,-0.0010063708,-0.001695623,-0.04882005,5003,5003,0,6
2138053860,2138053547,3932170,3932170,2.0154792e-05,-1.989917e-06,2.4849865e-06,-0.0009109188,-0.0017791791,-0.0488604,5003,5003,0,6
2138554187,2138553784,3932170,3932170,2.1711568e-05,-5.582296e-06,-6.938709e-07,-0.001003046,-0.0017779788,-0.048745815,5001,5001,0,6
2139054393,2139054048,3932170,3932170,2.1297887e-05,-1.0574866e-05,-4.8759753e-06,-0.0010155614,-0.0016604499,-0.049207646,5029,5029,0,6
2139554571,2139554258,3932170,3932170,2.4485667e-05,-6.7604087e-06,-4.308174e-06,-0.0010433472,-0.0017816675,-0.04893806,5003,5003,0,6
2140054902,2140054495,3932170,3932170,2.1393733e-05,-2.1517358e-06,-3.902474e-06,-0.00088642834,-0.0016573138,-0.048873916,5003,5003,0,6
2140555048,2140554733,3932170,3932170,1.6785376e-05,-7.2439097e-06,-8.737625e-06,-0.0008653054,-0.0016037284,-0.048466638,4958,4958,0,6
2141055288,2141054969,3932170,3932170,2.057681e-05,-7.5747e-06,-2.112924e-06,-0.0009072118,-0.0017508816,-0.04887714,5002,5002,0,6
2141555564,2141555205,3932170,3932170,2.2885824e-05,-3.8053645e-06,4.722031e-06,-0.00102922,-0.0016315237,-0.048882753,5001,5001,0,6
2142055765,2142055443,3932170,3932170,2.0706839e-05,-9.687333e-06,1.333168e-06,-0.0008875182,-0.0017741234,-0.04888767,5000,5000,0,6
2142551050,2142550678,3932170,3932170,2.5204688e-05,-6.2613917e-06,-3.2154117e-06,-0.00091650645,-0.0016032598,-0.048749756,5001,5001,0,6
2143051219,2143050914,3932170,3932170,1.7748858e-05,-7.237046e-06,-7.163264e-06,-0.0010639644,-0.0016636875,-0.04884394,4995,4995,0,6
2143551475,2143551152,3932170,3932170,2.5213014e-05,-7.861575e-06,1.7099103e-06,-0.00094317104,-0.0017527967,-0.048643794,4980,4980,0,6
2144051726,2144051401,3932170,3932170,1.5329959e-05,-1.3085475e-05,-8.414228e-06,-0.0009868181,-0.0017628334,-0.048930876,5015,5015,0,6
2144556950,2144556636,3932170,3932170,1.6365524e-05,-9.580503e-06,-9.1783595e-06,-0.0010557644,-0.0017447299,-0.04895922,5013,5013,0,6
2145052215,2145051860,3932170,3932170,2.1053978e-05,-5.4752204e-06,-7.4115505e-06,-0.0008748926,-0.0016283039,-0.048993915,5003,5003,0,6
2145557454,2145557099,3932170,3932170,2.3511988e-05,-8.883999e-06,6.793569e-06,-0.00094051816,-0.001623952,-0.048808586,5002,5002,0,6
2146052654,2146052333,3932170,3932170,1.4360748e-05,-4.163325e-06,-2.7384394e-06,-0.0009528219,-0.0017124108,-0.048830364,5002,5002,0,6
2146552880,2146552569,3932170,3932170,1.3057762e-05,-3.9435577e-06,-1.8366879e-06,-0.0010677852,-0.0016752933,-0.048940785,5003,5003,0,6
2147053119,2147052805,3932170,3932170,2.5556561e-05,-9.303864e-06,-3.822384e-06,-0.0010556845,-0.0016054412,-0.04876708,4996,4996,0,6
2147553429,2147553042,3932170,3932170,2.850549e-05,-4.0727446e-06,-8.437266e-07,-0.0010304005,-0.0018669142,-0.048818618,5003,5003,0,6
2148053598,2148053278,3932170,3932170,2.2028873e-05,-1.4100568e-05,-5.3091964e-07,-0.0009205336,-0.0018061476,-0.048917316,5003,5003,0,6
2148553873,2148553514,3932170,3932170,2.334473e-05,-7.0486603e-06,-1.0331826e-05,-0.0010065121,-0.0016693331,-0.04890974,5002,5002,0,6
2149054130,2149053750,3932170,3932170,2.179212e-05,-7.2191897e-06,2.7175406e-07,-0.0010075003,-0.0016423193,-0.04897982,5003,5003,0,6
2149554298,2149553985,3932170,3932170,1.4724211e-05,-7.892739e-06,-1.6597094e-06,-0.00093504705,-0.0015324665,-0.048913296,5001,5001,0,6
2150054575,2150054221,3932170,3932170,1.216638e-05,-1.461092e-06,-3.769749e-06,-0.00094647787,-0.0016359976,-0.048856117,5002,5002,0,6
2150554820,2150554456,3932170,3932170,1.8855426e-05,-4.0869063e-06,-3.9466668e-06,-0.0008579902,-0.0016946177,-0.048807226,5002,5002,0,6
2151055003,2151054693,3932170,3932170,1.9969324e-05,-4.6133114e-06,1.9348365e-06,-0.0008766713,-0.0016958084,-0.0488042,5002,5002,0,6
2151555239,2151554929,3932170,3932170,2.2706523e-05,-8.270793e-06,-9.992284e-07,-0.00089171645,-0.0017500246,-0.04893425,5001,5001,0,6
2152055563,2152055168,3932170,3932170,2.3496419e-05,-7.6274478e-06,-2.9026432e-06,-0.0008497996,-0.001723305,-0.04890631,5006,5006,0,6
2152555716,2152555400,3932170,3932170,2.5126403e-05,-7.1906175e-07,1.5820461e-06,-0.0008939917,-0.0016827583,-0.04885775,5003,5003,0,6
2153051004,2153050644,3932170,3932170,1.8575214e-05,-1.1215314e-05,-6.219299e-06,-0.0010495806,-0.0016879424,-0.048984423,5009,5009,0,6
2153551180,2153550868,3932170,3932170,1.4971199e-05,-8.272467e-06,8.438633e-07,-0.00095743075,-0.001667853,-0.04881659,5002,5002,0,6
2154051420,2154051103,3932170,3932170,2.5364081e-05,-1.4626426e-05,7.444775e-06,-0.0009359137,-0.0018054611,-0.048869185,4999,4999,0,6
2154551706,2154551340,3932170,3932170,2.328117e-05,-1.7337375e-06,-4.4389135e-06,-0.0010050187,-0.0016788038,-0.048946824,5004,5004,0,6
2155051899,2155051574,3932170,3932170,2.1356056e-05,-1.1607438e-08,2.6217324e-06,-0.00095097284,-0.0017239581,-0.04889947,5002,5002,0,6
2155557148,2155556819,3932170,3932170,2.2311438e-05,-1.2389185e-05,-2.0355176e-06,-0.0009527732,-0.0017402933,-0.048879344,5010,5010,0,6
2156057464,2156057062,3932170,3932170,1.8046892e-05,-1.31648785e-05,-2.596757e-06,-0.00100561,-0.0017809562,-0.049012553,5018,5018,0,6
2156552595,2156552279,3932170,3932170,1.9377956e-05,-1.4838296e-06,3.3071954e-06,-0.0009817126,-0.0016412424,-0.048996154,5002,5002,0,6
2157052837,2157052516,3932170,3932170,2.2540677e-05,-7.1912145e-06,2.7527517e-06,-0.0009871894,-0.0016682951,-0.048872173,5004,5004,0,6
2157553119,2157552751,3932170,3932170,1.7854067e-05,-7.1568224e-06,-2.53321e-07,-0.0009799178,-0.001625233,-0.04884911,5004,5004,0,6
2158053310,2158052985,3932170,3932170,1.7815228e-05,-9.213116e-06,-1.6901128e-06,-0.0010758764,-0.0017655541,-0.048729084,4994,4994,0,6
2158553533,2158553220,3932170,3932170,1.9486526e-05,-9.976087e-06,-2.184128e-07,-0.00093109277,-0.0017955035,-0.04882371,5003,5003,0,6
2159053776,2159053454,3932170,3932170,2.5040283e-05,-9.461211e-06,-5.963218e-07,-0.0008294081,-0.0017788132,-0.048882052,5001,5001,0,6
2159554059,2159553691,3932170,3932170,2.3636945e-05,-4.8525635e-06,-1.2343576e-06,-0.0010006347,-0.0016844876,-0.048888605,5003,5003,0,6
2160054237,2160053925,3932170,3932170,1.6409853e-05,-1.1165138e-05,-1.2148452e-06,-0.00096668035,-0.0017279824,-0.048819955,5003,5003,0,6
2160554475,2160554160,3932170,3932170,2.0771458e-05,-5.2135533e-06,1.7907573e-06,-0.0010561667,-0.0017152396,-0.048932612,5004,5004,0,6
2161054805,2161054399,3932170,3932170,1.5530988e-05,-2.5825625e-07,-3.6335587e-06,-0.00092901353,-0.0017332803,-0.048937786,5007,5007,0,6
2161554948,2161554634,3932170,3932170,2.2458915e-05,-2.6001208e-06,-1.6388445e-06,-0.000976707,-0.0017582644,-0.048842978,5000,5000,0,6
2162055170,2162054863,3932170,3932170,2.2535374e-05,-1.3127504e-05,2.4733722e-06,-0.0010521492,-0.0017458353,-0.048767984,4995,4995,0,6
2162555449,2162555096,3932170,3932170,2.793781e-05,-8.645725e-06,-5.175912e-06,-0.0009035794,-0.0016032289,-0.048862774,5001,5001,0,6
2163055655,2163055332,3932170,3932170,2.4910029e-05,-6.222766e-06,1.1888603e-06,-0.0009200459,-0.0017875474,-0.048872385,5003,5003,0,6
2163550927,2163550563,3932170,3932170,2.6880414e-05,-9.278592e-06,2.3481243e-07,-0.0009545497,-0.0016877266,-0.0489162,5002,5002,0,6
2164051176,2164050804,3932170,3932170,1.8167224e-05,-1.1681825e-05,1.0866439e-06,-0.0009801635,-0.0016692928,-0.04889138,5008,5008,0,6
2164551344,2164551033,3932170,3932170,2.3185523e-05,1.7705557e-06,1.1436139e-06,-0.0008836669,-0.0016211291,-0.048895303,5004,5004,0,6
2165051638,2165051272,3932170,3932170,2.1211094e-05,-9.480089e-06,-8.5790646e-07,-0.00088656484,-0.0015513882,-0.049034316,5007,5007,0,6
2165556875,2165556504,3932170,3932170,1.894252e-05,-6.92164e-06,-1.155532e-06,-0.0009615094,-0.0018008882,-0.048966054,5003,5003,0,6
2166057058,2166056736,3932170,3932170,1.4941017e-05,1.0078279e-06,6.8920413e-06,-0.0009588465,-0.0017739931,-0.048671704,4979,4979,0,6
2166557335,2166557014,3932170,3932170,3.0091229e-05,-3.1702766e-06,1.2747971e-07,-0.0009276389,-0.0017647698,-0.049041525,5012,5012,0,6
2167052510,2167052202,3932170,3932170,2.0565694e-05,-1.1512741e-06,1.963589e-06,-0.0010295615,-0.001696374,-0.04879615,5000,5000,0,6
2167552755,2167552436,3932170,3932170,1.9450767e-05,-4.2371908e-06,9.16861e-06,-0.0010397658,-0.0017603849,-0.048902538,5000,5000,0,6
2168053107,2168052671,3932170,3932170,2.8024526e-05,-9.259942e-06,4.9680734e-06,-0.0010073634,-0.0018161898,-0.048860665,5002,5002,0,6
2168553271,2168552955,3932170,3932170,1.9160114e-05,-6.6283e-06,2.0737516e-06,-0.0009425513,-0.001733217,-0.049319018,5053,5053,0,6
2169053449,2169053138,3932170,3932170,1.8786415e-05,-3.621534e-06,-9.179033e-06,-0.0009301387,-0.0017344136,-0.04889812,5002,5002,0,6
2169553695,2169553372,3932170,3932170,2.14734e-05,-1.2369129e-06,4.3976875e-06,-0.0008710281,-0.001644394,-0.048923194,5002,5002,0,6
2170053918,2170053607,3932170,3932170,2.581781e-05,-2.0991777e-06,-2.9396176e-06,-0.0010346747,-0.0017249368,-0.0488883,5003,5003,0,6
2170554203,2170553840,3932170,3932170,1.8427454e-05,6.4779385e-07,-2.2434622e-06,-0.00092869037,-0.0017899787,-0.04888347,5000,5000,0,6
2171054387,2171054073,3932170,3932170,1.8900239e-05,-5.842925e-06,-3.4689688e-06,-0.0009612489,-0.0017541843,-0.048916705,5001,5001,0,6
2171554678,2171554306,3932170,3932170,1.6756567e-05,-6.4549326e-06,-3.979049e-06,-0.0010046384,-0.0017437092,-0.048780628,5002,5002,0,6
2172054890,2172054540,3932170,3932170,2.3431765e-05,-3.0945312e-06,7.2015964e-06,-0.0008341169,-0.001677891,-0.048923507,5002,5002,0,6
2172555080,2172554774,3932170,3932170,2.2258318e-05,-4.9007886e-06,-4.656954e-06,-0.00091865304,-0.0016717414,-0.048980683,5000,5000,0,6
2173055402,2173055018,3932170,3932170,1.554242e-05,-5.214731e-06,5.7597863e-06,-0.00094256434,-0.0015525363,-0.04906723,5013,5013,0,6
2173555563,2173555240,3932170,3932170,2.1893764e-05,-1.0716402e-05,-8.142607e-06,-0.000926707,-0.001596849,-0.04887974,5002,5002,0,6
2174050885,2174050473,3932170,3932170,1.5576503e-05,-6.799696e-06,2.0220464e-06,-0.000991001,-0.001804607,-0.048885986,4998,4998,0,6
2174551022,2174550706,3932170,3932170,2.2837328e-05,-1.7370372e-05,5.932326e-07,-0.00089935056,-0.0017013699,-0.048877545,5003,5003,0,6
2175051303,2175050943,3932170,3932170,1.7061882e-05,-6.0052316e-06,-4.4144413e-06,-0.000919756,-0.0017970545,-0.04886596,5008,5008,0,6
2175551560,2175551170,3932170,3932170,1.1250104e-05,-1.3873714e-05,3.4279747e-06,-0.0009828251,-0.0017805848,-0.04882595,5001,5001,0,6
2176051720,2176051404,3932170,3932170,2.1681286e-05,-3.7876366e-06,-7.2058106e-06,-0.0008631349,-0.0017485674,-0.048839755,5002,5002,0,6
2176556962,2176556639,3932170,3932170,2.3044138e-05,-2.5774125e-06,-9.064615e-06,-0.0010443622,-0.0017577728,-0.048852187,4998,4998,0,6
2177057231,2177056872,3932170,3932170,1.6405162e-05,-5.660243e-06,4.574799e-09,-0.000990246,-0.0017821555,-0.048940144,5001,5001,0,6
2177552410,2177552103,3932170,3932170,2.5649637e-05,-1.036481e-05,4.765294e-06,-0.00091721787,-0.0017537959,-0.048976403,5001,5001,0,6
2178052649,2178052335,3932170,3932170,1.8674735e-05,-5.9732497e-06,2.3334517e-06,-0.0009542546,-0.0017848256,-0.048464376,4952,4952,0,6
2178552912,2178552595,3932170,3932170,1.36078825e-05,-4.6403225e-06,5.9174554e-06,-0.00090529537,-0.0018248981,-0.049168315,5027,5027,0,6
2179053122,2179052802,3932170,3932170,1.8339568e-05,-3.6291567e-06,-3.0341657e-06,-0.00090230955,-0.0016502325,-0.048717216,4999,4999,0,6
2179553346,2179553034,3932170,3932170,1.1439406e-05,-9.938687e-05,0.00012246871,-0.00032640807,-0.0015375607,-0.049871087,5002,5002,0,6
2180053660,2180053286,3932170,3932170,0.00040092715,0.00014164529,-0.0006557408,-0.0025234995,-0.0011528371,-0.048622135,5021,5021,0,6
2180553823,2180553499,3932170,3932170,4.4652434e-06,0.00016024814,-0.00013006733,0.00039899017,-0.0015503489,-0.048139106,5001,5001,0,6
2181054043,2181053732,3932170,3932170,0.0002514235,-0.00012781828,0.00033664465,-0.0009914533,-0.0017051589,-0.050008062,5002,5002,0,6
2181554282,2181553965,3932170,3932170,-0.00023937115,-0.00034373027,-0.00020770603,-0.001370615,-0.0024625186,-0.048828267,5000,5000,0,6
2182054509,2182054197,3932170,3932170,1.929201e-05,4.9971542e-05,0.0002096971,-0.002765439,-0.003172347,-0.051394835,5001,5001,0,6
2182554794,2182554430,3932170,3932170,5.9777364e-07,3.0796225e-05,-8.488129e-05,-0.0009588046,0.0003036041,-0.046567127,5003,5003,0,6
2183054981,2183054663,3932170,3932170,-0.00014313826,0.000101522965,-3.161196e-05,0.0011254695,-0.0029815922,-0.048515126,4980,4980,0,6
2183555257,2183554896,3932170,3932170,9.878656e-05,-0.00014350469,0.00031747005,-0.00046191947,-0.0016233096,-0.046725433,5004,5004,0,6
2184055466,2184055130,3932170,3932170,-0.00036144175,-0.00012423699,-0.00048761867,-0.0015446342,-0.0016676505,-0.051341593,5005,5005,0,6
2184550778,2184550358,3932170,3932170,-3.1750817e-05,-8.0739235e-05,0.0002289797,-0.0028358186,-0.0010982545,-0.047126696,5004,5004,0,6
2185050904,2185050588,3932170,3932170,-0.00019901583,9.336456e-05,-0.00041358278,-0.00050835544,-0.0008553851,-0.04950437,5002,5002,0,6
2185551131,2185550820,3932170,3932170,-2.092468e-05,4.5874935e-05,0.00030477432,0.0022390997,-0.0021222269,-0.047134362,5001,5001,0,6
2186051452,2186051053,3932170,3932170,0.000121841855,-4.80301e-05,-0.00026978532,-0.0011139747,-0.0012539835,-0.04853164,5003,5003,0,6
2186556661,2186556287,3932170,3932170,0.00012316127,7.27148e-05,-0.00043920733,-0.0025952673,-0.0012863956,-0.050364204,5003,5003,0,6
2187056841,2187056520,3932170,3932170,5.4411354e-05,-0.000100543,0.00021938806,-0.00014038701,-0.00087852636,-0.047173303,5005,5005,0,6
2187557061,2187556750,3932170,3932170,6.3784864e-05,-4.8328635e-05,9.881289e-05,-0.0005693224,-0.0024367694,-0.04951741,5003,5003,0,6
2188052290,2188051979,3932170,3932170,8.065248e-05,-0.0002907483,-8.549464e-05,-0.001546109,-0.0014041434,-0.045157857,5003,5003,0,6
2188552562,2188552210,3932170,3932170,-1.1481458e-06,6.811298e-05,-1.8649574e-05,-0.0020598667,-0.0017910022,-0.04935631,5001,5001,0,6
2189052807,2189052444,3932170,3932170,0.0002415881,7.3777184e-05,6.60845e-05,-0.0021196415,-0.00031313905,-0.051026084,5006,5006,0,6
2189552990,2189552672,3932170,3932170,-8.718293e-05,-8.027314e-05,-0.00014977637,0.00087989046,-0.0013012371,-0.04751085,5001,5001,0,6
2190053267,2190052906,3932170,3932170,8.8890025e-05,-0.00022766911,0.0003301856,-0.0009624448,-0.003610629,-0.050509125,4968,4968,0,6
2190553461,2190553152,3932170,3932170,0.00011609962,-2.9948036e-05,-0.0002217966,-0.0030895572,7.623009e-05,-0.050463997,5019,5019,0,6
2191053725,2191053364,3932170,3932170,6.414871e-05,0.00021563025,9.6207594e-05,0.0001688179,-0.0024657554,-0.04983808,5001,5001,0,6
2191553913,2191553596,3932170,3932170,0.00040456676,-1.1064022e-05,0.00042679688,-0.00049717084,-0.002567945,-0.048408557,4984,4984,0,6
2192054133,2192053825,3932170,3932170,-7.6646545e-05,-0.000107084175,-0.00028217892,-0.00043855965,-0.003064367,-0.051769968,5002,5002,0,6
2192554372,2192554055,3932170,3932170,-0.00019826826,2.9537012e-05,0.0001638352,-0.0028144065,-0.0020069825,-0.048529234,5001,5001,0,6
2193054608,2193054286,3932170,3932170,9.217465e-05,0.00030925544,0.00021087649,-0.0012234561,0.00037099366,-0.048777338,5003,5003,0,6
2193554834,2193554516,3932170,3932170,0.00024014643,-0.00015064084,-0.00019320246,0.0010284228,-0.0026273048,-0.0538404,5003,5003,0,6
2194055156,2194054746,3932170,3932170,-0.0002498045,-0.000102392085,0.0003081757,5.1616204e-05,-0.0025069385,-0.04500068,5004,5004,0,6
2194555284,2194554974,3932170,3932170,-0.0002041221,-7.098962e-05,-6.50496e-05,-0.00090146554,-0.0015220627,-0.047699116,5002,5002,0,6
2195050563,2195050200,3932170,3932170,-1.0970814e-05,-6.3318315e-05,-5.3839776e-05,-0.0011286371,-0.0020645224,-0.049501374,5002,5002,0,6
2195550760,2195550429,3932170,3932170,2.9172104e-05,-8.133131e-06,1.9806135e-05,-0.0010757175,-0.0016816136,-0.048845243,5002,5002,0,6
2196051021,2196050658,3932170,3932170,1.9653564e-05,-4.34064e-06,-4.2519655e-06,-0.0009852403,-0.0017000682,-0.048863184,5001,5001,0,6
2196556250,2196555889,3932170,3932170,1.7106198e-05,-4.0585983e-06,-5.3846024e-06,-0.0009849954,-0.0017255129,-0.04882027,5002,5002,0,6
2197056524,2197056118,3932170,3932170,1.803645e-05,-5.0643434e-06,5.8657014e-07,-0.0009759627,-0.0016860191,-0.04879045,5003,5003,0,6
2197556678,2197556349,3932170,3932170,2.4263742e-05,2.1643252e-06,-1.1610983e-06,-0.00092462654,-0.0017151325,-0.04890057,5003,5003,0,6
2198056900,2198056577,3932170,3932170,8.176522e-06,-8.972255e-06,2.9125003e-06,-0.00086449936,-0.001784907,-0.048752934,5006,5006,0,6
2198552121,2198551800,3932170,3932170,1.8878973e-05,-2.6788425e-06,-8.483733e-07,-0.00095943024,-0.0016707274,-0.048854683,5000,5000,0,6
2199052384,2199052070,3932170,3932170,2.3685681e-05,-8.601028e-06,-4.772442e-06,-0.00092065247,-0.0018483181,-0.04924193,5045,5045,0,6
2199552615,2199552254,3932170,3932170,2.1089141e-05,2.4845317e-06,4.292304e-07,-0.0008819722,-0.0017661037,-0.048824083,5001,5001,0,6
2200052807,2200052481,3932170,3932170,1.9643514e-05,7.239472e-08,-5.533902e-06,-0.0009993132,-0.0017576558,-0.04891315,5003,5003,0,6
2200553080,2200552708,3932170,3932170,1.050439e-05,-8.7556855e-06,-2.5059378e-06,-0.0010106055,-0.0016181846,-0.04877987,5001,5001,0,6
2201053302,2201052935,3932170,3932170,2.1150569e-05,-6.1355363e-06,-1.900348e-06,-0.0010572688,-0.001723618,-0.048827495,5002,5002,0,6
2201553503,2201553166,3932170,3932170,1.6593656e-05,-3.7803277e-06,-4.065199e-06,-0.00096058164,-0.00168079,-0.048348755,4955,4955,0,6
2202053752,2202053389,3932170,3932170,1.9530966e-05,-4.997629e-06,5.9956697e-06,-0.0008925494,-0.0017470698,-0.048435118,4955,4955,0,6
2202553968,2202553657,3932170,3932170,1.3677739e-05,-7.0598617e-06,-8.4627465e-07,-0.0010188881,-0.001708818,-0.049192317,5045,5045,0,6
2203054158,2203053842,3932170,3932170,2.1133745e-05,-4.3650375e-06,-5.7686093e-06,-0.0009660806,-0.0017257411,-0.048906025,5002,5002,0,6
2203554384,2203554067,3932170,3932170,1.561657e-05,-5.000577e-06,-4.2232055e-06,-0.0009798976,-0.0017508735,-0.048920427,5003,5003,0,6
2204054606,2204054292,3932170,3932170,2.021163e-05,-1.2877647e-05,-1.0069457e-06,-0.0010890487,-0.001651315,-0.048874866,5002,5002,0,6
2204554889,2204554518,3932170,3932170,1.5387615e-05,-1.04500905e-05,-1.0919427e-06,-0.0009518804,-0.0015736504,-0.048821904,5001,5001,0,6
2205055070,2205054745,3932170,3932170,1.8146473e-05,-1.1430841e-05,-2.6392888e-07,-0.000991906,-0.0017110802,-0.048981994,5004,5004,0,6
2205550289,2205549967,3932170,3932170,2.2690152e-05,-1.4264468e-05,-6.453853e-07,-0.0009747501,-0.0017309603,-0.048825946,5001,5001,0,6
2206050561,2206050192,3932170,3932170,1.2195706e-05,-6.1843725e-06,6.148334e-06,-0.0010607966,-0.0016688487,-0.04881329,5001,5001,0,6
2206555748,2206555421,3932170,3932170,1.5750084e-05,-6.541929e-06,-3.2428147e-06,-0.0009790086,-0.0016542813,-0.04879857,5002,5002,0,6
2207055963,2207055645,3932170,3932170,1.737405e-05,-6.731014e-06,-6.7061987e-06,-0.00095506484,-0.0016953729,-0.04886183,5004,5004,0,6
2207556231,2207555868,3932170,3932170,2.2739288e-05,-9.318812e-06,-2.7487008e-06,-0.0009241823,-0.0017365447,-0.048801634,5000,5000,0,6
2208056409,2208056093,3932170,3932170,1.835603e-05,-8.173795e-06,4.635489e-06,-0.0009283163,-0.0017517604,-0.04890869,5003,5003,0,6
2208556678,2208556317,3932170,3932170,1.6871405e-05,-4.4748604e-06,-3.3711783e-06,-0.0008729348,-0.0017592754,-0.048813164,5000,5000,0,6
2209051915,2209051540,3932170,3932170,1.3347494e-05,-1.4596354e-05,-6.698971e-06,-0.00102396,-0.0015634558,-0.048952337,5003,5003,0,6
2209552103,2209551787,3932170,3932170,1.4523646e-05,-7.486015e-06,5.104468e-06,-0.00088376785,-0.0017334478,-0.04908102,5026,5026,0,6
2210052352,2210051989,3932170,3932170,2.1145608e-05,-1.0149661e-05,-1.7866105e-06,-0.0009644179,-0.0016417624,-0.049014945,5004,5004,0,6
2210552533,2210552211,3932170,3932170,1.160582e-05,5.600813e-09,3.653838e-06,-0.00083321566,-0.001601856,-0.04881521,5001,5001,0,6
2211052772,2211052435,3932170,3932170,1.687554e-05,-8.987123e-06,4.3949512e-06,-0.00094397826,-0.00161021,-0.048884463,5002,5002,0,6
2211553018,2211552659,3932170,3932170,2.024791e-05,-7.829729e-06,-3.094353e-06,-0.0010266735,-0.0017273059,-0.048832465,5002,5002,0,6
2212053200,2212052883,3932170,3932170,1.2718364e-05,-8.507124e-06,3.4148532e-06,-0.000953745,-0.0016667646,-0.048963793,5002,5002,0,6
2212553419,2212553106,3932170,3932170,2.3153394e-05,-6.1466612e-06,1.6740971e-06,-0.00097572175,-0.0017021688,-0.048845243,5001,5001,0,6
2213053689,2213053329,3932170,3932170,1.8615496e-05,-7.808558e-06,-2.0144016e-06,-0.0010481306,-0.0017344751,-0.048890054,5002,5002,0,6
2213553868,2213553552,3932170,3932170,1.624218e-05,-1.3809984e-05,-2.260114e-06,-0.0010453966,-0.0015588778,-0.048838392,5002,5002,0,6
2214054136,2214053776,3932170,3932170,1.5368278e-05,-3.4293078e-06,2.7466722e-06,-0.0010209563,-0.0017620713,-0.04882269,5003,5003,0,6
2214554350,2214553999,3932170,3932170,1.3357922e-05,-6.225999e-06,-8.123836e-06,-0.0008470763,-0.0016368167,-0.048837285,5001,5001,0,6
2215054535,2215054222,3932170,3932170,1.7604974e-05,-6.8100703e-06,4.484164e-06,-0.00097270706,-0.0016922252,-0.04891937,5002,5002,0,6
2215554811,2215554445,3932170,3932170,1.9871222e-05,-9.223357e-06,-3.2929079e-06,-0.0009859392,-0.0017205086,-0.04843642,4962,4962,0,6
2216050032,2216049665,3932170,3932170,1.6002112e-05,-1.0999203e-05,-3.456055e-07,-0.0009937953,-0.001732019,-0.04899524,5003,5003,0,6
2216555208,2216554890,3932170,3932170,1.4379565e-05,-1.1639262e-06,2.1199257e-06,-0.0010150085,-0.00184979,-0.04895524,5001,5001,0,6
2217055431,2217055111,3932170,3932170,1.385654e-05,-3.8885637e-06,-9.814199e-06,-0.0009563474,-0.0015286346,-0.048182838,4934,4934,0,6
2217555656,2217555333,3932170,3932170,2.499622e-05,-2.9914327e-06,1.9652548e-06,-0.0010210371,-0.0016222165,-0.04884043,5002,5002,0,6
2218055912,2218055556,3932170,3932170,1.4755474e-05,-2.990431e-06,2.545461e-07,-0.0009963285,-0.0017012171,-0.048931718,5003,5003,0,6
2218556093,2218555777,3932170,3932170,1.4465776e-05,7.6193464e-07,-1.5268187e-06,-0.00087214087,-0.0016085734,-0.048832458,5002,5002,0,6
2219056309,2219055999,3932170,3932170,2.0641395e-05,-5.9292142e-06,-1.052541e-05,-0.00094496465,-0.0016305762,-0.04878717,4987,4987,0,6
2219551545,2219551221,3932170,3932170,1.1834501e-05,-8.267325e-06,6.0219054e-06,-0.0009127948,-0.0015259677,-0.048512302,4964,4964,0,6
2220051763,2220051442,3932170,3932170,1.16182755e-05,5.7116097e-07,-1.24168e-06,-0.0010299862,-0.0015464928,-0.048905294,5003,5003,0,6
2220552065,2220551664,3932170,3932170,-0.00056943967,6.393319e-05,-0.0004406497,-0.0012339283,0.0016200816,-0.04941695,4999,4999,0,6
2221052265,2221051944,3932170,3932170,1.9313713e-05,-7.3836716e-05,-0.00044676213,-0.001529295,-0.0019508903,-0.05209425,5061,5061,0,6
2221552416,2221552105,3932170,3932170,-0.000112530885,-0.00014926646,0.00023384967,-0.0013033961,-0.0025021571,-0.04611324,5000,5000,0,6
2222052694,2222052327,3932170,3932170,-0.0001363536,-2.6067491e-05,-0.000100308054,-0.002993074,-0.0016245878,-0.051783744,4997,4997,0,6
2222552927,2222552554,3932170,3932170,0.00029350154,-4.9082784e-05,-7.8048714e-07,-0.00013691757,-0.00045682065,-0.047150087,5008,5008,0,6
2223053094,2223052773,3932170,3932170,2.0295764e-05,4.3361448e-05,0.00021927517,0.0009877065,-0.0024707515,-0.04676723,5001,5001,0,6
2223553346,2223552990,3932170,3932170,0.0002631675,-0.00017255024,-0.000113844806,-0.0008912408,-0.0032152312,-0.05158276,5001,5001,0,6
2224053534,2224053212,3932170,3932170,-9.580296e-05,-0.00038728947,-2.7753124e-05,-0.0022030813,-0.0010583854,-0.045233153,4999,4999,0,6
2224553807,2224553433,3932170,3932170,0.00026460094,0.00021567894,0.00019396059,-0.0013606607,-0.00026184958,-0.047849216,5003,5003,0,6
2225054027,2225053654,3932170,3932170,0.00019647788,-9.2920985e-05,-0.00020198176,-0.0003333176,-0.0022949064,-0.052742183,5002,5002,0,6
2225554188,2225553875,3932170,3932170,-0.00014424913,-0.00020386066,0.00029853705,-0.0007088737,-0.0027744167,-0.047033887,5003,5003,0,6
2226054411,2226054094,3932170,3932170,-1.7886332e-05,9.512154e-05,-4.5702095e-07,-0.0027765406,-0.0016638398,-0.050439898,5001,5001,0,6
2226554686,2226554316,3932170,3932170,0.00016727069,3.774491e-05,-0.0001836046,-0.002527419,-0.0011629842,-0.050941356,5003,5003,0,6
2227054888,2227054560,3932170,3932170,7.046011e-05,5.1162857e-05,0.0003149207,0.00070891454,-0.00067476515,-0.04519685,5026,5026,0,6
2227555093,2227554757,3932170,3932170,0.00018284212,-1.0109216e-05,-0.0002390187,0.00058236095,-0.0016211941,-0.050246082,5002,5002,0,6
2228055327,2228054975,3932170,3932170,-0.00016765144,-0.00030693144,-0.00013884738,-0.00070465123,-0.0032102098,-0.04819352,5000,5000,0,6
2228555512,2228555196,3932170,3932170,-0.00016251985,0.000110197405,0.00012680955,-0.0013087622,-0.0015968683,-0.047714364,5003,5003,0,6
2229055736,2229055415,3932170,3932170,0.0005287238,0.00018591838,-0.00012609894,-0.001040249,-0.0017165178,-0.051193178,4999,4999,0,6
2229556050,2229555644,3932170,3932170,0.0002486274,-0.00014313412,0.00012732878,0.0008335366,-0.0018871945,-0.045194864,5005,5005,0,6
2230051170,2230050853,3932170,3932170,5.8443537e-05,-0.00031320725,0.0002441423,-0.0011160745,-0.0027483846,-0.05167539,4990,4990,0,6
2230551489,2230551085,3932170,3932170,-0.00021651736,-0.00017828893,-0.00031416243,-0.0012724487,-0.0019555541,-0.049879003,5016,5016,0,6
2231051606,2231051291,3932170,3932170,-7.801542e-05,0.00026777104,0.0002852161,-0.0015655685,-0.0015466148,-0.048427865,5003,5003,0,6
2231551823,2231551509,3932170,3932170,0.00017782675,0.00022848287,-0.00019069096,-0.0007211019,-0.00014663769,-0.048766118,5002,5002,0,6
2232052047,2232051729,3932170,3932170,2.1264417e-05,-0.00022740563,-2.3697374e-05,5.000314e-05,-0.0029217799,-0.046559036,5003,5003,0,6
2232557259,2232556949,3932170,3932170,-0.00025074597,-5.0853636e-05,0.00012460983,-0.0016060804,-0.0011031645,-0.04463374,5002,5002,0,6
2233057482,2233057167,3932170,3932170,0.0001437417,0.00032766614,-7.615278e-05,-0.00019347836,-0.0017859711,-0.052217327,4992,4992,0,6
2233552707,2233552384,3932170,3932170,4.3866195e-05,3.536761e-05,8.086148e-05,0.00022969539,-0.00097948,-0.04626952,5002,5002,0,6
2234052918,2234052601,3932170,3932170,-8.814596e-05,-6.518935e-07,0.00025997736,0.0001555044,-0.004094924,-0.050957106,5002,5002,0,6
2234553131,2234552821,3932170,3932170,2.8400798e-05,-0.00019141534,-1.9173223e-08,-0.002482067,-0.0006136202,-0.048465032,5003,5003,0,6
2235053398,2235053037,3932170,3932170,9.37687e-05,8.264528e-05,-8.626171e-05,-0.0015769886,-0.0011757193,-0.046591826,5001,5001,0,6
2235553632,2235553254,3932170,3932170,3.6204332e-05,-2.0081397e-05,2.3968452e-05,-0.0015748317,-0.001379684,-0.04943307,5001,5001,0,6
2236053870,2236053472,3932170,3932170,-1.7677869e-05,-2.907531e-05,-2.183509e-05,-0.0009833715,-0.0018853096,-0.049061872,5003,5003,0,6
2236554008,2236553691,3932170,3932170,7.1023837e-06,-9.098761e-06,9.411719e-06,-0.0007509687,-0.001722484,-0.04887484,5003,5003,0,6
2237054287,2237053908,3932170,3932170,1.526283e-05,-7.821537e-06,1.0374507e-06,-0.00095915183,-0.001703147,-0.04885914,5002,5002,0,6
2237554471,2237554125,3932170,3932170,1.1981654e-05,-5.2600585e-06,-4.2915003e-06,-0.0009680734,-0.0017377281,-0.04896014,5005,5005,0,6
2238054663,2238054340,3932170,3932170,1.6865793e-05,-5.579692e-06,-5.809544e-07,-0.000933003,-0.0017865462,-0.048909217,5004,5004,0,6
2238554966,2238554554,3932170,3932170,5.8752435e-06,-1.0196084e-05,-1.3295237e-06,-0.0009902663,-0.001709607,-0.048849083,5002,5002,0,6
2239055087,2239054772,3932170,3932170,8.682359e-06,-1.8818557e-06,2.2172044e-06,-0.00096147606,-0.001625424,-0.04886295,5003,5003,0,6
2239555296,2239554986,3932170,3932170,1.4619616e-05,-9.207668e-06,-1.9889337e-06,-0.0010645466,-0.0015632523,-0.04884295,5002,5002,0,6
2240055562,2240055201,3932170,3932170,7.0182855e-06,-8.240097e-06,-1.8129546e-06,-0.0009774475,-0.0015868857,-0.048822865,5000,5000,0,6
2240550733,2240550414,3932170,3932170,8.1934595e-06,-2.6699033e-06,6.811357e-06,-0.0009382703,-0.0017069235,-0.048815895,5001,5001,0,6
2241050993,2241050636,3932170,3932170,1.9158386e-05,-1.9254105e-06,1.3235211e-06,-0.0009538761,-0.0017050676,-0.04883632,5003,5003,0,6
2241551156,2241550845,3932170,3932170,2.3564986e-05,-1.0321003e-06,-1.7200224e-06,-0.00095957716,-0.0015968553,-0.048818015,5001,5001,0,6
2242051413,2242051060,3932170,3932170,1.5255489e-05,7.122369e-06,2.36037e-06,-0.0010268807,-0.0016313143,-0.048754085,5003,5003,0,6
2242556588,2242556278,3932170,3932170,2.0177578e-05,-1.4678783e-05,3.1091731e-06,-0.0010374965,-0.0017395617,-0.048772067,5004,5004,0,6
2243056857,2243056491,3932170,3932170,1.4033468e-05,-1.8608163e-06,-4.3141952e-07,-0.0009278786,-0.0015958081,-0.048894014,5003,5003,0,6
2243557017,2243556705,3932170,3932170,1.154816e-05,-3.2248101e-06,2.7967637e-06,-0.0008495819,-0.0017512956,-0.048813406,5001,5001,0,6
2244052287,2244051922,3932170,3932170,1.4271083e-05,-2.7634997e-06,5.6699546e-06,-0.0009675776,-0.0016666149,-0.04882857,5008,5008,0,6
2244552529,2244552135,3932170,3932170,1.3671931e-05,-1.2278467e-05,6.4119163e-06,-0.0009170938,-0.0017356508,-0.0488671,5007,5007,0,6
2245052723,2245052352,3932170,3932170,1.1762461e-05,-3.0465517e-06,2.5805937e-06,-0.00094330084,-0.0015467984,-0.04886168,5010,5010,0,6
2245552902,2245552571,3932170,3932170,1.1670788e-05,3.1817133e-06,5.603151e-06,-0.0010054231,-0.0016837893,-0.04894039,5013,5013,0,6
2246053088,2246052771,3932170,3932170,1.3259801e-05,-1.01626765e-05,-1.7871864e-06,-0.0010376128,-0.0016003912,-0.048823547,5000,5000,0,6
2246553313,2246552987,3932170,3932170,1.1214152e-05,-1.4123158e-06,9.3201487e-07,-0.0009958803,-0.0017016194,-0.0489121,5005,5005,0,6
2247053549,2247053197,3932170,3932170,1.3304216e-05,-6.8734003e-06,8.614003e-07,-0.0010906915,-0.001647912,-0.04875068,5001,5001,0,6
2247553740,2247553417,3932170,3932170,1.0242282e-05,-1.042097e-05,6.0486395e-06,-0.0008619548,-0.0015997324,-0.048928898,5010,5010,0,6
2248053980,2248053623,3932170,3932170,1.6456672e-05,-1.3891828e-05,-1.7280531e-06,-0.00096319034,-0.0017169497,-0.0487415,5002,5002,0,6
2248554195,2248553834,3932170,3932170,1.1407746e-05,-4.7767007e-06,-2.6756192e-07,-0.0008866146,-0.0016353406,-0.048780028,5002,5002,0,6
2249054383,2249054057,3932170,3932170,1.2528544e-05,-3.9127247e-07,-3.5793369e-06,-0.00088715926,-0.0017289736,-0.049044695,5012,5012,0,6
2249554568,2249554259,3932170,3932170,2.4677875e-05,-2.3408616e-06,-2.1237004e-06,-0.0010725227,-0.0016272414,-0.04881681,4995,4995,0,6
2250054786,2250054471,3932170,3932170,1.345243e-05,1.2709997e-06,-7.685232e-07,-0.000977696,-0.0017228617,-0.048842162,5001,5001,0,6
2250549996,2250549682,3932170,3932170,6.329037e-06,-1.1275447e-05,-4.713303e-06,-0.0009680308,-0.0016772021,-0.04869862,5000,5000,0,6
2251050214,2251049895,3932170,3932170,7.792209e-06,-1.0448985e-05,1.6734463e-06,-0.0010699029,-0.001604634,-0.048884176,5003,5003,0,6
2251555425,2251555108,3932170,3932170,1.6242708e-05,2.7404346e-06,-2.5310976e-06,-0.0010087303,-0.0016372807,-0.04885148,5003,5003,0,6
2252055691,2252055318,3932170,3932170,5.9067133e-06,-1.0298213e-06,3.1136756e-06,-0.0010222244,-0.0015198162,-0.048866566,5001,5001,0,6
2252555881,2252555528,3932170,3932170,1.089004e-05,-7.391007e-07,7.618111e-07,-0.0009728242,-0.0015920852,-0.048720457,4997,4997,0,6
2253056062,2253055741,3932170,3932170,1.106057e-05,-5.3185026e-06,-2.690534e-06,-0.0009381342,-0.0017099887,-0.048778944,5001,5001,0,6
2253556313,2253555951,3932170,3932170,1.2353129e-05,-3.8264698e-06,-4.609131e-07,-0.0009948107,-0.0016177428,-0.048877053,5001,5001,0,6
2254051468,2254051159,3932170,3932170,7.735877e-06,2.793577e-06,-6.873295e-06,-0.0009168357,-0.0016457746,-0.048849586,5002,5002,0,6
2254551743,2254551370,3932170,3932170,1.6027203e-05,-1.3953982e-06,-3.3488735e-07,-0.0010711775,-0.001682236,-0.048904292,5002,5002,0,6
2255051901,2255051581,3932170,3932170,6.7069395e-06,-1.2077631e-05,-2.998275e-06,-0.0010877256,-0.0017028573,-0.04873373,4996,4996,0,6
2255552107,2255551791,3932170,3932170,1.3531159e-05,-8.3914365e-06,-2.6106907e-06,-0.0009869117,-0.001702041,-0.048846822,5002,5002,0,6
2256052419,2256052002,3932170,3932170,1.7013346e-05,-3.852147e-06,-7.389307e-06,-0.0010812805,-0.0017003667,-0.04877019,5003,5003,0,6
2256552579,2256552213,3932170,3932170,1.0343433e-05,-7.3225574e-06,-2.440819e-06,-0.0010952493,-0.0015704846,-0.048771434,5004,5004,0,6
2257052743,2257052422,3932170,3932170,1.18939e-05,-1.0317615e-05,-2.1238923e-06,-0.00092974043,-0.0017093326,-0.048849445,5003,5003,0,6
2257552996,2257552643,3932170,3932170,8.588676e-06,-4.107038e-06,3.7225593e-07,-0.0010254809,-0.0015730102,-0.048832566,5008,5008,0,6
2258053161,2258052843,3932170,3932170,1.0536774e-05,-8.126381e-07,-4.36345e-07,-0.00090156484,-0.0017627272,-0.048852924,5003,5003,0,6
2258553369,2258553052,3932170,3932170,1.15034645e-05,6.0793496e-07,8.430653e-06,-0.0010070873,-0.0015993012,-0.04899023,5002,5002,0,6
2259053632,2259053263,3932170,3932170,1.550504e-05,-6.5149125e-06,-5.2568275e-06,-0.0011145541,-0.0017482998,-0.04872862,4996,4996,0,6
2259553841,2259553521,3932170,3932170,6.7846413e-06,-1.1778341e-05,-4.7268145e-06,-0.00096549635,-0.0016510229,-0.049389638,5051,5051,0,6
2260054043,2260053681,3932170,3932170,8.55107e-06,-2.4215426e-06,3.7132259e-07,-0.0010584441,-0.0016038176,-0.048870735,5003,5003,0,6
2260554263,2260553892,3932170,3932170,8.607551e-06,-6.1881947e-06,1.9236174e-06,-0.0009765982,-0.0017348918,-0.048871618,5003,5003,0,6
2261054421,2261054104,3932170,3932170,9.876306e-06,-9.100308e-06,2.7918334e-06,-0.0009051598,-0.0016183818,-0.049006637,5007,5007,0,6
2261554656,2261554308,3932170,3932170,6.822218e-06,-1.130164e-06,-5.248563e-06,-0.000934209,-0.0017866503,-0.048837442,5002,5002,0,6
2262054867,2262054545,3932170,3932170,3.8657977e-06,-2.3260948e-06,-9.575003e-07,-0.00093783956,-0.0016524601,-0.04865286,4983,4983,0,6
2262555041,2262554726,3932170,3932170,1.1027227e-05,-6.091051e-06,-1.0417813e-06,-0.0010519996,-0.0017523414,-0.04884287,5001,5001,0,6
2263055293,2263054938,3932170,3932170,8.814977e-06,-5.0398494e-06,-4.284152e-06,-0.0009345105,-0.0016272464,-0.048775338,4999,4999,0,6
2263555525,2263555143,3932170,3932170,1.45863305e-05,-1.9748795e-06,-1.7963883e-06,-0.0010192444,-0.001734899,-0.04887669,5001,5001,0,6
2264055678,2264055354,3932170,3932170,1.2875257e-05,-6.269693e-06,-1.9023162e-06,-0.0010111845,-0.0017077371,-0.048915196,5004,5004,0,6
2264555884,2264555561,3932170,3932170,1.6418808e-05,-2.963792e-06,-4.193378e-06,-0.00094240357,-0.0016171396,-0.048968066,5002,5002,0,6
2265051075,2265050768,3932170,3932170,1.5261494e-05,1.2914346e-06,-1.7668245e-06,-0.0010700766,-0.0015386121,-0.048841696,5003,5003,0,6
2265551296,2265550975,3932170,3932170,1.0477098e-05,-4.7431645e-06,1.1829444e-06,-0.0009380877,-0.0015498863,-0.04882328,5002,5002,0,6
2266051494,2266051183,3932170,3932170,5.3654976e-06,-6.5376e-06,-1.5992414e-06,-0.0008827909,-0.0015487276,-0.048936386,5000,5000,0,6
2266551828,2266551459,3932170,3932170,1.2438464e-05,-7.904765e-06,-5.8782334e-06,-0.0009720629,-0.001744283,-0.049527943,5064,5064,0,6
2267051914,2267051600,3932170,3932170,1.357636e-05,-4.3264777e-06,-1.3145675e-06,-0.00095274986,-0.0015453162,-0.048782814,4993,4993,0,6
2267557170,2267556810,3932170,3932170,1.7866212e-05,-1.1866508e-05,5.0427107e-06,-0.0010983606,-0.0017156008,-0.04881867,5002,5002,0,6
2268057369,2268057039,3932170,3932170,1.0833209e-05,-8.885711e-06,-3.916554e-06,-0.0010268254,-0.0015876631,-0.049123332,5023,5023,0,6
2268552599,2268552224,3932170,3932170,4.643446e-06,-5.7458064e-06,2.0372806e-06,-0.0010051945,-0.0015719502,-0.04889378,4999,4999,0,6
2269052809,2269052433,3932170,3932170,1.3304548e-05,-6.457169e-06,-3.7843472e-06,-0.00096359575,-0.001681723,-0.04890729,5004,5004,0,6
2269553005,2269552640,3932170,3932170,1.4079766e-05,-9.184045e-06,4.3939804e-06,-0.00096009916,-0.0017422669,-0.048897672,5003,5003,0,6
2270053161,2270052847,3932170,3932170,1.4540132e-05,-2.3009427e-06,2.0062646e-06,-0.0009964429,-0.0016181868,-0.04878582,5001,5001,0,6
2270553363,2270553055,3932170,3932170,8.866448e-06,-7.585351e-06,5.4939466e-07,-0.0009834212,-0.0015892395,-0.048918348,5003,5003,0,6
2271053642,2271053268,3932170,3932170,5.712529e-06,-5.5709024e-06,-2.2462661e-06,-0.0009610064,-0.0017002712,-0.048924297,5008,5008,0,6
2271553791,2271553470,3932170,3932170,1.475792e-05,-2.8682355e-06,-5.3860285e-06,-0.0010316795,-0.0016485441,-0.04881426,5003,5003,0,6
2272054039,2272053681,3932170,3932170,1.095206e-05,-1.0589701e-05,4.424731e-06,-0.00091130537,-0.001656494,-0.04893496,5005,5005,0,6
2272554281,2272553886,3932170,3932170,5.807825e-06,-7.1433587e-06,1.8517984e-06,-0.0009868382,-0.0015804938,-0.048855875,5002,5002,0,6
2273054409,2273054092,3932170,3932170,1.4335808e-05,-6.9338616e-06,5.1944326e-06,-0.0010670823,-0.0015865301,-0.048756436,5000,5000,0,6
2273554618,2273554299,3932170,3932170,1.3304306e-05,-8.341536e-06,2.0964062e-06,-0.0010357955,-0.0016020689,-0.04892224,5001,5001,0,6
2274054898,2274054511,3932170,3932170,6.1600404e-06,-8.554655e-06,-6.76068e-07,-0.0011199741,-0.001579385,-0.048888255,5007,5007,0,6
2274555037,2274554715,3932170,3932170,1.8023204e-05,-1.09831635e-05,-9.072261e-08,-0.0009628609,-0.0017781847,-0.048419014,4954,4954,0,6
2275055255,2275054922,3932170,3932170,1.00770485e-05,-8.431214e-06,-1.2946178e-06,-0.0010654748,-0.0015919885,-0.048849683,5003,5003,0,6
2275550437,2275550126,3932170,3932170,4.5784286e-06,-4.3783084e-06,-2.1357182e-06,-0.001074356,-0.0015930921,-0.048968226,5003,5003,0,6
2276050658,2276050332,3932170,3932170,1.6861584e-05,-9.37164e-06,-5.880971e-07,-0.0010433028,-0.0015790827,-0.04892407,5002,5002,0,6
2276555862,2276555541,3932170,3932170,7.796604e-06,-5.313771e-06,4.9258147e-06,-0.0010906667,-0.0016920168,-0.048925173,5002,5002,0,6
2277056119,2277055751,3932170,3932170,1.5276875e-05,-6.7634287e-06,-1.2338114e-06,-0.0010272595,-0.0016637801,-0.04888604,5004,5004,0,6
2277556296,2277555956,3932170,3932170,8.130116e-06,-5.151301e-06,-7.6114895e-07,-0.00090160465,-0.0016340391,-0.048690405,4976,4976,0,6
2278056470,2278056161,3932170,3932170,6.4107616e-07,-1.8954415e-06,-2.590247e-06,-0.0010144566,-0.0016161321,-0.048902348,5000,5000,0,6
2278556739,2278556368,3932170,3932170,1.5208723e-05,-2.6894504e-06,-1.0663641e-06,-0.0010643579,-0.001771392,-0.04880514,5001,5001,0,6
2279051892,2279051573,3932170,3932170,8.723235e-06,-5.1491725e-06,4.450049e-06,-0.00096208625,-0.0016799904,-0.048434302,4946,4946,0,6
2279552156,2279551836,3932170,3932170,5.5266405e-06,-5.698235e-06,5.7415223e-06,-0.0010319042,-0.00181049,-0.049574014,5059,5059,0,6
2280052307,2280051985,3932170,3932170,1.376959e-05,-4.024758e-06,-8.091559e-06,-0.0009982046,-0.0015518806,-0.04833288,4958,4958,0,6
2280552514,2280552192,3932170,3932170,1.3922874e-05,5.3894246e-07,-5.1410498e-06,-0.0010111984,-0.0015593072,-0.048879586,5002,5002,0,6
2281052742,2281052417,3932170,3932170,1.1707403e-05,-1.2293558e-06,5.66978e-06,-0.0009820081,-0.0016577508,-0.049021713,5015,5015,0,6
2281552924,2281552606,3932170,3932170,5.5486174e-07,-6.1214623e-06,-2.5943928e-06,-0.0010275873,-0.0016581408,-0.048935566,5003,5003,0,6
2282053171,2282052811,3932170,3932170,3.2519233e-06,-4.490449e-06,-4.4507797e-07,-0.001030316,-0.0016674947,-0.04880756,5002,5002,0,6
2282553382,2282553018,3932170,3932170,1.0285433e-05,-8.1685075e-06,-4.2477927e-06,-0.0010197725,-0.0016020729,-0.04889064,5003,5003,0,6
2283053532,2283053223,3932170,3932170,8.049828e-06,-2.508665e-06,3.7419934e-06,-0.0010232134,-0.0016762239,-0.048886158,5001,5001,0,6
2283553745,2283553429,3932170,3932170,1.6524573e-05,-7.630086e-06,3.8491835e-06,-0.001041663,-0.001617913,-0.048846345,5000,5000,0,6
2284053956,2284053639,3932170,3932170,5.103659e-06,-8.869759e-06,4.7930967e-06,-0.0009665388,-0.0015647988,-0.048821658,4999,4999,0,6
2284554152,2284553841,3932170,3932170,9.723957e-06,-1.9605516e-06,4.159471e-07,-0.000922357,-0.0016616553,-0.048898224,5002,5002,0,6
2285054379,2285054052,3932170,3932170,5.704025e-06,-1.10998165e-07,-1.2345519e-05,-0.00096253445,-0.0016759543,-0.048892308,5007,5007,0,6
2285554577,2285554254,3932170,3932170,1.9224979e-05,-4.0956315e-06,2.514063e-06,-0.000913109,-0.0016078539,-0.048952095,5002,5002,0,6
2286049780,2286049459,3932170,3932170,1.071578e-05,-8.454159e-06,-1.0830074e-06,-0.00094529026,-0.0016215841,-0.048939127,5003,5003,0,6
2286555027,2286554666,3932170,3932170,1.06554935e-05,-2.9722182e-06,-1.4678059e-06,-0.0010574107,-0.001585008,-0.048779618,5002,5002,0,6
2287055187,2287054872,3932170,3932170,1.012457e-05,-7.4752625e-06,9.068205e-06,-0.0010035835,-0.0017300197,-0.04889974,5001,5001,0,6
2287555443,2287555077,3932170,3932170,4.1267967e-06,-9.662347e-06,-4.0208074e-06,-0.0009385223,-0.0016522402,-0.048846688,5001,5001,0,6
2288055600,2288055283,3932170,3932170,6.6082907e-06,-9.274958e-07,-3.936835e-06,-0.0010310123,-0.0016789442,-0.04884637,5002,5002,0,6
2288555802,2288555488,3932170,3932170,5.6754843e-06,-1.5348235e-06,-1.168576e-06,-0.0009968654,-0.0015825311,-0.048900794,5000,5000,0,6
2289056066,2289055696,3932170,3932170,2.9769378e-06,-2.5122763e-06,-3.402439e-06,-0.00092739955,-0.0016915727,-0.048779517,4988,4988,0,6
2289551280,2289550961,3932170,3932170,1.15139e-05,5.2782474e-07,-4.3660453e-09,-0.000977404,-0.0016922426,-0.04937574,5065,5065,0,6
2290051462,2290051104,3932170,3932170,1.5882404e-05,-6.45658e-06,-1.076193e-05,-0.0010727359,-0.0016429068,-0.04883782,5002,5002,0,6
2290551621,2290551310,3932170,3932170,1.0939766e-05,-3.8084881e-06,-3.4270602e-06,-0.0010220612,-0.0016151571,-0.048974313,5000,5000,0,6
2291051824,2291051515,3932170,3932170,5.9971117e-06,-6.5745658e-06,2.7568706e-07,-0.0009992325,-0.0016571262,-0.04895772,5003,5003,0,6
2291557036,2291556722,3932170,3932170,7.034935e-06,-1.0405754e-05,-4.3533705e-06,-0.00096788444,-0.0016198207,-0.04884437,5000,5000,0,6
2292052236,2292051926,3932170,3932170,8.369861e-06,-4.3043624e-06,-1.5452828e-06,-0.00097186817,-0.0016295731,-0.048822626,5001,5001,0,6
2292557456,2292557135,3932170,3932170,4.831062e-06,5.17021e-07,-1.862618e-06,-0.0010037249,-0.0016900249,-0.048933335,5004,5004,0,6
2293057659,2293057339,3932170,3932170,1.091553e-05,-6.551846e-06,-3.767475e-06,-0.00097278977,-0.0016911569,-0.048855744,5003,5003,0,6
2293552852,2293552542,3932170,3932170,7.544023e-06,-2.4729627e-06,-1.7007743e-07,-0.0009078639,-0.0015996705,-0.04895721,5002,5002,0,6
2294053096,2294052787,3932170,3932170,5.050669e-06,-5.027375e-06,1.6662777e-07,-0.0010904522,-0.0017244557,-0.0491687,5040,5040,0,6
2294553318,2294552954,3932170,3932170,1.0407198e-05,-2.1846784e-06,8.3438084e-07,-0.0009242414,-0.0017269076,-0.048903223,5003,5003,0,6
2295053475,2295053159,3932170,3932170,1.3807402e-05,4.1313806e-06,-2.6908056e-06,-0.0009792027,-0.0016234614,-0.04888964,5004,5004,0,6
2295553690,2295553364,3932170,3932170,8.013288e-06,-4.521718e-06,6.173285e-07,-0.00096835266,-0.0016828099,-0.048274737,4945,4945,0,6
2296053936,2296053568,3932170,3932170,1.2975288e-05,1.7787015e-06,1.993012e-06,-0.0010460371,-0.0015928352,-0.04887116,5002,5002,0,6
2296554091,2296553774,3932170,3932170,9.448835e-06,-7.2758007e-06,-3.2786966e-06,-0.0010253228,-0.0016734656,-0.048949704,5003,5003,0,6
2297054336,2297053981,3932170,3932170,5.349174e-06,-8.09875e-06,6.703066e-07,-0.0009226032,-0.0016496548,-0.04884734,5002,5002,0,6
2297554533,2297554184,3932170,3932170,1.4395427e-05,-2.7912927e-06,7.1726236e-06,-0.0009679662,-0.0016842409,-0.0490006,5002,5002,0,6
2298054721,2298054389,3932170,3932170,1.3803479e-05,1.3632687e-06,3.8681965e-06,-0.00080941553,-0.0016563754,-0.048816092,5000,5000,0,6
2298554928,2298554602,3932170,3932170,7.846925e-06,-1.0490538e-05,9.431611e-06,-0.0010427267,-0.0016659845,-0.04887501,5008,5008,0,6
2299055198,2299054800,3932170,3932170,1.0970888e-05,-3.359115e-06,3.3073634e-06,-0.0011975839,-0.0016096899,-0.048923068,4999,4999,0,6
2299555375,2299555004,3932170,3932170,8.045759e-06,-4.1741882e-06,-1.9656986e-06,-0.0009932899,-0.0015954381,-0.04887622,5000,5000,0,6
2300050554,2300050241,3932170,3932170,1.184664e-06,2.061559e-06,4.6323785e-06,-0.0009027183,-0.0017663823,-0.049196694,5036,5036,0,6
2300550781,2300550413,3932170,3932170,5.2027417e-07,1.4644602e-06,-1.0663401e-06,-0.0010542138,-0.0015856081,-0.048892047,5003,5003,0,6
2301050982,2301050617,3932170,3932170,1.5129417e-05,-1.1887055e-05,-5.8800906e-06,-0.0009133408,-0.0017223065,-0.04873654,4987,4987,0,6
2301556142,2301555825,3932170,3932170,1.9460824e-05,-9.4012275e-06,-4.7250414e-06,-0.0010263068,-0.0016112665,-0.048747674,5000,5000,0,6
2302056393,2302056074,3932170,3932170,8.187642e-06,-9.149772e-07,-1.2291852e-06,-0.0009681947,-0.0017245972,-0.04903528,5012,5012,0,6
2302556548,2302556234,3932170,3932170,1.4815752e-05,-2.6910302e-06,1.7087605e-06,-0.0011310816,-0.0016763622,-0.048827697,5001,5001,0,6
2303056808,2303056439,3932170,3932170,9.931252e-06,-8.258089e-06,1.5326877e-06,-0.0011837735,-0.0016501223,-0.048925664,5002,5002,0,6
2303551962,2303551643,3932170,3932170,1.3438679e-05,-3.8116386e-06,3.1799404e-06,-0.0010168572,-0.0017225697,-0.048802383,4998,4998,0,6
2304052162,2304051847,3932170,3932170,5.6238764e-06,-2.42599e-06,-2.1151627e-06,-0.00090141234,-0.0015857947,-0.048874393,5002,5002,0,6
2304552369,2304552051,3932170,3932170,1.9841336e-05,-3.3352294e-06,6.5055324e-06,-0.00096969906,-0.0016639717,-0.04886736,5002,5002,0,6
2305052685,2305052266,3932170,3932170,9.560034e-06,-1.0731055e-05,9.406122e-07,-0.0009954639,-0.001729337,-0.04901619,5012,5012,0,6
2305552835,2305552461,3932170,3932170,5.7900775e-06,-2.2356835e-06,7.969371e-08,-0.0010953576,-0.0017985643,-0.048915375,5002,5002,0,6
2306052981,2306052666,3932170,3932170,1.1623726e-05,-1.0804937e-05,3.5742275e-06,-0.00091917784,-0.0017310162,-0.049040593,5001,5001,0,6
2306553285,2306552874,3932170,3932170,8.667414e-06,-8.115625e-06,-6.035656e-06,-0.0009410514,-0.001613498,-0.048884958,5005,5005,0,6
2307053384,2307053075,3932170,3932170,5.617507e-06,-1.04358e-05,1.1186755e-06,-0.0010789062,-0.001663638,-0.0488412,5001,5001,0,6
2307553601,2307553280,3932170,3932170,2.5871987e-06,-7.073654e-06,8.8680035e-06,-0.00095811684,-0.0017790264,-0.048639502,4971,4971,0,6
2308053851,2308053484,3932170,3932170,1.1829743e-05,-6.96958e-06,-4.681081e-06,-0.0009215616,-0.0017388146,-0.048832517,4997,4997,0,6
2308554009,2308553691,3932170,3932170,1.3187748e-05,5.758686e-07,-6.871748e-07,-0.00090295525,-0.001731963,-0.048916433,5003,5003,0,6
2309054213,2309053897,3932170,3932170,1.1450339e-05,2.2570094e-07,-1.699994e-06,-0.0009818297,-0.0016709002,-0.048940353,5004,5004,0,6
2309554506,2309554101,3932170,3932170,7.672894e-06,-1.05162135e-05,-5.5697988e-06,-0.0010002529,-0.0017666689,-0.048989687,5005,5005,0,6
2310054625,2310054304,3932170,3932170,8.863987e-06,-6.7612677e-06,9.2794187e-07,-0.001109904,-0.0017768828,-0.048918463,5003,5003,0,6
2310549865,2310549505,3932170,3932170,7.5000094e-06,-7.49552e-06,-6.3699567e-06,-0.0009371285,-0.0016264124,-0.048828203,5002,5002,0,6
2311055114,2311054713,3932170,3932170,1.0655602e-05,-6.3974853e-06,-1.176919e-06,-0.00090509123,-0.0017220274,-0.048717674,4997,4997,0,6
2311555237,2311554921,3932170,3932170,1.1118528e-05,-6.8885684e-06,1.6208928e-06,-0.0010584678,-0.0017244208,-0.048909903,5006,5006,0,6
2312055499,2312055177,3932170,3932170,1.1045062e-05,3.0223423e-06,3.3915867e-06,-0.0010673233,-0.001714936,-0.04941404,5056,5056,0,6
2312555725,2312555326,3932170,3932170,4.0976192e-06,-1.0213552e-06,-3.4711993e-06,-0.00094002107,-0.0016530122,-0.048842188,5003,5003,0,6
2313055846,2313055532,3932170,3932170,1.0083849e-05,-3.1154905e-06,-3.2979171e-06,-0.0010144912,-0.0016974307,-0.048992638,5004,5004,0,6
2313556081,2313555735,3932170,3932170,1.102019e-05,-9.242238e-06,3.4533225e-06,-0.0009757826,-0.0016263378,-0.048939444,5002,5002,0,6
2314056309,2314055940,3932170,3932170,8.885971e-06,-1.8774582e-06,1.1456636e-06,-0.00098282,-0.0016313116,-0.048894864,5003,5003,0,6
2314551467,2314551141,3932170,3932170,8.389484e-06,-2.6970483e-06,-1.8972995e-06,-0.0010696242,-0.0016466097,-0.048910636,5000,5000,0,6
2315051749,2315051385,3932170,3932170,2.43142e-06,-9.741031e-06,-3.4944221e-06,-0.0010027563,-0.0016571609,-0.04911131,5039,5039,0,6
2315551868,2315551550,3932170,3932170,9.0791e-06,-2.590088e-06,3.1836862e-06,-0.001071324,-0.0016139859,-0.048850704,5002,5002,0,6
2316052095,2316051756,3932170,3932170,4.4608523e-06,-5.313091e-06,-3.5645144e-06,-0.0010401992,-0.0017129406,-0.048841562,4999,4999,0,6
2316552402,2316551960,3932170,3932170,1.0478391e-05,-1.4347811e-06,-2.884347e-06,-0.0010539523,-0.0016874998,-0.048817664,4999,4999,0,6
2317057575,2317057168,3932170,3932170,1.0323962e-05,3.9800934e-06,3.5183086e-06,-0.0011103617,-0.0017207405,-0.048933707,5004,5004,0,6
2317552703,2317552369,3932170,3932170,3.629165e-06,-2.8973861e-06,1.6870854e-06,-0.0010306438,-0.0016903566,-0.0489204,5001,5001,0,6
2318052935,2318052572,3932170,3932170,1.0230994e-05,-5.5433925e-06,5.0552203e-06,-0.000969524,-0.0014966583,-0.048880212,5002,5002,0,6
2318553088,2318552778,3932170,3932170,4.3165373e-06,-8.125027e-06,-3.5464523e-06,-0.0009615649,-0.0016452948,-0.04891304,4998,4998,0,6
2319053344,2319053030,3932170,3932170,1.7696944e-05,-8.331352e-06,-3.4733666e-06,-0.0010053014,-0.0016485607,-0.049169835,5041,5041,0,6
2319553589,2319553186,3932170,3932170,1.4906912e-05,-6.207717e-06,4.871651e-06,-0.0010812327,-0.0016773097,-0.048864804,5003,5003,0,6
2320053721,2320053392,3932170,3932170,4.85598e-06,-5.951859e-06,-5.8450346e-06,-0.0010714385,-0.0016964985,-0.048977826,5004,5004,0,6
2320553924,2320553597,3932170,3932170,8.497044e-06,-8.65274e-07,-3.8308713e-06,-0.0010142884,-0.0017548387,-0.048452325,4964,4964,0,6
2321054180,2321053800,3932170,3932170,1.0539339e-05,-5.8493774e-06,-3.3154554e-06,-0.0010357157,-0.0016976062,-0.048920732,5002,5002,0,6
2321554327,2321554003,3932170,3932170,1.0220892e-05,1.1423938e-06,9.888126e-06,-0.00095686794,-0.0016531349,-0.048801307,5000,5000,0,6
2322054535,2322054207,3932170,3932170,4.81054e-06,-1.2232657e-05,-1.4410847e-07,-0.0009285716,-0.0016204597,-0.048939206,5001,5001,0,6
2322554738,2322554411,3932170,3932170,7.70898e-06,-1.2524812e-05,-1.1268871e-06,-0.0008455054,-0.0017292664,-0.048884325,5002,5002,0,6
2323054958,2323054620,3932170,3932170,1.6920758e-05,-5.965376e-06,2.867933e-06,-0.000990247,-0.0015981329,-0.04889928,5006,5006,0,6
2323555141,2323554823,3932170,3932170,1.4251854e-05,-7.6010074e-06,-4.9407035e-06,-0.001005718,-0.0015508999,-0.048730236,4992,4992,0,6
2324055404,2324055029,3932170,3932170,1.3394356e-05,-1.4252937e-06,4.5006213e-06,-0.0009816432,-0.0016526681,-0.04890148,5007,5007,0,6
2324550596,2324550228,3932170,3932170,1.7071065e-05,-6.7198107e-06,-3.7586615e-06,-0.00089600065,-0.0016784362,-0.048995607,5004,5004,0,6
2325050756,2325050438,3932170,3932170,1.9547413e-05,-4.601388e-06,2.3427442e-06,-0.0009045851,-0.0016726417,-0.049054783,5009,5009,0,6
2325551059,2325550639,3932170,3932170,1.35395885e-05,2.5148172e-06,-4.537374e-07,-0.0011295192,-0.0017040242,-0.048717253,4992,4992,0,6
2326056158,2326055842,3932170,3932170,5.222113e-06,-9.715603e-06,-1.921508e-06,-0.0009155711,-0.0016665763,-0.048927315,5002,5002,0,6
2326556372,2326556047,3932170,3932170,5.2839464e-06,-5.827577e-06,1.4654851e-06,-0.0010619075,-0.0017630763,-0.0488991,5002,5002,0,6
2327056629,2327056252,3932170,3932170,-2.0494026e-07,-9.968677e-06,-6.3782186e-06,-0.001030774,-0.0016284323,-0.048942078,5003,5003,0,6
2327556846,2327556456,3932170,3932170,1.3393617e-05,-4.791113e-06,-5.128944e-06,-0.0009639072,-0.0015803445,-0.048898544,5004,5004,0,6
2328051963,2328051657,3932170,3932170,8.042508e-06,-2.3108485e-06,-3.2138226e-07,-0.00096618297,-0.001627998,-0.0488433,5003,5003,0,6
2328552232,2328551862,3932170,3932170,9.455915e-06,-8.264402e-06,-4.1203502e-06,-0.0010155345,-0.0016008801,-0.04889434,5002,5002,0,6
2329052376,2329052065,3932170,3932170,-3.2798037e-06,-9.311013e-07,3.2874502e-06,-0.00093832205,-0.0016213957,-0.04880917,5003,5003,0,6
2329552586,2329552269,3932170,3932170,1.4931825e-05,-7.47973e-06,-3.6662768e-06,-0.0008889,-0.0017280055,-0.048892006,5001,5001,0,6
2330052854,2330052473,3932170,3932170,1.4848415e-05,-5.047515e-06,2.1804042e-06,-0.0010306624,-0.0015501946,-0.048999764,5002,5002,0,6
2330558047,2330557680,3932170,3932170,1.365636e-05,-3.1663262e-06,-1.4435713e-06,-0.0010782669,-0.0016563341,-0.048922736,4996,4996,0,6
2331058201,2331057886,3932170,3932170,9.091209e-06,-5.3737026e-06,3.5736332e-06,-0.00088733144,-0.0017406944,-0.048957955,5004,5004,0,6
2331553444,2331553085,3932170,3932170,9.978508e-06,-8.29799e-06,-7.9121725e-07,-0.0009005879,-0.0015464833,-0.04892269,5001,5001,0,6
2332053623,2332053289,3932170,3932170,9.266007e-06,2.3859973e-06,-4.0379077e-06,-0.0010389879,-0.0016239185,-0.04883252,5001,5001,0,6
2332553820,2332553494,3932170,3932170,3.2607813e-06,-9.229747e-06,1.3252911e-06,-0.0010176157,-0.0016157371,-0.04893427,5002,5002,0,6
2333054077,2333053703,3932170,3932170,1.6127111e-05,-9.664645e-06,-2.889336e-06,-0.0010327892,-0.0016407142,-0.049070314,5006,5006,0,6
2333554219,2333553902,3932170,3932170,1.7051736e-05,-7.72241e-06,-4.0305395e-06,-0.0010467531,-0.001681648,-0.04891767,5002,5002,0,6
2334054426,2334054106,3932170,3932170,2.119559e-05,-2.4161016e-06,3.0422243e-06,-0.0009798463,-0.0017074123,-0.048928387,5000,5000,0,6
2334554676,2334554310,3932170,3932170,-1.0797921e-06,-9.780013e-07,-4.2079064e-06,-0.0010717823,-0.001713196,-0.04894318,5002,5002,0,6
2335054881,2335054515,3932170,3932170,1.1660568e-05,1.2761213e-06,4.4647757e-07,-0.0010668857,-0.0015920651,-0.048880875,5002,5002,0,6
2335555082,2335554719,3932170,3932170,8.850382e-06,8.738179e-07,3.2720159e-06,-0.0011546478,-0.0016255763,-0.04893791,5003,5003,0,6
2336055313,2336054922,3932170,3932170,9.0918047e-07,-9.070317e-06,4.029809e-06,-0.000992032,-0.0015647634,-0.048993252,5002,5002,0,6
2336555470,2336555158,3932170,3932170,7.6267524e-06,-7.800377e-06,1.1812816e-06,-0.000989253,-0.001749713,-0.049183343,5032,5032,0,6
2337055646,2337055330,3932170,3932170,4.6432788e-06,-7.5383986e-07,-3.3206488e-06,-0.0009741951,-0.0015387898,-0.048860446,5000,5000,0,6
2337555896,2337555534,3932170,3932170,7.710583e-06,5.2640456e-08,-4.4697395e-06,-0.0010020899,-0.0016437613,-0.048912846,5002,5002,0,6
2338056053,2338055740,3932170,3932170,1.0086741e-05,-4.179719e-06,5.96561e-07,-0.0010596678,-0.0016156237,-0.048818696,5001,5001,0,6
2338551336,2338550940,3932170,3932170,1.1226127e-05,-1.1104361e-05,4.932669e-06,-0.0010180784,-0.0016515336,-0.048876423,5001,5001,0,6
2339051458,2339051143,3932170,3932170,1.3896e-05,-6.8818636e-06,-3.661788e-06,-0.00094801805,-0.0016657308,-0.048861984,5000,5000,0,6
2339551715,2339551351,3932170,3932170,8.577766e-06,-5.8851115e-06,-9.41476e-06,-0.0008908002,-0.0016025468,-0.048770297,4991,4991,0,6
2340051914,2340051552,3932170,3932170,1.1714386e-06,-4.9898217e-06,6.551721e-07,-0.0009689545,-0.0016109708,-0.048901092,5002,5002,0,6
2340552072,2340551755,3932170,3932170,6.3569883e-06,-5.513317e-06,-1.7037663e-06,-0.0010022768,-0.0016067345,-0.048820537,5002,5002,0,6
2341052271,2341051959,3932170,3932170,8.624883e-06,-6.393038e-06,3.506372e-06,-0.001029371,-0.0016697879,-0.048360806,4956,4956,0,6
2341557528,2341557165,3932170,3932170,9.06441e-06,-1.5399796e-06,-9.859714e-07,-0.0009700428,-0.0016198113,-0.04846638,4957,4957,0,6
2342052685,2342052367,3932170,3932170,8.466231e-06,2.9766213e-06,-8.1542083e-07,-0.0009614252,-0.001712516,-0.04877015,4988,4988,0,6
2342552879,2342552571,3932170,3932170,1.2231151e-05,3.5056241e-06,2.8122574e-06,-0.0009631838,-0.0015742228,-0.048255615,4947,4947,0,6
2343053139,2343052787,3932170,3932170,1.0585577e-05,-6.9271823e-06,-5.1889997e-06,-0.0009547911,-0.0017269561,-0.048924807,5009,5009,0,6
2343553337,2343552980,3932170,3932170,7.193524e-06,4.1599645e-07,4.711036e-06,-0.001007711,-0.0016905932,-0.048889097,5000,5000,0,6
2344053511,2344053185,3932170,3932170,1.650801e-05,-7.841463e-06,-4.796226e-07,-0.0010598226,-0.0016914448,-0.048891485,5005,5005,0,6
2344553710,2344553386,3932170,3932170,7.2137123e-06,-7.912261e-06,-5.0933777e-06,-0.0009810191,-0.0015849058,-0.048887517,5002,5002,0,6
2345053934,2345053590,3932170,3932170,1.4784468e-05,-1.3740563e-05,2.982781e-07,-0.0010042599,-0.0016776626,-0.048417058,4953,4953,0,6
2345554134,2345553795,3932170,3932170,7.935294e-06,-8.056983e-06,7.085678e-06,-0.0009741867,-0.0017273854,-0.04889812,5002,5002,0,6
2346054305,2346053998,3932170,3932170,1.9487201e-05,-6.6435123e-06,3.2683681e-06,-0.001017942,-0.0015398392,-0.048880134,5003,5003,0,6
2346554537,2346554202,3932170,3932170,1.1433147e-05,-1.1027464e-05,8.21843e-06,-0.0010112824,-0.0015919773,-0.049046848,5002,5002,0,6
2347054770,2347054405,3932170,3932170,1.2212699e-05,1.8880258e-06,-8.616402e-06,-0.0011107042,-0.0016110267,-0.04884071,5001,5001,0,6
2347554936,2347554609,3932170,3932170,6.145573e-06,-2.0390653e-06,-1.053513e-07,-0.0010647932,-0.0015046803,-0.048876528,5001,5001,0,6
2348055223,2348054822,3932170,3932170,8.810469e-06,-7.0536275e-06,2.8672496e-06,-0.00090683816,-0.0016319217,-0.049072146,5011,5011,0,6
2348555350,2348555023,3932170,3932170,8.740251e-06,-8.560619e-06,3.0111155e-06,-0.0010018059,-0.0015607913,-0.04886869,5006,5006,0,6
2349050537,2349050220,3932170,3932170,9.862146e-07,-5.359872e-07,-1.1590087e-06,-0.0010837574,-0.0015514889,-0.048824526,5004,5004,0,6
2349550778,2349550422,3932170,3932170,4.6491264e-06,-7.663091e-06,5.3529984e-06,-0.0010409267,-0.001633532,-0.04888657,5002,5002,0,6
2350050990,2350050631,3932170,3932170,1.11897925e-05,-5.850023e-06,3.3342474e-06,-0.00090699655,-0.0015933391,-0.048916303,5007,5007,0,6
2350556151,2350555832,3932170,3932170,7.4501363e-06,-4.3480195e-06,2.1780968e-06,-0.000976117,-0.0016849843,-0.04890113,5002,5002,0,6
2351056444,2351056036,3932170,3932170,1.5516849e-05,-6.3941484e-06,-5.116016e-06,-0.0010124358,-0.001649814,-0.048895296,5002,5002,0,6
2351556612,2351556239,3932170,3932170,4.4965923e-06,-1.0511545e-06,-4.3298764e-06,-0.0009016452,-0.0016074654,-0.04889591,5002,5002,0,6
2352056762,2352056449,3932170,3932170,1.1426279e-05,-3.158803e-06,4.198514e-06,-0.001009242,-0.0017040623,-0.04892588,5008,5008,0,6
2352551957,2352551645,3932170,3932170,1.1930526e-05,-2.927013e-06,5.315635e-06,-0.0010722685,-0.0015948073,-0.04883123,5002,5002,0,6
2353052207,2353051851,3932170,3932170,1.0753774e-05,-2.4714445e-06,1.2632873e-06,-0.0011811113,-0.0017361908,-0.048970796,5005,5005,0,6
2353552469,2353552051,3932170,3932170,6.1244086e-06,-1.0421503e-05,-1.231702e-06,-0.001004244,-0.0016055141,-0.049005352,5002,5002,0,6
2354052579,2354052262,3932170,3932170,8.461637e-06,-5.1183133e-06,-2.0299562e-06,-0.0009495077,-0.001753311,-0.049001787,5008,5008,0,6
2354552784,2354552458,3932170,3932170,1.1868381e-05,-7.834437e-06,-3.6582048e-07,-0.000990263,-0.0016556669,-0.048895165,5001,5001,0,6
2355053026,2355052663,3932170,3932170,1.5757676e-05,-5.778648e-06,-6.240358e-06,-0.0009280292,-0.0016019613,-0.048868015,5002,5002,0,6
2355553187,2355552867,3932170,3932170,7.878496e-06,-3.8408593e-06,-7.805989e-08,-0.0009581193,-0.001673042,-0.04887634,5001,5001,0,6
2356053382,2356053070,3932170,3932170,1.4320556e-05,-5.3838553e-06,-5.1072266e-06,-0.00093522656,-0.0015925752,-0.048888396,5002,5002,0,6
2356553726,2356553273,3932170,3932170,6.5780096e-06,-7.0408582e-06,1.0046504e-06,-0.001025507,-0.0018110701,-0.04886811,5001,5001,0,6
2357053796,2357053477,3932170,3932170,1.2553562e-06,-3.5950065e-06,-8.5213327e-07,-0.0009719667,-0.0016711318,-0.04888193,4999,4999,0,6
2357554042,2357553681,3932170,3932170,1.2963711e-05,-5.5656105e-06,4.0434593e-06,-0.0010245537,-0.0016093792,-0.048788827,5002,5002,0,6
2358054283,2358053884,3932170,3932170,1.2606636e-05,-1.0149553e-05,4.0302207e-06,-0.0009643512,-0.0016306413,-0.048947785,5000,5000,0,6
2358554406,2358554089,3932170,3932170,1.2589271e-05,-8.9007267e-07,8.671291e-06,-0.00090790767,-0.0017065933,-0.048809383,5003,5003,0,6
2359054615,2359054292,3932170,3932170,1.1070751e-05,-2.8212255e-06,4.9668247e-06,-0.0010293555,-0.0016770124,-0.04874098,4987,4987,0,6
2359554850,2359554495,3932170,3932170,1.1708406e-05,-6.96711e-06,-4.3517944e-06,-0.00087187666,-0.0017444396,-0.048932213,5000,5000,0,6
2360055011,2360054699,3932170,3932170,8.2524775e-06,9.132605e-07,-3.1325383e-06,-0.0010693332,-0.0017232067,-0.048888914,5001,5001,0,6
2360555220,2360554903,3932170,3932170,1.7194576e-05,-7.104885e-06,-5.984588e-06,-0.0010493662,-0.0016676957,-0.04892969,5002,5002,0,6
2361055471,2361055108,3932170,3932170,2.6822113e-06,-2.3962393e-06,-1.1157022e-06,-0.0009139005,-0.0017469382,-0.04880394,5004,5004,0,6
2361555632,2361555310,3932170,3932170,6.4207966e-06,-6.9033936e-06,2.5395857e-06,-0.0011071826,-0.0016909583,-0.04883876,5000,5000,0,6
2362055854,2362055515,3932170,3932170,9.008259e-06,-9.27512e-06,-3.869581e-06,-0.0011192514,-0.001677338,-0.04896275,5001,5001,0,6
2362556080,2362555721,3932170,3932170,1.03587045e-05,-1.3412938e-05,3.2069927e-06,-0.0009796845,-0.0016401212,-0.048917107,5004,5004,0,6
2363056287,2363055920,3932170,3932170,8.096022e-06,-5.4289912e-06,1.7012742e-06,-0.0010316418,-0.0017044375,-0.048881587,5001,5001,0,6
2363551515,2363551149,3932170,3932170,2.3091168e-06,-8.628815e-06,8.5040386e-07,-0.0010701232,-0.0017087772,-0.04930829,5029,5029,0,6
2364051650,2364051326,3932170,3932170,9.950696e-06,2.4542383e-06,-3.8279477e-06,-0.0010239659,-0.0016047365,-0.048878733,5002,5002,0,6
2364551890,2364551529,3932170,3932170,3.177741e-06,-2.7562824e-06,1.9690644e-06,-0.0009546193,-0.0016908227,-0.04869002,4998,4998,0,6
2365052086,2365051733,3932170,3932170,1.0073393e-05,-1.2632746e-06,-1.3065127e-06,-0.0011782937,-0.0016441337,-0.048948117,5002,5002,0,6
2365557258,2365556940,3932170,3932170,1.2536875e-05,-8.934582e-06,1.9598776e-06,-0.0010168349,-0.0015653706,-0.049006,5002,5002,0,6
2366057459,2366057142,3932170,3932170,4.3672976e-06,-5.861339e-08,7.0371533e-07,-0.0010590965,-0.0015933495,-0.04889984,5000,5000,0,6
2366552683,2366552358,3932170,3932170,1.1641393e-05,-1.0626997e-05,3.6440545e-06,-0.000993655,-0.0016098333,-0.04900492,5015,5015,0,6
2367052864,2367052548,3932170,3932170,9.422856e-06,-5.473478e-06,2.4457363e-06,-0.0012027342,-0.0017435362,-0.04890069,5002,5002,0,6
2367553066,2367552754,3932170,3932170,1.0867233e-05,-2.5212594e-06,-2.2341176e-06,-0.0010332753,-0.0017075638,-0.048774783,5003,5003,0,6
2368053312,2368052955,3932170,3932170,9.762152e-06,3.940781e-06,5.973874e-06,-0.0010228311,-0.0015506315,-0.048902553,5000,5000,0,6
2368553474,2368553159,3932170,3932170,5.344162e-06,-8.719505e-06,-2.246025e-06,-0.0010486314,-0.0015377623,-0.04889026,5000,5000,0,6
2369053720,2369053406,3932170,3932170,1.45351e-05,-4.5887455e-06,4.7097287e-06,-0.0010185874,-0.0016713396,-0.049324818,5045,5045,0,6
2369553928,2369553567,3932170,3932170,8.531071e-06,-2.6564283e-06,5.380021e-07,-0.0010706049,-0.0016491977,-0.04897224,5002,5002,0,6
2370054124,2370053772,3932170,3932170,1.3458871e-05,-3.6324436e-06,-4.1236895e-06,-0.0009764162,-0.0016472526,-0.049033754,5004,5004,0,6
2370554356,2370553984,3932170,3932170,1.6853844e-05,-8.245528e-06,5.881241e-06,-0.0009957256,-0.0018114964,-0.049100168,5008,5008,0,6
2371054498,2371054180,3932170,3932170,7.3640967e-06,-7.3347833e-06,-2.8125796e-06,-0.0009922512,-0.0017695618,-0.048809256,5003,5003,0,6
2371554767,2371554382,3932170,3932170,4.537233e-06,-2.465811e-06,-1.2447455e-06,-0.0011505068,-0.0016500396,-0.048924398,5001,5001,0,6
2372054896,2372054586,3932170,3932170,8.954464e-06,-1.0332497e-05,-8.290442e-06,-0.0010091654,-0.0015970047,-0.048950817,5002,5002,0,6
2372555102,2372554791,3932170,3932170,1.5839463e-05,-5.8840155e-06,-4.5498664e-06,-0.00096156396,-0.0017333765,-0.048795357,4999,4999,0,6
2373055378,2373054996,3932170,3932170,1.2045158e-05,-4.894873e-06,1.3648013e-06,-0.00093987136,-0.0016794766,-0.04884573,5004,5004,0,6
2373550515,2373550197,3932170,3932170,1.2230737e-05,3.659541e-06,-1.391464e-06,-0.0009807119,-0.0016940249,-0.048831735,5000,5000,0,6
2374050778,2374050409,3932170,3932170,9.14343e-06,-4.6467385e-06,9.749914e-07,-0.0010689808,-0.0016573878,-0.049035884,5010,5010,0,6
2374550942,2374550605,3932170,3932170,4.0331047e-06,-4.052717e-06,2.8307409e-06,-0.0010323467,-0.001619336,-0.04893561,5000,5000,0,6
2375056167,2375055811,3932170,3932170,5.758103e-06,1.0495215e-06,3.4545856e-06,-0.0010939869,-0.0017251844,-0.048845954,4999,4999,0,6
2375556346,2375556018,3932170,3932170,9.11748e-06,-7.723456e-06,4.53991e-06,-0.0009302433,-0.0016859276,-0.048931874,5004,5004,0,6
2376056580,2376056219,3932170,3932170,1.1347607e-05,-1.2996544e-05,3.9255252e-07,-0.0010470774,-0.001669105,-0.04879241,4989,4989,0,6
2376556752,2376556423,3932170,3932170,9.422279e-06,-9.862185e-07,-5.25356e-07,-0.00092669745,-0.0016392261,-0.048979297,5002,5002,0,6
2377051983,2377051632,3932170,3932170,9.033946e-06,-3.7750908e-06,7.0124725e-07,-0.0010589568,-0.0017020721,-0.04891449,5008,5008,0,6
2377552146,2377551831,3932170,3932170,8.834939e-06,-5.611508e-06,-1.6952818e-06,-0.00092737,-0.0016231913,-0.04893997,5002,5002,0,6
2378052347,2378052035,3932170,3932170,5.180598e-06,-1.0858419e-05,-6.4923925e-06,-0.0009914871,-0.00167118,-0.048916005,5002,5002,0,6
2378552665,2378552245,3932170,3932170,1.2741049e-05,-9.5058965e-07,-1.4439656e-06,-0.0009995967,-0.0016327061,-0.048978377,5009,5009,0,6
2379052769,2379052443,3932170,3932170,7.2348757e-06,-3.3385277e-06,-1.5374573e-06,-0.0009561837,-0.0017052065,-0.048956346,5001,5001,0,6
2379552972,2379552649,3932170,3932170,1.0437127e-05,1.9548957e-06,3.742438e-07,-0.0010100494,-0.0016676025,-0.04838518,4951,4951,0,6
2380053232,2380052859,3932170,3932170,9.876381e-06,-2.2755796e-06,6.698431e-06,-0.0010544519,-0.0016230693,-0.04888496,5009,5009,0,6
2380553382,2380553058,3932170,3932170,1.6988863e-05,-4.2087995e-06,-7.385067e-06,-0.0010520199,-0.0016857364,-0.048804715,5003,5003,0,6
2381053571,2381053261,3932170,3932170,7.786739e-06,-6.6999864e-06,-5.268129e-06,-0.0010404065,-0.0017345708,-0.04896067,5000,5000,0,6
2381553875,2381553466,3932170,3932170,1.579012e-05,-6.765586e-06,-1.6771608e-06,-0.0010436808,-0.0016197993,-0.048940517,5002,5002,0,6
2382053982,2382053671,3932170,3932170,7.887586e-06,8.545632e-08,5.293259e-07,-0.0010126687,-0.0015229201,-0.048902553,5001,5001,0,6
2382554247,2382553877,3932170,3932170,7.404935e-06,-2.3933483e-06,4.289459e-06,-0.0010489862,-0.001615425,-0.048857864,5002,5002,0,6
2383054476,2383054082,3932170,3932170,8.713073e-06,-2.426077e-06,4.639294e-06,-0.0010134605,-0.001599356,-0.048919752,4999,4999,0,6
2383554600,2383554286,3932170,3932170,1.7385752e-05,-2.300074e-06,-1.7540347e-06,-0.0010266397,-0.0016195241,-0.04890711,5001,5001,0,6
2384054810,2384054491,3932170,3932170,5.5391856e-06,-1.4732801e-07,-5.814733e-06,-0.0010809046,-0.0017112007,-0.04831513,4946,4946,0,6
2384555074,2384554751,3932170,3932170,7.324888e-06,-1.0303712e-06,5.331839e-06,-0.0010105926,-0.0017386802,-0.048936192,5004,5004,0,6
2385055215,2385054901,3932170,3932170,6.0052143e-06,-2.3070559e-06,3.6639567e-06,-0.0010392754,-0.0016291349,-0.04894329,5002,5002,0,6
2385555421,2385555105,3932170,3932170,6.888921e-06,-5.4264938e-06,3.9164297e-06,-0.0010170841,-0.0014772707,-0.04887661,4996,4996,0,6
2386055682,2386055323,3932170,3932170,1.3753521e-05,-3.9791435e-06,1.2775768e-06,-0.00089039677,-0.0016768407,-0.04910176,5013,5013,0,6
2386555894,2386555517,3932170,3932170,7.686357e-06,-5.0588455e-06,3.0571573e-07,-0.0009341978,-0.00166757,-0.04892284,5003,5003,0,6
2387051042,2387050720,3932170,3932170,8.399187e-06,-3.4668474e-07,2.6356731e-06,-0.0010262978,-0.0015800444,-0.048824694,4998,4998,0,6
2387551316,2387550940,3932170,3932170,1.3009921e-05,-2.113502e-06,7.367377e-06,-0.0010711101,-0.0016090268,-0.04910653,5016,5016,0,6
2388051497,2388051132,3932170,3932170,6.044695e-06,-1.0048948e-06,6.354632e-07,-0.0010304825,-0.0016134687,-0.04895486,5001,5001,0,6
2388551664,2388551336,3932170,3932170,4.886883e-06,-2.516689e-06,-3.1913664e-06,-0.0010167236,-0.0016920252,-0.048904493,5002,5002,0,6
2389051854,2389051541,3932170,3932170,9.854222e-06,-2.8232116e-06,-3.594353e-06,-0.0009807775,-0.0016763316,-0.048942745,5002,5002,0,6
2389552063,2389551748,3932170,3932170,1.3169608e-05,-1.4731688e-06,-1.5657793e-06,-0.0010252341,-0.0016002719,-0.048741855,5004,5004,0,6
2390052263,2390051952,3932170,3932170,1.305551e-05,-7.713913e-06,9.051769e-06,-0.0011097417,-0.0015802254,-0.048976578,5002,5002,0,6
2390557475,2390557160,3932170,3932170,1.3575692e-05,-7.094334e-06,-3.2288153e-06,-0.0010009701,-0.0016845354,-0.04888403,5002,5002,0,6
2391052678,2391052364,3932170,3932170,8.174388e-06,4.108078e-06,-3.1031814e-06,-0.0010447216,-0.0015992968,-0.048872594,5001,5001,0,6
2391552882,2391552569,3932170,3932170,8.312588e-06,-5.8592186e-06,-2.4103197e-06,-0.001028174,-0.0016410769,-0.048938278,5002,5002,0,6
2392053196,2392052776,3932170,3932170,1.41176515e-05,-5.1830466e-06,1.7247041e-06,-0.00096327165,-0.0016655643,-0.048927322,4997,4997,0,6
2392553300,2392552988,3932170,3932170,2.9295038e-06,-7.637964e-06,1.3983467e-06,-0.0010743338,-0.0016985789,-0.048954528,5006,5006,0,6
2393053567,2393053246,3932170,3932170,8.100644e-06,-7.3201813e-06,-5.124747e-06,-0.0011630312,-0.0015681165,-0.049448613,5059,5059,0,6
2393553817,2393553404,3932170,3932170,1.3744313e-05,-7.906464e-06,-2.9729404e-06,-0.0009974723,-0.001657183,-0.048996054,5011,5011,0,6
2394053917,2394053599,3932170,3932170,5.346632e-06,-4.0037216e-06,-5.5198284e-06,-0.0011141085,-0.0018471519,-0.048888315,4999,4999,0,6
2394554138,2394553807,3932170,3932170,5.2250543e-06,-5.7116245e-06,5.184763e-06,-0.0010590202,-0.0016486138,-0.04890205,5003,5003,0,6
2395054364,2395054012,3932170,3932170,9.923126e-06,1.659325e-06,-5.8996543e-06,-0.0010601229,-0.0017135082,-0.048976794,5000,5000,0,6
2395554541,2395554220,3932170,3932170,5.9897366e-06,-1.3917933e-05,-3.8573444e-06,-0.0010943273,-0.0015126371,-0.048875656,5003,5003,0,6
2396054752,2396054425,3932170,3932170,9.5157975e-06,-8.60145e-06,1.2467763e-06,-0.0010469939,-0.0016592334,-0.048898637,5001,5001,0,6
2396555067,2396554638,3932170,3932170,3.390236e-06,-7.874665e-06,1.69715e-06,-0.0010870732,-0.0016684199,-0.048915327,4997,4997,0,6
2397055176,2397054847,3932170,3932170,1.282413e-05,1.398341e-06,-4.501232e-08,-0.0009921844,-0.0016379355,-0.04906721,5008,5008,0,6
2397555412,2397555045,3932170,3932170,1.6648954e-05,-7.2572027e-07,2.7386616e-06,-0.0008214186,-0.0016540356,-0.04881353,4998,4998,0,6
2398050567,2398050253,3932170,3932170,1.195522e-05,-4.1012268e-06,1.1667993e-06,-0.0009485544,-0.0016639275,-0.04898937,5004,5004,0,6
2398550786,2398550456,3932170,3932170,1.3424243e-05,-5.8718033e-06,-2.3796526e-06,-0.0011164541,-0.001557148,-0.049052645,5002,5002,0,6
2399051020,2399050663,3932170,3932170,5.778252e-06,-5.2849427e-06,-3.4439333e-06,-0.0009569912,-0.0016697547,-0.048922326,5000,5000,0,6
2399556233,2399555872,3932170,3932170,1.1637274e-05,-6.820322e-06,3.01449e-06,-0.0009729538,-0.0016514004,-0.04887192,5001,5001,0,6
2400056409,2400056081,3932170,3932170,1.1726594e-05,-1.0673338e-05,-2.5560644e-06,-0.0010069332,-0.0015694053,-0.048886914,5003,5003,0,6
2400556595,2400556286,3932170,3932170,9.433244e-06,-4.355043e-06,-3.6813508e-06,-0.0010201498,-0.0017021218,-0.048938237,5002,5002,0,6
2401056894,2401056493,3932170,3932170,1.676499e-05,4.3012938e-07,6.2643204e-07,-0.0010218055,-0.0016257489,-0.048837326,5002,5002,0,6
2401552016,2401551699,3932170,3932170,1.1559108e-05,-8.939795e-06,-2.8874053e-06,-0.001078883,-0.0016822672,-0.04897325,5003,5003,0,6
2402052271,2402051908,3932170,3932170,1.4196698e-05,-1.2729161e-05,-2.8275404e-06,-0.0010622205,-0.0017257312,-0.0489238,5005,5005,0,6
2402552425,2402552113,3932170,3932170,1.0277191e-05,-2.6444577e-06,-9.920637e-06,-0.0010783614,-0.0016273971,-0.048878804,5003,5003,0,6
2403052640,2403052320,3932170,3932170,6.144556e-06,-7.582973e-06,7.59856e-06,-0.00094480754,-0.0017667684,-0.04887814,5001,5001,0,6
2403552899,2403552531,3932170,3932170,1.1652137e-05,-6.749811e-06,-7.695845e-06,-0.001135056,-0.0016050688,-0.04899698,5006,5006,0,6
2404053093,2404052736,3932170,3932170,7.538258e-06,-7.734857e-06,-1.3732889e-06,-0.0009819048,-0.0016278073,-0.048852418,5001,5001,0,6
2404553260,2404552947,3932170,3932170,1.2976231e-05,-6.2840463e-06,3.0873111e-06,-0.0010409121,-0.0016484475,-0.04903619,5006,5006,0,6
2405053515,2405053200,3932170,3932170,1.2596237e-05,3.5690945e-07,-7.0510773e-06,-0.0010333904,-0.0017321579,-0.04933041,5052,5052,0,6
2405553685,2405553359,3932170,3932170,1.2677962e-05,-3.9116535e-06,4.754051e-06,-0.0010208781,-0.0015778403,-0.048952922,4999,4999,0,6
2406053894,2406053567,3932170,3932170,1.3300647e-05,-9.746385e-06,1.2108044e-06,-0.0011277589,-0.0016614661,-0.048165563,4927,4927,0,6
2406554170,2406553795,3932170,3932170,9.714342e-06,-6.5240083e-06,-1.3802953e-06,-0.0010102732,-0.0015945676,-0.04917537,5023,5023,0,6
2407054296,2407053984,3932170,3932170,1.2100456e-05,9.3133946e-07,1.250151e-06,-0.001129102,-0.0016807361,-0.04884317,5004,5004,0,6
2407554555,2407554232,3932170,3932170,5.6903496e-06,-2.5209622e-06,-2.768901e-06,-0.00095396437,-0.0016724805,-0.049199052,5044,5044,0,6
2408054718,2408054398,3932170,3932170,1.3413531e-05,-5.5084042e-06,4.8538136e-06,-0.0010775719,-0.0016633392,-0.048829988,4994,4994,0,6
2408549978,2408549605,3932170,3932170,8.8640845e-06,-2.6815499e-06,-6.037409e-06,-0.0010498131,-0.0016669879,-0.04882268,5003,5003,0,6
2409055131,2409054815,3932170,3932170,4.7552066e-06,-8.085676e-07,-4.4567983e-06,-0.0011024837,-0.0016475238,-0.04895943,4997,4997,0,6
2409555339,2409555022,3932170,3932170,1.0228233e-05,-5.5780097e-06,-6.093766e-07,-0.0010932792,-0.0016635102,-0.048899997,5000,5000,0,6
2410055547,2410055231,3932170,3932170,7.427262e-06,-1.8097526e-06,2.5523025e-06,-0.0010598752,-0.0016308173,-0.048923716,5002,5002,0,6
2410555762,2410555440,3932170,3932170,-4.5089436e-07,-8.15267e-06,-3.3852068e-06,-0.00100063,-0.0015755526,-0.04891982,5001,5001,0,6
2411055976,2411055651,3932170,3932170,1.0966759e-05,-3.234486e-06,-6.016784e-06,-0.0009611804,-0.0016541133,-0.04896104,5004,5004,0,6
2411556302,2411555858,3932170,3932170,1.2496013e-05,-2.3454268e-06,4.649026e-06,-0.0010892989,-0.0016442449,-0.048961442,5002,5002,0,6
2412051389,2412051064,3932170,3932170,1.637082e-05,-7.483903e-06,-1.2509222e-06,-0.0010556713,-0.0016736371,-0.048968222,5001,5001,0,6
2412551656,2412551272,3932170,3932170,1.2237151e-05,-4.450174e-06,-2.3286232e-06,-0.001086257,-0.0017140975,-0.048887264,5001,5001,0,6
2413051803,2413051481,3932170,3932170,2.0698308e-05,-2.1862043e-06,2.9166156e-06,-0.0009960175,-0.0017001634,-0.048879787,5002,5002,0,6
2413552052,2413551696,3932170,3932170,1.666187e-05,-7.5386165e-06,-8.3268185e-07,-0.0010053049,-0.0016450748,-0.049043514,5005,5005,0,6
2414052303,2414051900,3932170,3932170,1.6941314e-05,-1.5336815e-06,-2.1470225e-08,-0.0009905756,-0.0016049163,-0.048929,5000,5000,0,6
2414552423,2414552109,3932170,3932170,1.42803465e-05,-1.13690285e-05,-1.1570909e-05,-0.00096896716,-0.0016465968,-0.048953574,5003,5003,0,6
2415057642,2415057319,3932170,3932170,8.614441e-06,-5.15603e-06,-2.018108e-06,-0.0010428388,-0.0015415263,-0.048942324,4999,4999,0,6
2415552893,2415552526,3932170,3932170,1.1422224e-05,-8.85807e-06,6.8738365e-07,-0.0011027437,-0.0017113963,-0.048890453,5002,5002,0,6
2416053092,2416052737,3932170,3932170,1.60816e-05,-6.337149e-06,-1.005256e-06,-0.00095972983,-0.0016815066,-0.04901679,5001,5001,0,6
2416553298,2416552945,3932170,3932170,2.0200112e-06,-1.1790962e-06,-7.729809e-06,-0.0009717659,-0.0016874294,-0.04880704,5000,5000,0,6
2417053508,2417053154,3932170,3932170,5.0943577e-06,-4.916857e-06,-4.7903272e-06,-0.00090673397,-0.0016021157,-0.04895944,5000,5000,0,6
2417553684,2417553364,3932170,3932170,1.3758092e-05,-3.8095104e-06,-7.3613373e-06,-0.000995156,-0.0016931497,-0.048949286,5002,5002,0,6
2418053890,2418053573,3932170,3932170,7.319821e-06,1.6296364e-06,1.6819968e-07,-0.0010408205,-0.0016506779,-0.048777852,5002,5002,0,6
2418554187,2418553783,3932170,3932170,1.3227706e-05,-1.9635256e-06,-2.5920697e-06,-0.0010791043,-0.0015892682,-0.04890917,5002,5002,0,6
2419054373,2419053994,3932170,3932170,1.0545718e-05,-3.4430086e-06,9.937633e-07,-0.0012134775,-0.0016578234,-0.049009588,5003,5003,0,6
2419554527,2419554204,3932170,3932170,1.3342836e-05,-1.809222e-05,1.8048276e-07,-0.00096916896,-0.0016755307,-0.048839137,5004,5004,0,6
2420054779,2420054412,3932170,3932170,1.1676201e-05,-6.176179e-06,2.159519e-06,-0.0011536552,-0.0015900611,-0.048902698,5002,5002,0,6
2420554946,2420554623,3932170,3932170,1.0682325e-05,-6.920793e-06,4.0037035e-06,-0.0009948589,-0.0017134437,-0.048730727,4992,4992,0,6
2421055142,2421054832,3932170,3932170,1.1646805e-05,-7.4240256e-06,-5.9428553e-06,-0.00095748046,-0.0016142217,-0.04889394,4997,4997,0,6
2421555406,2421555043,3932170,3932170,1.25013685e-05,-5.0646663e-06,-1.5252633e-06,-0.0009551359,-0.0017550163,-0.048848685,5002,5002,0,6
2422055570,2422055254,3932170,3932170,1.5260912e-05,-3.1259208e-06,1.4783785e-06,-0.00083998835,-0.0015971618,-0.048903663,5002,5002,0,6
2422550827,2422550461,3932170,3932170,1.0978902e-05,-7.52365e-06,4.4170047e-06,-0.0010788278,-0.0016356222,-0.04890928,5003,5003,0,6
2423050981,2423050671,3932170,3932170,6.9181033e-06,-8.2840625e-06,3.3247632e-06,-0.0010505497,-0.0016554872,-0.04887682,5001,5001,0,6
2423551197,2423550883,3932170,3932170,7.5441144e-06,-1.0954561e-05,3.2444138e-06,-0.0010352789,-0.0015954033,-0.048363704,4946,4946,0,6
2424051484,2424051095,3932170,3932170,1.0612363e-05,-2.2269003e-06,-4.2108077e-06,-0.0010518472,-0.0016663746,-0.04902551,5005,5005,0,6
2424556686,2424556308,3932170,3932170,1.6035441e-05,-6.478493e-06,4.837878e-06,-0.0010345799,-0.0016485134,-0.048851624,5004,5004,0,6
2425056840,2425056516,3932170,3932170,1.4556068e-05,-4.686179e-06,-7.367925e-06,-0.0009286326,-0.0016779396,-0.048914377,5003,5003,0,6
2425557065,2425556730,3932170,3932170,8.225837e-06,-5.37978e-06,-4.871492e-07,-0.0010526732,-0.0016777854,-0.0487857,4982,4982,0,6
2426052244,2426051934,3932170,3932170,9.20161e-06,-3.827322e-06,3.6618876e-06,-0.0010021547,-0.0016045802,-0.048848942,5000,5000,0,6
2426552453,2426552145,3932170,3932170,1.7450204e-05,-3.473405e-06,-1.9152405e-06,-0.0010068535,-0.001682958,-0.04898897,5002,5002,0,6
2427052696,2427052359,3932170,3932170,5.6447516e-06,-3.319673e-06,8.418568e-07,-0.001028779,-0.0017819362,-0.048996836,5002,5002,0,6
2427552899,2427552568,3932170,3932170,7.3286706e-06,-7.955206e-06,4.6698668e-07,-0.0009233023,-0.0016640839,-0.048769042,5002,5002,0,6
