timestamp,timestamp_sample,ref_timestamp,ref_lat,ref_lon,x,y,z,delta_xy[0],delta_xy[1],delta_z,vx,vy,vz,z_deriv,delta_vxy[0],delta_vxy[1],delta_vz,ax,ay,az,heading,delta_heading,ref_alt,dist_bottom,eph,epv,evh,evv,vxy_max,vz_max,hagl_min,hagl_max,xy_valid,z_valid,v_xy_valid,v_z_valid,xy_reset_counter,z_reset_counter,vxy_reset_counter,vz_reset_counter,heading_reset_counter,xy_global,z_global,dist_bottom_valid,dist_bottom_sensor_bitfield
111364863,111363923,0,nan,nan,1.0639529,-0.17433056,-0.19846776,1.0801773,-0.19055098,-1.3355441,-0.0014034907,-0.0022243538,-0.0012292468,-0.0010126729,-0.0023330324,0.0006627088,-0.03728403,-0.010222799,-0.0103061525,0.00872687,2.1933606,-0.026285784,nan,0.1,0.04569459,0.03053548,0.07087167,0.0430316,inf,inf,inf,inf,1,1,1,1,2,1,1,1,2,0,0,1,0
111374728,111373928,0,nan,nan,1.0639595,-0.17433287,-0.19849233,1.0801773,-0.19055098,-1.3355441,-0.001232441,-0.002249146,-0.0011845836,-0.0009802247,-0.0023330324,0.0006627088,-0.03728403,0.0030361046,-0.00633601,-0.01051167,2.1933393,-0.026285784,nan,0.1,0.04623759,0.03086075,0.07135031,0.043284696,inf,inf,inf,inf,1,1,1,1,2,1,1,1,2,0,0,1,0
111864969,111864113,0,nan,nan,1.0642492,-0.17390789,-0.19977051,1.0801773,-0.19055098,-1.3355441,-0.00053560844,-0.00014664159,-0.0026736483,-0.0027060197,-0.0023330324,0.0006627088,-0.03728403,0.011694276,0.0008793611,-0.007950106,2.1927428,-0.026285784,nan,0.10022842,0.04435895,0.029753901,0.069699354,0.042385798,inf,inf,inf,inf,1,1,1,1,2,1,1,1,2,0,0,1,0
112365238,112364303,0,nan,nan,1.0641252,-0.17303436,-0.20108585,1.0801773,-0.19055098,-1.3355441,-0.0020012327,0.00024678055,-0.0038746314,-0.0034498987,-0.0023330324,0.0006627088,-0.03728403,-0.006948528,0.0016466641,0.00327226,2.1921837,-0.026285784,nan,0.10097521,0.04406608,0.02954008,0.06974546,0.04238652,inf,inf,inf,inf,1,1,1,1,2,1,1,1,2,0,0,1,0
112865273,112864495,0,nan,nan,1.0627273,-0.17303209,-0.2018663,1.0801773,-0.19055098,-1.3355441,-0.00517247,-0.00014219825,-0.003121177,-0.0020110095,-0.0023330324,0.0006627088,-0.03728403,-0.028568588,0.01671644,0.018615795,2.191636,-0.026285784,nan,0.10133984,0.04912586,0.032872006,0.07188782,0.04370809,inf,inf,inf,inf,1,1,1,1,2,1,1,1,2,0,0,1,0
113365620,113364693,0,nan,nan,1.061572,-0.17290278,-0.20093824,1.0801773,-0.19055098,-1.3355441,-0.005206221,0.00096364476,-0.0018283038,0.0002546812,-0.0023330324,0.0006627088,-0.03728403,-0.02370179,0.01198624,-0.0062864423,2.1910427,-0.026285784,nan,0.10090501,0.044677474,0.030065047,0.06979035,0.042360395,inf,inf,inf,inf,1,1,1,1,2,1,1,1,2,0,0,1,0
113865640,113864879,0,nan,nan,1.0612787,-0.17249197,-0.20004882,1.0801773,-0.19055098,-1.3355441,-0.0045666606,0.001263992,-0.0005989181,0.0015581655,-0.0023330324,0.0006627088,-0.03728403,-0.01671754,-0.008065558,-0.011090378,2.19067,-0.026285784,nan,0.1002735,0.044106193,0.02955514,0.070276685,0.04260781,inf,inf,inf,inf,1,1,1,1,2,1,1,1,2,0,0,1,0
114365867,114365071,0,nan,nan,1.0614121,-0.17247446,-0.1994757,1.0801773,-0.19055098,-1.3355441,-0.004078453,0.001043326,0.000100661906,0.0019024144,-0.0023330324,0.0006627088,-0.03728403,0.01574064,0.012873007,0.001993493,2.190254,-0.026285784,nan,0.1,0.044147998,0.02955042,0.070186354,0.042641733,inf,inf,inf,inf,1,1,1,1,2,1,1,1,2,0,0,1,0
114866184,114865262,0,nan,nan,1.0613791,-0.17249705,-0.19891247,1.0801773,-0.19055098,-1.3355441,-0.0050899433,0.0011279202,0.00062850333,0.0019520143,-0.0023330324,0.0006627088,-0.03728403,0.023460956,-0.0058690147,0.0064306958,2.1896892,-0.026285784,nan,0.1,0.044152472,0.029573373,0.06992032,0.042530023,inf,inf,inf,inf,1,1,1,1,2,1,1,1,2,0,0,1,0
115366265,115365455,0,nan,nan,1.0609813,-0.17244847,-0.19810672,1.0801773,-0.19055098,-1.3355441,-0.0053402134,0.0013711696,0.0026303297,0.003340987,-0.0023330324,0.0006627088,-0.03728403,0.0030952876,0.022086142,-0.007912561,2.1891108,-0.026285784,nan,0.1,0.044139773,0.029577456,0.06978672,0.04244975,inf,inf,inf,inf,1,1,1,1,2,1,1,1,2,0,0,1,0
115866496,115865647,0,nan,nan,1.0604404,-0.1726528,-0.1973675,1.0801773,-0.19055098,-1.3355441,-0.006528871,0.0008191358,0.003144157,0.0031250007,-0.0023330324,0.0006627088,-0.03728403,-0.0023347624,0.012053339,-0.00048804795,2.1889002,-0.026285784,nan,0.1,0.044072032,0.029537233,0.06971071,0.042394105,inf,inf,inf,inf,1,1,1,1,2,1,1,1,2,0,0,1,0
116366645,116365848,0,nan,nan,1.06038,-0.17348078,-0.19690134,1.0801773,-0.19055098,-1.3355441,-0.006512003,-0.0010698187,0.003605432,0.0027806242,-0.0023330324,0.0006627088,-0.03728403,-0.012586464,-0.0026569623,-0.0023478456,2.1888676,-0.026285784,nan,0.1,0.044099394,0.029549386,0.06974165,0.042407077,inf,inf,inf,inf,1,1,1,1,2,1,1,1,2,0,0,1,0
116866906,116866034,0,nan,nan,1.0605795,-0.17422196,-0.19684075,1.0801773,-0.19055098,-1.3355441,-0.0054315226,-0.002250813,0.0030538782,0.001532258,-0.0023330324,0.0006627088,-0.03728403,0.011391716,0.0061195074,-0.00095898827,2.189021,-0.026285784,nan,0.1,0.04415434,0.02957927,0.069810756,0.04244185,inf,inf,inf,inf,1,1,1,1,2,1,1,1,2,0,0,1,0
117366978,117366224,0,nan,nan,1.0613791,-0.17495292,-0.19734852,1.0801773,-0.19055098,-1.3355441,-0.0037086406,-0.0032592833,0.0022110667,0.00025123052,-0.0023330324,0.0006627088,-0.03728403,-0.013573922,0.0032078892,0.007837063,2.1892066,-0.026285784,nan,0.1,0.044123847,0.029564193,0.069748834,0.04241136,inf,inf,inf,inf,1,1,1,1,2,1,1,1,2,0,0,1,0
117867359,117866418,0,nan,nan,1.062037,-0.17480353,-0.19815946,1.0801773,-0.19055098,-1.3355441,-0.004433094,-0.0017942014,0.0005073975,-0.0014990958,-0.0023330324,0.0006627088,-0.03728403,-0.004122464,-0.0061513484,-0.007266512,2.189077,-0.026285784,nan,0.1,0.044110786,0.02955633,0.06974272,0.042405363,inf,inf,inf,inf,1,1,1,1,2,1,1,1,2,0,0,1,0
118367316,118366619,0,nan,nan,1.0620838,-0.17464654,-0.19906227,1.0801773,-0.19055098,-1.3355441,-0.0042073587,-0.003136434,-0.00010585765,-0.0017924929,-0.0023330324,0.0006627088,-0.03728403,-0.007251131,0.01543512,-0.0064907735,2.1885524,-0.026285784,nan,0.10008917,0.04408707,0.029541021,0.06973211,0.04239734,inf,inf,inf,inf,1,1,1,1,2,1,1,1,2,0,0,1,0
118867721,118866809,0,nan,nan,1.061798,-0.17556182,-0.19927837,1.0801773,-0.19055098,-1.3355441,-0.005161193,-0.004718964,0.00083073316,-0.00027265766,-0.0023330324,0.0006627088,-0.03728403,0.013040834,0.012802549,0.007902473,2.1883883,-0.026285784,nan,0.10019059,0.044083204,0.029537618,0.06973302,0.042398643,inf,inf,inf,inf,1,1,1,1,2,1,1,1,2,0,0,1,0
119367792,119366995,0,nan,nan,1.0614554,-0.17652507,-0.19867156,1.0801773,-0.19055098,-1.3355441,-0.0051753116,-0.006172267,0.0018418514,0.0011494134,-0.0023330324,0.0006627088,-0.03728403,0.0018567126,0.0041921823,0.010986538,2.1879263,-0.026285784,nan,0.1,0.04410461,0.029550683,0.06974296,0.042407583,inf,inf,inf,inf,1,1,1,1,2,1,1,1,2,0,0,1,0
119867931,119867188,0,nan,nan,1.0609144,-0.17686303,-0.19785644,1.0801773,-0.19055098,-1.3355441,-0.0069480473,-0.0054635312,0.0022118948,0.001464537,-0.0023330324,0.0006627088,-0.03728403,-0.01747683,-0.016069168,-0.013948098,2.1873674,-0.026285784,nan,0.1,0.04410816,0.029554108,0.069739275,0.042406343,inf,inf,inf,inf,1,1,1,1,2,1,1,1,2,0,0,1,0
120368275,120367382,0,nan,nan,1.0597068,-0.17644489,-0.19776334,1.0801773,-0.19055098,-1.3355441,-0.008856291,-0.004648708,0.0017983521,0.0006273523,-0.0023330324,0.0006627088,-0.03728403,-0.0072773057,-0.000513612,-0.007798579,2.1871967,-0.026285784,nan,0.1,0.04412848,0.029564291,0.06978574,0.042426817,inf,inf,inf,inf,1,1,1,1,2,1,1,1,2,0,0,1,0
120858675,120857572,0,nan,nan,1.0586432,-0.17539653,-0.19822332,1.0801773,-0.19055098,-1.3355441,-0.0094694225,-0.0032055478,0.0012622589,-0.00018132926,-0.0023330324,0.0006627088,-0.03728403,-0.0045734458,-0.0066736373,0.03645228,2.1872408,-0.026285784,nan,0.1,0.043595415,0.029245786,0.06927029,0.042155568,inf,inf,inf,inf,1,1,1,1,2,1,1,1,2,0,0,1,0
121358721,121357772,0,nan,nan,1.0583977,-0.17456153,-0.19870749,1.0801773,-0.19055098,-1.3355441,-0.009052627,-0.0019318687,0.00060839753,-0.0008087792,-0.0023330324,0.0006627088,-0.03728403,-0.0090139825,0.017640676,0.0166608,2.187186,-0.026285784,nan,0.1,0.043588456,0.029241968,0.069262944,0.042151116,inf,inf,inf,inf,1,1,1,1,2,1,1,1,2,0,0,1,0
121859043,121857957,0,nan,nan,1.0592732,-0.17426924,-0.1993605,1.0801773,-0.19055098,-1.3355441,-0.0066118315,-0.0022287269,-0.0002406357,-0.001415666,-0.0023330324,0.0006627088,-0.03728403,-0.017010547,-0.016056255,0.0068878806,2.1870399,-0.026285784,nan,0.100270934,0.043615244,0.029257162,0.06929199,0.04216539,inf,inf,inf,inf,1,1,1,1,2,1,1,1,2,0,0,1,0
122358960,122358152,0,nan,nan,1.0606679,-0.17426214,-0.19953454,1.0801773,-0.19055098,-1.3355441,-0.004748405,-0.0026315083,0.00011815383,-0.0006135052,-0.0023330324,0.0006627088,-0.03728403,-0.019489309,-0.021583369,0.013432067,2.1865463,-0.026285784,nan,0.10034638,0.043717444,0.029313698,0.06943498,0.04223763,inf,inf,inf,inf,1,1,1,1,2,1,1,1,2,0,0,1,0
122869057,122868349,0,nan,nan,1.0620233,-0.17445923,-0.1992995,1.0801773,-0.19055098,-1.3355441,-0.0030560317,-0.0027680844,0.00012320468,-0.0002815177,-0.0023330324,0.0006627088,-0.03728403,0.0044342517,-0.0024094915,-0.00998225,2.1861749,-0.026285784,nan,0.10026259,0.044255875,0.029640675,0.06988089,0.042479806,inf,inf,inf,inf,1,1,1,1,2,1,1,1,2,0,0,1,0
123369404,123368541,0,nan,nan,1.0626755,-0.17440067,-0.19928856,1.0801773,-0.19055098,-1.3355441,-0.002795918,-0.001849619,-9.132459e-06,-0.00029446703,-0.0023330324,0.0006627088,-0.03728403,-0.01395619,-0.005033064,0.010467374,2.1860847,-0.026285784,nan,0.100164734,0.044301733,0.02966689,0.069947004,0.042511053,inf,inf,inf,inf,1,1,1,1,2,1,1,1,2,0,0,1,0
123869559,123868736,0,nan,nan,1.0625725,-0.17396604,-0.19902831,1.0801773,-0.19055098,-1.3355441,-0.0042202882,-0.00068304973,0.00045168537,0.0002349896,-0.0023330324,0.0006627088,-0.03728403,-0.016914845,0.021328408,-0.0018338294,2.185627,-0.026285784,nan,0.10006631,0.056428876,0.03687107,0.079694614,0.047641266,inf,inf,inf,inf,1,1,1,1,2,1,1,1,2,0,0,1,0
124359704,124358927,0,nan,nan,1.0618011,-0.17362899,-0.19916697,1.0801773,-0.19055098,-1.3355441,-0.004746764,-0.0015005675,0.00026952196,-5.0323848e-05,-0.0023330324,0.0006627088,-0.03728403,0.006392365,-0.0102637885,-0.020080842,2.185657,-0.026285784,nan,0.10000267,0.045717902,0.030794734,0.06966006,0.042389665,inf,inf,inf,inf,1,1,1,1,2,1,1,1,2,0,0,1,0
124859986,124859121,0,nan,nan,1.0616701,-0.1738005,-0.19941741,1.0801773,-0.19055098,-1.3355441,-0.0046217525,-0.0017662637,-0.0007966354,-0.0011058594,-0.0023330324,0.0006627088,-0.03728403,0.001027047,-0.0003773318,-0.0074529806,2.1853416,-0.026285784,nan,0.10018561,0.04387642,0.02948177,0.06977743,0.042312216,inf,inf,inf,inf,1,1,1,1,2,1,1,1,2,0,0,1,0
125360109,125359363,0,nan,nan,1.061802,-0.17399277,-0.19979604,1.0801773,-0.19055098,-1.3355441,-0.0038192777,-0.0014456275,-0.0005808257,-0.00074296084,-0.0023330324,0.0006627088,-0.03728403,-0.014117348,0.0024429383,0.020447139,2.1850898,-0.026285784,nan,0.10033923,0.043833822,0.029360836,0.07004741,0.04252352,inf,inf,inf,inf,1,1,1,1,2,1,1,1,2,0,0,1,0
125860620,125859507,0,nan,nan,1.0617956,-0.17399067,-0.19972935,1.0801773,-0.19055098,-1.3355441,-0.0045889956,-0.0017571867,0.0005217181,0.00061768165,-0.0023330324,0.0006627088,-0.03728403,-0.014798452,-0.0012954011,0.016056053,2.1849198,-0.026285784,nan,0.10026514,0.04382811,0.02936822,0.06972618,0.042420495,inf,inf,inf,inf,1,1,1,1,2,1,1,1,2,0,0,1,0
126360513,126359703,0,nan,nan,1.0614632,-0.17428653,-0.19919598,1.0801773,-0.19055098,-1.3355441,-0.00522635,-0.003007287,0.0010406245,0.0012563295,-0.0023330324,0.0006627088,-0.03728403,0.026856238,-0.0017436178,0.012322463,2.1845818,-0.026285784,nan,0.1,0.04383685,0.029389309,0.0695802,0.042342335,inf,inf,inf,inf,1,1,1,1,2,1,1,1,2,0,0,1,0
126860699,126859942,0,nan,nan,1.0610731,-0.17507334,-0.19859266,1.0801773,-0.19055098,-1.3355441,-0.005414412,-0.003982026,0.0010749301,0.0011170811,-0.0023330324,0.0006627088,-0.03728403,0.011957099,0.014295521,0.009704317,2.1846318,-0.026285784,nan,0.1,0.04386685,0.029411228,0.0695455,0.042310786,inf,inf,inf,inf,1,1,1,1,2,1,1,1,2,0,0,1,0
127361012,127360091,0,nan,nan,1.0608225,-0.17563474,-0.19869824,1.0801773,-0.19055098,-1.3355441,-0.0063379453,-0.005117557,0.0005540829,0.00026743044,-0.0023330324,0.0006627088,-0.03728403,-0.0017670158,-0.0039044796,0.011563112,2.1840925,-0.026285784,nan,0.1,0.04383031,0.029389516,0.06949067,0.042272832,inf,inf,inf,inf,1,1,1,1,2,1,1,1,2,0,0,1,0
127861124,127860285,0,nan,nan,1.0601002,-0.17609993,-0.19922768,1.0801773,-0.19055098,-1.3355441,-0.0072046,-0.0045897937,-0.0006801289,-0.0011034103,-0.0023330324,0.0006627088,-0.03728403,0.012292981,-0.0018670397,-0.004827011,2.1838276,-0.026285784,nan,0.10004186,0.043738656,0.029332943,0.069422625,0.042231165,inf,inf,inf,inf,1,1,1,1,2,1,1,1,2,0,0,1,0
128361387,128360567,0,nan,nan,1.0599005,-0.17587724,-0.19977607,1.0801773,-0.19055098,-1.3355441,-0.0074122003,-0.004236011,-0.0012305509,-0.0014800336,-0.0023330324,0.0006627088,-0.03728403,-0.0014180905,0.02026403,0.00070126314,2.1839936,-0.026285784,nan,0.10035273,0.043833524,0.029383944,0.06953742,0.042291753,inf,inf,inf,inf,1,1,1,1,2,1,1,1,2,0,0,1,0
128861452,128860674,0,nan,nan,1.0598631,-0.17551418,-0.19984598,1.0801773,-0.19055098,-1.3355441,-0.006996496,-0.0030018343,-0.0007430886,-0.00058028864,-0.0023330324,0.0006627088,-0.03728403,0.009989306,-0.015103574,0.007326055,2.183632,-0.026285784,nan,0.10047651,0.043860856,0.029402405,0.069537245,0.042295184,inf,inf,inf,inf,1,1,1,1,2,1,1,1,2,0,0,1,0
129361694,129360868,0,nan,nan,1.0601078,-0.17474565,-0.19977403,1.0801773,-0.19055098,-1.3355441,-0.007021095,-0.002625537,-0.0011784658,-0.00071834907,-0.0023330324,0.0006627088,-0.03728403,-0.021390159,-0.017997745,-0.011074118,2.1838496,-0.026285784,nan,0.10043963,0.043862853,0.029405365,0.06952869,0.04229072,inf,inf,inf,inf,1,1,1,1,2,1,1,1,2,0,0,1,0
129861865,129861125,0,nan,nan,1.0604239,-0.17408618,-0.19996609,1.0801773,-0.19055098,-1.3355441,-0.0066350927,-0.0025531868,-0.0011253129,-0.0004982306,-0.0023330324,0.0006627088,-0.03728403,0.009381807,-0.015425078,0.013443501,2.1838653,-0.026285784,nan,0.10049196,0.043830022,0.029386546,0.06949792,0.042272553,inf,inf,inf,inf,1,1,1,1,2,1,1,1,2,0,0,1,0
130362146,130361258,0,nan,nan,1.0606,-0.17462635,-0.19964969,1.0801773,-0.19055098,-1.3355441,-0.006245109,-0.0043525277,-0.00045017066,0.00034621157,-0.0023330324,0.0006627088,-0.03728403,0.0018200357,0.0056423023,0.016000412,2.183744,-0.026285784,nan,0.100319155,0.043853145,0.029398708,0.06952854,0.042289745,inf,inf,inf,inf,1,1,1,1,2,1,1,1,2,0,0,1,0
130862152,130861455,0,nan,nan,1.0602945,-0.1754866,-0.19948445,1.0801773,-0.19055098,-1.3355441,-0.0075086066,-0.004599763,-0.0008878693,-0.0001047866,-0.0023330324,0.0006627088,-0.03728403,-0.017915862,0.0017440567,0.019873999,2.1835186,-0.026285784,nan,0.100220226,0.043860707,0.029403582,0.06953184,0.042291876,inf,inf,inf,inf,1,1,1,1,2,1,1,1,2,0,0,1,0
131362358,131361668,0,nan,nan,1.0597713,-0.17609967,-0.19944252,1.0801773,-0.19055098,-1.3355441,-0.008115786,-0.005988936,0.00027545932,0.0009890713,-0.0023330324,0.0006627088,-0.03728403,0.01104376,-0.007660287,-0.006757321,2.1831186,-0.026285784,nan,0.100113876,0.043861777,0.029404595,0.06952988,0.042291157,inf,inf,inf,inf,1,1,1,1,2,1,1,1,2,0,0,1,0
131862786,131861845,0,nan,nan,1.059918,-0.17691378,-0.19882242,1.0801773,-0.19055098,-1.3355441,-0.007316244,-0.007540931,0.0011715599,0.0018074604,-0.0023330324,0.0006627088,-0.03728403,0.004917797,-0.015041577,0.0018897087,2.1832306,-0.026285784,nan,0.1,0.043861054,0.029404547,0.06952669,0.042290855,inf,inf,inf,inf,1,1,1,1,2,1,1,1,2,0,0,1,0
132362749,132362040,0,nan,nan,1.0603008,-0.17745098,-0.19807708,1.0801773,-0.19055098,-1.3355441,-0.0067527145,-0.007946882,0.0020592844,0.0023710642,-0.0023330324,0.0006627088,-0.03728403,0.013418985,-0.011914246,-0.008353186,2.1832552,-0.026285784,nan,0.1,0.043860536,0.029404454,0.06952661,0.04229102,inf,inf,inf,inf,1,1,1,1,2,1,1,1,2,0,0,1,0
132863110,132862235,0,nan,nan,1.0606941,-0.17741919,-0.19767037,1.0801773,-0.19055098,-1.3355441,-0.006178606,-0.006520919,0.0019602962,0.0017421823,-0.0023330324,0.0006627088,-0.03728403,-0.02260213,-0.021101452,0.007813794,2.1832366,-0.026285784,nan,0.1,0.043881733,0.029417396,0.0695406,0.042299528,inf,inf,inf,inf,1,1,1,1,2,1,1,1,2,0,0,1,0
133363325,133362430,0,nan,nan,1.0611618,-0.17696387,-0.19799443,1.0801773,-0.19055098,-1.3355441,-0.006021837,-0.006053389,0.00076283445,5.2280164e-05,-0.0023330324,0.0006627088,-0.03728403,-0.018242752,0.02390671,-0.0060692807,2.1827636,-0.026285784,nan,0.1,0.04386486,0.029407686,0.069527425,0.042290483,inf,inf,inf,inf,1,1,1,1,2,1,1,1,2,0,0,1,0
133863484,133862626,0,nan,nan,1.0610551,-0.17611803,-0.19833665,1.0801773,-0.19055098,-1.3355441,-0.007236652,-0.0045658415,0.0006610995,-0.00019723455,-0.0023330324,0.0006627088,-0.03728403,-0.0025126475,-0.003760373,-0.009211672,2.1823506,-0.026285784,nan,0.1,0.043826714,0.029385159,0.069490924,0.042271167,inf,inf,inf,inf,1,1,1,1,2,1,1,1,2,0,0,1,0
134363553,134362822,0,nan,nan,1.0604044,-0.17518497,-0.19825728,1.0801773,-0.19055098,-1.3355441,-0.0067236745,-0.0034100555,0.0018245074,0.0010241595,-0.0023330324,0.0006627088,-0.03728403,0.0041801403,0.004074708,0.0091265,2.182005,-0.026285784,nan,0.1,0.044997852,0.030139485,0.07010849,0.042636704,inf,inf,inf,inf,1,1,1,1,2,1,1,1,2,0,0,1,0
134863940,134863025,0,nan,nan,1.0609294,-0.17428103,-0.19847706,1.0801773,-0.19055098,-1.3355441,-0.005629088,-0.0017797837,-0.00036104923,-0.0012060787,-0.0023330324,0.0006627088,-0.03728403,-0.0147859985,0.01132046,-0.00020491552,2.1819046,-0.026285784,nan,0.1,0.04407032,0.029568618,0.0695719,0.04230521,inf,inf,inf,inf,1,1,1,1,2,1,1,1,2,0,0,1,0
135363937,135363215,0,nan,nan,1.0615838,-0.17353258,-0.19897538,1.0801773,-0.19055098,-1.3355441,-0.0046151355,-0.0012347989,0.00011570358,-0.0006643609,-0.0023330324,0.0006627088,-0.03728403,-0.015337998,-0.010031042,-0.011694288,2.181869,-0.026285784,nan,0.10001323,0.043911327,0.029438252,0.06966022,0.042344086,inf,inf,inf,inf,1,1,1,1,2,1,1,1,2,0,0,1,0
135864356,135863409,0,nan,nan,1.062142,-0.17350924,-0.19907206,1.0801773,-0.19055098,-1.3355441,-0.0036003743,-0.0014897129,-0.00039365023,-0.0009186958,-0.0023330324,0.0006627088,-0.03728403,-0.0045377044,0.013972338,-0.010169624,2.1817703,-0.026285784,nan,0.10014147,0.043881774,0.029412996,0.06962237,0.042339325,inf,inf,inf,inf,1,1,1,1,2,1,1,1,2,0,0,1,0
136364352,136363606,0,nan,nan,1.0621177,-0.1739055,-0.19941469,1.0801773,-0.19055098,-1.3355441,-0.0053894348,-0.002952205,-0.00025254214,-0.00056656817,-0.0023330324,0.0006627088,-0.03728403,-0.0053152842,-0.018780282,0.008032753,2.1817632,-0.026285784,nan,0.1002795,0.043935444,0.02944623,0.06963319,0.04235063,inf,inf,inf,inf,1,1,1,1,2,1,1,1,2,0,0,1,0
136864668,136863804,0,nan,nan,1.0611882,-0.1749103,-0.1992539,1.0801773,-0.19055098,-1.3355441,-0.0069981115,-0.004479415,0.000282683,0.00022634235,-0.0023330324,0.0006627088,-0.03728403,-0.015818978,-0.033604477,-0.013339877,2.181785,-0.026285784,nan,0.10018139,0.04388934,0.029422995,0.069553964,0.0423084,inf,inf,inf,inf,1,1,1,1,2,1,1,1,2,0,0,1,0
137364701,137364011,0,nan,nan,1.0600783,-0.17623492,-0.19886641,1.0801773,-0.19055098,-1.3355441,-0.0081038615,-0.00692455,0.0010415546,0.0010620633,-0.0023330324,0.0006627088,-0.03728403,-0.015770232,-0.014108622,-0.0015577545,2.1813042,-0.026285784,nan,0.1,0.043989886,0.029480228,0.06965684,0.042360347,inf,inf,inf,inf,1,1,1,1,2,1,1,1,2,0,0,1,0
137864948,137864195,0,nan,nan,1.0592414,-0.17752612,-0.1983095,1.0801773,-0.19055098,-1.3355441,-0.009281977,-0.007991923,0.0012643847,0.0011421633,-0.0023330324,0.0006627088,-0.03728403,-0.014907292,0.0065184957,-0.009894008,2.1812427,-0.026285784,nan,0.1,0.043951236,0.029460946,0.06958656,0.04232557,inf,inf,inf,inf,1,1,1,1,2,1,1,1,2,0,0,1,0
138365277,138364391,0,nan,nan,1.0587777,-0.17773503,-0.1983388,1.0801773,-0.19055098,-1.3355441,-0.010322101,-0.0066980445,-0.00053384353,-0.00096175214,-0.0023330324,0.0006627088,-0.03728403,-0.025782738,-0.015249269,-0.0073114084,2.1812491,-0.026285784,nan,0.1,0.043923445,0.029442798,0.06958852,0.042321503,inf,inf,inf,inf,1,1,1,1,2,1,1,1,2,0,0,1,0
138865308,138864589,0,nan,nan,1.0580841,-0.17728032,-0.19905451,1.0801773,-0.19055098,-1.3355441,-0.010490704,-0.0064765126,-0.00093873125,-0.0015036261,-0.0023330324,0.0006627088,-0.03728403,-0.026419396,-0.018391693,-0.005549698,2.1809404,-0.026285784,nan,0.10005743,0.043977387,0.029472139,0.06964988,0.042353313,inf,inf,inf,inf,1,1,1,1,2,1,1,1,2,0,0,1,0
139365692,139364787,0,nan,nan,1.058229,-0.17672117,-0.19955423,1.0801773,-0.19055098,-1.3355441,-0.009561465,-0.006033951,-0.0011340289,-0.0014662273,-0.0023330324,0.0006627088,-0.03728403,-0.009165443,0.006752911,-0.01649405,2.1810164,-0.026285784,nan,0.10034213,0.043992057,0.029482078,0.069648996,0.042354666,inf,inf,inf,inf,1,1,1,1,2,1,1,1,2,0,0,1,0
139865822,139864984,0,nan,nan,1.059157,-0.17628464,-0.20016772,1.0801773,-0.19055098,-1.3355441,-0.00053814973,-0.0073563415,-0.003316921,-0.0032652265,-0.0023330324,0.0006627088,-0.03728403,0.37461948,0.08377069,-0.0544454,2.181387,-0.026285784,nan,0.10068778,0.044014744,0.029496564,0.069662705,0.042360827,inf,inf,inf,inf,1,1,1,1,2,1,1,1,2,0,0,1,0
140366055,140365182,0,nan,nan,1.0605361,-0.17655005,-0.20053594,1.0801773,-0.19055098,-1.3355441,-0.006297319,-0.0053541977,-0.002342424,-0.0018767645,-0.0023330324,0.0006627088,-0.03728403,0.18844007,0.20327115,0.6781701,2.1815078,-0.026285784,nan,0.100793175,0.044044346,0.029514875,0.06967868,0.04237185,inf,inf,inf,inf,1,1,1,1,2,1,1,1,2,0,0,1,0
140866166,140865377,0,nan,nan,1.0610256,-0.17639616,-0.20066449,1.0801773,-0.19055098,-1.3355441,-0.007590757,-0.004092075,-0.00045905492,0.00042933464,-0.0023330324,0.0006627088,-0.03728403,-0.032642372,-0.1377839,-0.03929557,2.1813664,-0.026285784,nan,0.100788675,0.04406726,0.029527653,0.06971502,0.042389125,inf,inf,inf,inf,1,1,1,1,2,1,1,1,2,0,0,1,0
141366534,141365573,0,nan,nan,1.0607297,-0.17565416,-0.20032291,1.0801773,-0.19055098,-1.3355441,-0.0054479633,-0.0034340273,-0.0029259936,-0.0017146344,-0.0023330324,0.0006627088,-0.03728403,0.17457984,-0.13218735,-0.14535657,2.1814375,-0.026285784,nan,0.100526,0.044035967,0.029510794,0.06966517,0.04236673,inf,inf,inf,inf,1,1,1,1,2,1,1,1,2,0,0,1,0
141866477,141865771,0,nan,nan,1.0603588,-0.17470776,-0.19941911,1.0801773,-0.19055098,-1.3355441,-0.006519699,-0.0057674525,0.0027226266,0.0039566965,-0.0023330324,0.0006627088,-0.03728403,-0.19003403,-0.35825646,0.25664327,2.1815798,-0.026285784,nan,0.100041635,0.04400608,0.029494774,0.06962732,0.04234677,inf,inf,inf,inf,1,1,1,1,2,1,1,1,2,0,0,1,0
142366872,142365970,0,nan,nan,1.0596768,-0.17428508,-0.19886082,1.0801773,-0.19055098,-1.3355441,-0.007517811,-0.0035572508,-0.00055892277,0.0002909945,-0.0023330324,0.0006627088,-0.03728403,-0.09285137,-0.42165926,-0.16247785,2.1815975,-0.026285784,nan,0.1,0.04405705,0.029521197,0.06970281,0.042390257,inf,inf,inf,inf,1,1,1,1,2,1,1,1,2,0,0,1,0
142866899,142866169,0,nan,nan,1.0600302,-0.17321876,-0.19877133,1.0801773,-0.19055098,-1.3355441,0.00026896657,-0.0035534608,-0.0012215952,-0.00089037506,-0.0023330324,0.0006627088,-0.03728403,0.24990416,-0.25766557,-0.18941985,2.180015,-0.026285784,nan,0.1,0.044524305,0.029510839,0.0968184,0.042417284,inf,inf,inf,inf,1,1,1,1,2,1,1,1,2,0,0,1,0
143367043,143366363,0,nan,nan,1.0671864,-0.15951681,-0.19960402,1.0801773,-0.19055098,-1.3355441,0.028582659,0.063034646,0.0006536852,0.00047195776,-0.0023330324,0.0006627088,-0.03728403,0.28260794,0.60067385,-0.2052047,2.0721726,-0.026285784,nan,0.10050502,0.055763733,0.029549023,0.16126642,0.042634726,inf,inf,inf,inf,1,1,1,1,2,1,1,1,2,0,0,1,0
143867408,143866561,0,nan,nan,1.1033379,-0.13915698,-0.30673522,1.0801773,-0.19055098,-1.3355441,0.059828464,-0.0024112125,-0.5128549,-0.5190009,-0.0023330324,0.0006627088,-0.03728403,-0.024317814,-0.2832435,-0.4103668,1.664623,-0.026285784,nan,0.2076362,0.057902366,0.029552665,0.1336526,0.04253884,inf,inf,inf,inf,1,1,1,1,2,1,1,1,2,0,0,1,0
144367436,144366761,0,nan,nan,1.1248139,-0.17054561,-0.6111363,1.0801773,-0.19055098,-1.3355441,0.03737639,-0.07407151,-0.402625,-0.43884623,-0.0023330324,0.0006627088,-0.03728403,-0.5835174,0.2252227,1.2675632,1.4745657,-0.026285784,nan,0.51203734,0.05334356,0.029541502,0.101775855,0.04245108,inf,inf,inf,inf,1,1,1,1,2,1,1,1,2,0,0,1,0
144867769,144866958,0,nan,nan,1.1162374,-0.21213873,-0.7518275,1.0801773,-0.19055098,-1.3355441,0.032013778,-0.09823061,-0.19864812,-0.21233144,-0.0023330324,0.0006627088,-0.03728403,0.41055802,0.34822515,-0.36078736,1.4700687,-0.026285784,nan,0.6527285,0.04976502,0.029574564,0.086145304,0.042457175,inf,inf,inf,inf,1,1,1,1,2,1,1,1,2,0,0,1,0
145358176,145357150,0,nan,nan,1.1155573,-0.24162658,-0.78532946,1.0801773,-0.19055098,-1.3355441,0.04832533,-0.097014606,-0.120943695,-0.09751407,-0.0023330324,0.0006627088,-0.03728403,0.9019184,-0.3675514,0.07963622,1.4968731,-0.026285784,nan,0.6862305,0.046854004,0.029252736,0.07712626,0.042174667,inf,inf,inf,inf,1,1,1,1,2,1,1,1,2,0,0,1,0
145858445,145857350,0,nan,nan,1.1334127,-0.26765993,-0.82238185,1.0801773,-0.19055098,-1.3355441,0.0482827,-0.06613371,-0.18067455,-0.14891791,-0.0023330324,0.0006627088,-0.03728403,0.36790258,-0.14814883,0.38391158,1.5146779,-0.026285784,nan,0.7232829,0.045390695,0.029248374,0.07171573,0.04216465,inf,inf,inf,inf,1,1,1,1,2,1,1,1,2,0,0,1,0
146368317,146367550,0,nan,nan,1.1555746,-0.28496385,-0.9094699,1.0801773,-0.19055098,-1.3355441,0.030694427,-0.02436574,-0.15143868,-0.13712406,-0.0023330324,0.0006627088,-0.03728403,0.25198677,0.29234955,0.6715655,1.5240132,-0.026285784,nan,0.8103709,0.04490652,0.02958397,0.06870569,0.042443253,inf,inf,inf,inf,1,1,1,1,2,1,1,1,2,0,0,1,0
146868652,146867748,0,nan,nan,1.1807811,-0.28643775,-0.981075,1.0801773,-0.19055098,-1.3355441,0.021900268,-0.005907642,-0.041964013,-0.040521,-0.0023330324,0.0006627088,-0.03728403,0.7946485,-0.70166034,0.3873742,1.5189583,-0.026285784,nan,0.881976,0.044086464,0.029559562,0.06649985,0.042395663,inf,inf,inf,inf,1,1,1,1,2,1,1,1,2,0,0,1,0
147368707,147367946,0,nan,nan,1.217047,-0.28844318,-1.0172952,1.0801773,-0.19055098,-1.3355441,0.03110093,-0.02330967,-0.044738412,-0.04500098,-0.0023330324,0.0006627088,-0.03728403,-0.5026581,-0.35542727,0.44032866,1.5185871,-0.026285784,nan,0.91819626,0.043656312,0.029595196,0.06554916,0.04244295,inf,inf,inf,inf,1,1,1,1,2,1,1,1,2,0,0,1,0
147869128,147868143,0,nan,nan,1.255727,-0.30782804,-1.0103282,1.0801773,-0.19055098,-1.3355441,0.019884357,-0.047020823,-0.0057449187,-0.006241732,-0.0023330324,0.0006627088,-0.03728403,-0.9003825,0.52399516,-0.26337647,1.4994189,-0.026285784,nan,0.9112292,0.043324582,0.029555636,0.06490864,0.04237471,inf,inf,inf,inf,1,1,1,1,2,1,1,1,2,0,0,0,0
148369107,148368342,0,nan,nan,1.2578074,-0.31659022,-1.0718772,1.0801773,-0.19055098,-1.3355441,-0.053540535,0.009185169,-0.096988276,-0.10730712,-0.0023330324,0.0006627088,-0.03728403,-1.4614769,0.577016,-0.01118866,1.5255257,-0.026285784,nan,0.97277826,0.043007113,0.029389173,0.06509782,0.042233847,inf,inf,inf,inf,1,1,1,1,2,1,1,1,2,0,0,0,0
148859453,148858534,0,nan,nan,1.2238543,-0.269211,-1.1279421,1.0801773,-0.19055098,-1.3355441,-0.088411056,0.06481653,-0.05357507,-0.07184711,-0.0023330324,0.0006627088,-0.03728403,0.9850784,-0.18453676,-0.25780144,1.5376612,-0.026285784,nan,1.028843,0.042484235,0.029046707,0.06457532,0.041992333,inf,inf,inf,inf,1,1,1,1,2,1,1,1,2,0,0,0,0
149359670,149358732,0,nan,nan,1.2019014,-0.20257138,-1.1448029,1.0801773,-0.19055098,-1.3355441,-0.094718054,0.05644002,-0.015404605,-0.027105775,-0.0023330324,0.0006627088,-0.03728403,0.32575086,-0.61738515,0.312373,1.5414382,-0.026285784,nan,1.0457039,0.042478073,0.029048482,0.06442677,0.042004257,inf,inf,inf,inf,1,1,1,1,2,1,1,1,2,0,0,0,0
149859982,149858930,0,nan,nan,1.185445,-0.15989017,-1.16999,1.0801773,-0.19055098,-1.3355441,-0.08302933,0.025290169,-0.047486864,-0.054175384,-0.0023330324,0.0006627088,-0.03728403,-0.24397303,-0.25063214,0.35452378,1.5416417,-0.026285784,nan,1.0708909,0.042502493,0.02905156,0.06476492,0.042000957,inf,inf,inf,inf,1,1,1,1,2,1,1,1,2,0,0,0,0
150360063,150359128,0,nan,nan,1.1497078,-0.15041246,-1.1849635,1.0801773,-0.19055098,-1.3355441,-0.07362155,-0.011453372,-0.01183467,-0.017725391,-0.0023330324,0.0006627088,-0.03728403,0.4437816,0.40301135,0.004819113,1.5429394,-0.026285784,nan,1.0858644,0.0425567,0.029068248,0.06474876,0.042010065,inf,inf,inf,inf,1,1,1,1,2,1,1,1,2,0,0,0,0
150860422,150859325,0,nan,nan,1.1011981,-0.16350895,-1.1821162,1.0801773,-0.19055098,-1.3355441,-0.057789296,-0.03260226,-0.0012978544,-0.0041683167,-0.0023330324,0.0006627088,-0.03728403,-0.9041353,-0.17363346,0.010531424,1.547023,-0.026285784,nan,1.0830171,0.04254055,0.02905298,0.06467889,0.04198728,inf,inf,inf,inf,1,1,1,1,2,1,1,1,2,0,0,0,0
151360625,151359522,0,nan,nan,1.057885,-0.1889388,-1.185911,1.0801773,-0.19055098,-1.3355441,-0.023407362,-0.040686056,0.013112862,0.010091401,-0.0023330324,0.0006627088,-0.03728403,0.45372877,0.016914789,-0.15428606,1.5498544,-0.026285784,nan,1.086812,0.042554423,0.029046502,0.06485737,0.04198374,inf,inf,inf,inf,1,1,1,1,2,1,1,1,2,0,0,0,0
151860816,151859721,0,nan,nan,1.0382568,-0.23003368,-1.1764306,1.0801773,-0.19055098,-1.3355441,0.030761166,-0.04812214,-0.00110103,-0.0037190455,-0.0023330324,0.0006627088,-0.03728403,0.63397044,-0.46992534,0.011536281,1.546486,-0.026285784,nan,1.0773315,0.042586476,0.029064119,0.06489517,0.04200385,inf,inf,inf,inf,1,1,1,1,2,1,1,1,2,0,0,0,0
152360886,152359918,0,nan,nan,1.0442828,-0.27880728,-1.1701052,1.0801773,-0.19055098,-1.3355441,0.051371638,-0.023211265,-0.008762524,-0.012696863,-0.0023330324,0.0006627088,-0.03728403,-0.08491436,-0.19521299,-0.20481728,1.5455934,-0.026285784,nan,1.0710062,0.042343386,0.028911563,0.06446805,0.041783925,inf,inf,inf,inf,1,1,1,1,2,1,1,1,2,0,0,0,0
152861148,152860116,0,nan,nan,1.0798478,-0.32704625,-1.1580276,1.0801773,-0.19055098,-1.3355441,0.10901619,-0.036666423,0.07402411,0.0687696,-0.0023330324,0.0006627088,-0.03728403,-0.044114422,0.74304104,-0.35873118,1.5189476,-0.026285784,nan,1.0589286,0.04252825,0.029007968,0.064729325,0.04197248,inf,inf,inf,inf,1,1,1,1,2,1,1,1,2,0,0,0,0
153361241,153360312,0,nan,nan,1.1384801,-0.37336728,-1.132747,1.0801773,-0.19055098,-1.3355441,0.059989944,0.021419477,-0.04914263,-0.050550863,-0.0023330324,0.0006627088,-0.03728403,0.44998318,0.64310336,-0.61557686,1.528981,-0.026285784,nan,1.033648,0.042573415,0.029057039,0.06486521,0.042007737,inf,inf,inf,inf,1,1,1,1,2,1,1,1,2,0,0,0,0
153861617,153860554,0,nan,nan,1.1629752,-0.35099033,-1.1903234,1.0801773,-0.19055098,-1.3355441,-0.04253839,0.14158118,-0.08791246,-0.09990764,-0.0023330324,0.0006627088,-0.03728403,-0.62149626,0.26522234,0.019739952,1.5539863,-0.026285784,nan,1.0912243,0.04270462,0.02909416,0.0653579,0.042013727,inf,inf,inf,inf,1,1,1,1,2,1,1,1,2,0,0,0,0
154361583,154360708,0,nan,nan,1.1749301,-0.25300276,-1.2124903,1.0801773,-0.19055098,-1.3355441,-0.05892177,0.17783265,0.002345642,-0.009575692,-0.0023330324,0.0006627088,-0.03728403,0.051345546,0.25628495,-0.3518264,1.5615219,-0.026285784,nan,1.1133913,0.042688776,0.029087517,0.06486097,0.04199959,inf,inf,inf,inf,1,1,1,1,2,1,1,1,2,0,0,0,0
154862029,154860904,0,nan,nan,1.2060436,-0.14618355,-1.202494,1.0801773,-0.19055098,-1.3355441,-0.047062274,0.12683384,0.013329051,0.012907513,-0.0023330324,0.0006627088,-0.03728403,0.6527667,-0.33035102,-0.3254601,1.5597937,-0.026285784,nan,1.103395,0.042669423,0.029104097,0.06484963,0.04202267,inf,inf,inf,inf,1,1,1,1,2,1,1,1,2,0,0,0,0
155362094,155361101,0,nan,nan,1.2197007,-0.08606877,-1.1964893,1.0801773,-0.19055098,-1.3355441,-0.07618195,0.03424647,-0.018145375,-0.014455132,-0.0023330324,0.0006627088,-0.03728403,0.12914225,-0.047168367,0.17146365,1.5536344,-0.026285784,nan,1.0973903,0.042616487,0.029078178,0.06492083,0.041999213,inf,inf,inf,inf,1,1,1,1,2,1,1,1,2,0,0,0,0
155862165,155861298,0,nan,nan,1.181109,0.03579491,-1.1964697,1.0801773,-0.19055098,-1.3355441,-0.08564361,0.38738096,0.059396233,0.05963248,-0.0023330324,0.0006627088,-0.03728403,0.8248887,0.6822384,-0.19234794,1.5551317,-0.026285784,nan,1.0973706,0.04265836,0.029094072,0.064934604,0.042000182,inf,inf,inf,inf,1,1,1,1,2,1,1,1,2,0,0,0,0
156362574,156361546,0,nan,nan,1.1577017,0.35155603,-1.1710713,1.0801773,-0.19055098,-1.3355441,-0.052389994,0.58011264,0.02717216,0.029655185,-0.0023330324,0.0006627088,-0.03728403,0.119388916,-0.08834135,-0.08863494,1.5582304,-0.026285784,nan,1.0719723,0.042650755,0.029104872,0.06487483,0.04201641,inf,inf,inf,inf,1,1,1,1,2,1,1,1,2,0,0,0,0
156862660,156861692,0,nan,nan,1.1825058,0.6632588,-1.1703835,1.0801773,-0.19055098,-1.3355441,-0.05280848,0.47361985,-0.026345437,-0.02624364,-0.0023330324,0.0006627088,-0.03728403,0.3551755,-0.077665225,-0.59450835,1.5605412,-0.026285784,nan,1.0712844,0.042692877,0.029121349,0.06498696,0.04202509,inf,inf,inf,inf,1,1,1,1,2,1,1,1,2,0,0,0,0
157362885,157361887,0,nan,nan,1.1821446,0.8189294,-1.188047,1.0801773,-0.19055098,-1.3355441,-0.087919235,0.23683727,-0.023664713,-0.02913959,-0.0023330324,0.0006627088,-0.03728403,0.18739232,-0.44017342,0.48249346,1.550023,-0.026285784,nan,1.088948,0.042710423,0.029125085,0.0650267,0.042029336,inf,inf,inf,inf,1,1,1,1,2,1,1,1,2,0,0,0,0
157863065,157862084,0,nan,nan,1.0530418,0.84685206,-1.2048217,1.0801773,-0.19055098,-1.3355441,-0.36852074,0.06680978,-0.04463302,-0.05078168,-0.0023330324,0.0006627088,-0.03728403,-1.1847602,-0.02252867,0.48072097,1.5509794,-0.026285784,nan,1.1057227,0.042715635,0.029126836,0.0650436,0.042036258,inf,inf,inf,inf,1,1,1,1,2,1,1,1,2,0,0,0,0
158363336,158362280,0,nan,nan,0.6523206,0.8716024,-1.2196627,1.0801773,-0.19055098,-1.3355441,-0.7265016,0.033267085,0.015348233,0.010271481,-0.0023330324,0.0006627088,-0.03728403,-1.4952924,-0.43229467,0.6417085,1.5478384,-0.026285784,nan,1.1205636,0.042718392,0.02911675,0.065081835,0.04202597,inf,inf,inf,inf,1,1,1,1,2,1,1,1,2,0,0,0,0
158863340,158862476,0,nan,nan,0.19301142,0.9702471,-1.2123053,1.0801773,-0.19055098,-1.3355441,-0.60517263,0.032100562,1.1832097e-05,0.00042819133,-0.0023330324,0.0006627088,-0.03728403,1.6661512,-0.31942257,0.21859315,1.5441209,-0.026285784,nan,1.1132063,0.042649284,0.029098561,0.064728074,0.04198737,inf,inf,inf,inf,1,1,1,1,2,1,1,1,2,0,0,0,0
159363846,159362674,0,nan,nan,-0.056947507,1.045289,-1.1910894,1.0801773,-0.19055098,-1.3355441,-0.27235174,-0.042256422,0.05171092,0.054474115,-0.0023330324,0.0006627088,-0.03728403,0.23302689,-0.023624163,0.3120843,1.557391,-0.026285784,nan,1.0919904,0.042636912,0.029113693,0.06478449,0.042022124,inf,inf,inf,inf,1,1,1,1,2,1,1,1,2,0,0,0,0
159863880,159862869,0,nan,nan,-0.09260139,0.9747886,-1.1756558,1.0801773,-0.19055098,-1.3355441,0.0016457685,-0.16208509,-0.0059087146,-0.0030713347,-0.0023330324,0.0006627088,-0.03728403,0.6671301,0.35489854,-0.6221616,1.556782,-0.026285784,nan,1.0765568,0.042667426,0.029111952,0.065245256,0.042041343,inf,inf,inf,inf,1,1,1,1,2,1,1,1,2,0,0,0,0
160364129,160363066,0,nan,nan,-0.062876925,0.7803215,-1.1942602,1.0801773,-0.19055098,-1.3355441,0.08291133,-0.19946446,-0.014148308,-0.018956125,-0.0023330324,0.0006627088,-0.03728403,-0.5010987,0.62177277,-0.61027765,1.5524884,-0.026285784,nan,1.0951612,0.042733103,0.029114958,0.0652163,0.042040154,inf,inf,inf,inf,1,1,1,1,2,1,1,1,2,0,0,0,0
160864231,160863260,0,nan,nan,-0.053501558,0.59928304,-1.1960324,1.0801773,-0.19055098,-1.3355441,0.092190355,-0.083722934,0.0009836251,-0.0052690487,-0.0023330324,0.0006627088,-0.03728403,0.2456951,0.35219347,-0.4534911,1.5538427,-0.026285784,nan,1.0969334,0.042752225,0.029150836,0.06491331,0.042066682,inf,inf,inf,inf,1,1,1,1,2,1,1,1,2,0,0,0,0
161364566,161363456,0,nan,nan,-0.03508557,0.5385606,-1.203151,1.0801773,-0.19055098,-1.3355441,0.09288261,0.076587304,-0.0010668483,-0.005306986,-0.0023330324,0.0006627088,-0.03728403,-0.13682649,0.39633143,0.26345196,1.5533613,-0.026285784,nan,1.104052,0.042729832,0.029150736,0.06499457,0.042048592,inf,inf,inf,inf,1,1,1,1,2,1,1,1,2,0,0,0,0
161864754,161863651,0,nan,nan,0.030008934,0.5814753,-1.2017436,1.0801773,-0.19055098,-1.3355441,0.099895485,0.16763514,0.01938291,0.017486215,-0.0023330324,0.0006627088,-0.03728403,0.47615486,0.10139994,0.064355396,1.5517887,-0.026285784,nan,1.1026446,0.042706553,0.02913565,0.06491388,0.042037517,inf,inf,inf,inf,1,1,1,1,2,1,1,1,2,0,0,0,0
162364838,162363846,0,nan,nan,0.12683368,0.66051304,-1.1894348,1.0801773,-0.19055098,-1.3355441,0.0732875,0.18385696,0.01585143,0.017281085,-0.0023330324,0.0006627088,-0.03728403,-0.57970655,-0.049060892,0.099014305,1.5531373,-0.026285784,nan,1.0903357,0.04268125,0.029131422,0.06480297,0.042037696,inf,inf,inf,inf,1,1,1,1,2,1,1,1,2,0,0,0,0
162865159,162864043,0,nan,nan,0.20537844,0.73403716,-1.1835583,1.0801773,-0.19055098,-1.3355441,0.013198133,0.14499028,-0.006532748,-0.0051577087,-0.0023330324,0.0006627088,-0.03728403,-0.15720117,-0.6414525,0.30470526,1.5504155,-0.026285784,nan,1.0844593,0.042728506,0.029168278,0.064887255,0.04207721,inf,inf,inf,inf,1,1,1,1,2,1,1,1,2,0,0,0,0
163365259,163364238,0,nan,nan,0.22562699,0.7957654,-1.1907555,1.0801773,-0.19055098,-1.3355441,-0.06736609,0.10624917,-0.008907534,-0.010809978,-0.0023330324,0.0006627088,-0.03728403,-0.98719996,0.29136917,-0.25918496,1.5474447,-0.026285784,nan,1.0916564,0.042690393,0.029141232,0.06487906,0.042039458,inf,inf,inf,inf,1,1,1,1,2,1,1,1,2,0,0,0,0
163865530,163864431,0,nan,nan,0.19604291,0.8544932,-1.1891593,1.0801773,-0.19055098,-1.3355441,-0.090045795,0.05710744,0.0055172876,0.002760506,-0.0023330324,0.0006627088,-0.03728403,0.39368528,-0.13938299,-0.004276643,1.5436422,-0.026285784,nan,1.0900602,0.04269038,0.029144583,0.06473928,0.042046957,inf,inf,inf,inf,1,1,1,1,2,1,1,1,2,0,0,0,0
164365658,164364626,0,nan,nan,0.15094426,0.9043774,-1.1987078,1.0801773,-0.19055098,-1.3355441,-0.10481957,0.024318788,-0.010160483,-0.013114854,-0.0023330324,0.0006627088,-0.03728403,0.5497777,0.71921843,-0.30836967,1.541006,-0.026285784,nan,1.0996088,0.042338014,0.028936943,0.06435457,0.041783717,inf,inf,inf,inf,1,1,1,1,2,1,1,1,2,0,0,0,0
164865865,164864821,0,nan,nan,0.10706593,0.9378553,-1.1944056,1.0801773,-0.19055098,-1.3355441,-0.08356368,-0.0116225,0.009363822,0.0068807043,-0.0023330324,0.0006627088,-0.03728403,-0.22158775,0.09414282,-0.60236317,1.5476897,-0.026285784,nan,1.0953065,0.0426244,0.029114079,0.06473023,0.04207429,inf,inf,inf,inf,1,1,1,1,2,1,1,1,2,0,0,0,0
165365997,165365014,0,nan,nan,0.0710755,0.9446972,-1.194692,1.0801773,-0.19055098,-1.3355441,-0.055520408,-0.052648816,0.0055980054,0.0038104472,-0.0023330324,0.0006627088,-0.03728403,-0.1216966,-0.38771436,0.36539045,1.5519607,-0.026285784,nan,1.095593,0.042704124,0.029170467,0.06481515,0.042090215,inf,inf,inf,inf,1,1,1,1,2,1,1,1,2,0,0,0,0
165866308,165865210,0,nan,nan,0.047939762,0.9227474,-1.1979681,1.0801773,-0.19055098,-1.3355441,-0.018684082,-0.08087801,-0.009637968,-0.011650898,-0.0023330324,0.0006627088,-0.03728403,0.63286,0.0029748122,-0.04783543,1.553676,-0.026285784,nan,1.0988691,0.04267989,0.02915889,0.0647609,0.042051863,inf,inf,inf,inf,1,1,1,1,2,1,1,1,2,0,0,0,0
166366272,166365403,0,nan,nan,0.035325196,0.85840327,-1.201358,1.0801773,-0.19055098,-1.3355441,0.01909933,-0.28744733,0.005334086,0.0035313726,-0.0023330324,0.0006627088,-0.03728403,-0.0031678511,-1.1482779,0.17503479,1.5531137,-0.026285784,nan,1.1022589,0.042673584,0.029155167,0.06480837,0.04206068,inf,inf,inf,inf,1,1,1,1,2,1,1,1,2,0,0,0,0
166866775,166865596,0,nan,nan,0.028187172,0.57972974,-1.1828948,1.0801773,-0.19055098,-1.3355441,0.019903805,-0.6784676,-0.006533757,-0.0052061877,-0.0023330324,0.0006627088,-0.03728403,0.11053162,-0.291749,0.5798156,1.552966,-0.026285784,nan,1.0837958,0.04273705,0.029194303,0.064931795,0.042104818,inf,inf,inf,inf,1,1,1,1,2,1,1,1,2,0,0,0,0
167366781,167365791,0,nan,nan,-0.011020307,0.18230598,-1.1879859,1.0801773,-0.19055098,-1.3355441,-0.0010698597,-0.6634699,-0.008691352,-0.010648389,-0.0023330324,0.0006627088,-0.03728403,-0.10711823,-0.13938743,-0.0048091463,1.555678,-0.026285784,nan,1.0888869,0.042833794,0.029234342,0.06498166,0.04214172,inf,inf,inf,inf,1,1,1,1,2,1,1,1,2,0,0,0,0
167866853,167865983,0,nan,nan,-0.051058386,-0.08433631,-1.1982279,1.0801773,-0.19055098,-1.3355441,0.027038364,-0.410806,0.012049792,0.006978106,-0.0023330324,0.0006627088,-0.03728403,-0.32412308,0.23719953,0.39743418,1.5558094,-0.026285784,nan,1.0991288,0.042772,0.029211536,0.06483263,0.042084955,inf,inf,inf,inf,1,1,1,1,2,1,1,1,2,0,0,0,0
168367275,168366177,0,nan,nan,-0.027332924,-0.16667159,-1.1914284,1.0801773,-0.19055098,-1.3355441,0.10892432,-0.1847797,0.01959053,0.016964069,-0.0023330324,0.0006627088,-0.03728403,0.3147707,0.42292404,-0.21741897,1.557615,-0.026285784,nan,1.0923294,0.042786498,0.029222297,0.06494468,0.0421149,inf,inf,inf,inf,1,1,1,1,2,1,1,1,2,0,0,0,0
168867422,168866373,0,nan,nan,0.11044205,-0.1729947,-1.1873769,1.0801773,-0.19055098,-1.3355441,0.40395686,-0.078740895,0.0043309135,0.0040249433,-0.0023330324,0.0006627088,-0.03728403,1.2874836,-0.39064336,0.10269595,1.5558102,-0.026285784,nan,1.0882778,0.042786185,0.029207384,0.06496714,0.04209817,inf,inf,inf,inf,1,1,1,1,2,1,1,1,2,0,0,0,0
169367594,169366562,0,nan,nan,0.47182623,-0.19936605,-1.1944281,1.0801773,-0.19055098,-1.3355441,0.6839236,-0.030477043,-0.019699477,-0.021095222,-0.0023330324,0.0006627088,-0.03728403,-0.64911276,0.06367664,0.33886266,1.5580845,-0.026285784,nan,1.095329,0.042900342,0.029265925,0.06519393,0.04217532,inf,inf,inf,inf,1,1,1,1,2,1,1,1,2,0,0,0,0
169857552,169856754,0,nan,nan,0.85437196,-0.2557289,-1.2040552,1.0801773,-0.19055098,-1.3355441,0.57139945,-0.011483428,-0.014071864,-0.017032478,-0.0023330324,0.0006627088,-0.03728403,-0.46952,0.6113764,-0.12929122,1.55881,-0.026285784,nan,1.1049562,0.0444126,0.030235529,0.06620259,0.04291501,inf,inf,inf,inf,1,1,1,1,2,1,1,1,2,0,0,0,0
170368055,170366948,0,nan,nan,1.0705106,-0.30532104,-1.1911395,1.0801773,-0.19055098,-1.3355441,0.29730898,0.017106926,0.059285272,0.05840098,-0.0023330324,0.0006627088,-0.03728403,0.018475445,-0.17721999,0.41038188,1.5480262,-0.026285784,nan,1.0920404,0.042817857,0.029251363,0.06480271,0.04214493,inf,inf,inf,inf,1,1,1,1,2,1,1,1,2,0,0,0,0
170868084,170867140,0,nan,nan,1.1102439,-0.30455402,-1.1648103,1.0801773,-0.19055098,-1.3355441,0.09155672,0.057360005,0.020059457,0.023147805,-0.0023330324,0.0006627088,-0.03728403,-0.44154745,-0.0348899,-0.30197728,1.5398929,-0.026285784,nan,1.0657113,0.04283857,0.029264085,0.06501877,0.0421604,inf,inf,inf,inf,1,1,1,1,2,1,1,1,2,0,0,0,0
171368428,171367331,0,nan,nan,1.0773066,-0.24045716,-1.1823913,1.0801773,-0.19055098,-1.3355441,-0.023997398,0.09864215,0.015580388,0.013466785,-0.0023330324,0.0006627088,-0.03728403,-0.5746585,-0.5365819,0.89262265,1.5676621,-0.026285784,nan,1.0832922,0.04279515,0.029206436,0.06515154,0.042092152,inf,inf,inf,inf,1,1,1,1,2,1,1,1,2,0,0,0,0
171868486,171867523,0,nan,nan,1.0661263,-0.16805485,-0.9885541,1.0801773,-0.19055098,-1.3355441,-0.0045057503,0.032604292,0.74484676,0.7538623,-0.0023330324,0.0006627088,-0.03728403,0.5190886,-0.019202385,0.21218938,1.5476842,-0.026285784,nan,0.88945514,0.04276196,0.029248148,0.06370877,0.04215528,inf,inf,inf,inf,1,1,1,1,2,1,1,1,2,0,0,0,0
172368792,172367716,0,nan,nan,1.0935664,-0.15496615,-0.5667802,1.0801773,-0.19055098,-1.3355441,0.023186708,-0.043660663,0.59334314,0.6321382,-0.0023330324,0.0006627088,-0.03728403,-0.35567302,-0.3696185,-0.43004048,1.5292552,-0.026285784,nan,0.4676812,0.046839688,0.032157686,0.06578493,0.04337371,inf,inf,inf,inf,1,1,1,1,2,1,1,1,2,0,0,0,0
172868867,172867906,0,nan,nan,1.1379099,-0.19422914,-0.27282774,1.0801773,-0.19055098,-1.3355441,0.048289508,-0.10467136,0.5337822,0.55449504,-0.0023330324,0.0006627088,-0.03728403,0.3742085,-0.07732912,-0.31929496,1.5271434,-0.026285784,nan,0.17372873,0.04335596,0.029770324,0.064827636,0.042115398,inf,inf,inf,inf,1,1,1,1,2,1,1,1,2,0,0,0,0
173358835,173358093,0,nan,nan,1.1600362,-0.24245432,-0.0800244,1.0801773,-0.19055098,-1.3355441,0.09129544,-0.044586852,-0.3503341,-0.36317554,-0.0023330324,0.0006627088,-0.03728403,2.3223863,-2.8938408,12.286789,1.5641115,-0.026285784,nan,0.1,0.044454634,0.030300971,0.06677324,0.043101143,inf,inf,inf,inf,1,1,1,1,2,1,1,1,2,0,0,0,0
173859089,173858284,0,nan,nan,1.1894944,-0.24700712,-0.13636915,1.0801773,-0.19055098,-1.3355441,0.016940132,-0.027132615,-0.019561043,-0.07928504,-0.0023330324,0.0006627088,-0.03728403,0.914644,-0.38278905,0.8682263,1.6241597,-0.026285784,nan,0.12341849,0.044972494,0.029898752,0.07231972,0.039750967,inf,inf,inf,inf,1,1,1,1,2,1,1,1,2,0,0,0,0
174359301,174358474,0,nan,nan,1.1837138,-0.23234414,-0.20903777,1.0801773,-0.19055098,-1.3355441,0.012892256,0.0061130244,-0.0537541,-0.1179038,-0.0023330324,0.0006627088,-0.03728403,0.13176595,-0.025441587,1.1459557,1.6416745,-0.026285784,nan,0.19608709,0.046259977,0.029033067,0.07941835,0.037952844,inf,inf,inf,inf,1,1,1,1,2,1,1,1,2,0,0,0,0
174859462,174858664,0,nan,nan,1.174093,-0.21671116,-0.2404906,1.0801773,-0.19055098,-1.3355441,0.0045256834,0.021219099,-0.052711636,-0.087505594,-0.0023330324,0.0006627088,-0.03728403,0.21405362,0.1581954,-0.08605437,1.6596591,-0.026285784,nan,0.12373907,0.047782686,0.02872986,0.081276,0.039851245,inf,inf,inf,inf,1,1,1,1,2,1,1,1,2,0,0,1,0
175359759,175358855,0,nan,nan,1.168505,-0.2084499,-0.24124628,1.0801773,-0.19055098,-1.3355441,0.0023617356,0.026156858,-0.034824524,-0.038841464,-0.0023330324,0.0006627088,-0.03728403,-0.154518,0.27892458,0.515792,1.6777165,-0.026285784,nan,0.12448453,0.04766025,0.029260343,0.076436065,0.04236083,inf,inf,inf,inf,1,1,1,1,2,1,1,1,2,0,0,1,0
175860001,175859046,0,nan,nan,1.1683074,-0.20780116,-0.226945,1.0801773,-0.19055098,-1.3355441,0.0052926103,0.021596795,-0.015780706,-0.0012106282,-0.0023330324,0.0006627088,-0.03728403,-0.4055236,0.16964716,0.029089576,1.6956618,-0.026285784,nan,0.11743029,0.044394184,0.028708676,0.07031882,0.042587083,inf,inf,inf,inf,1,1,1,1,2,1,1,1,2,0,0,1,0
176369979,176369238,0,nan,nan,1.17097,-0.21067603,-0.21026623,1.0801773,-0.19055098,-1.3355441,0.009358481,0.01946128,0.0003762871,0.019796591,-0.0023330324,0.0006627088,-0.03728403,-0.09613826,0.022083705,-0.05738476,1.7144493,-0.026285784,nan,0.10686102,0.044257585,0.029378511,0.06860851,0.04288804,inf,inf,inf,inf,1,1,1,1,2,1,1,1,2,0,0,1,0
176860352,176859430,0,nan,nan,1.1731584,-0.21420163,-0.19835109,1.0801773,-0.19055098,-1.3355441,0.01164888,0.013766553,0.009446438,0.024741072,-0.0023330324,0.0006627088,-0.03728403,-0.009200662,0.096599214,-0.12641697,1.7315744,-0.026285784,nan,0.1,0.043287024,0.029149339,0.06671565,0.042340856,inf,inf,inf,inf,0,1,0,1,2,1,1,1,2,0,0,1,0
177360797,177359615,0,nan,nan,1.1741784,-0.21747263,-0.19192629,1.0801773,-0.19055098,-1.3355441,0.012363353,0.00983544,0.01291467,0.020765908,-0.0023330324,0.0006627088,-0.03728403,0.004705618,-0.0034706283,0.010713906,1.7492043,-0.026285784,nan,0.1,0.04297198,0.02911207,0.06579005,0.042103037,inf,inf,inf,inf,0,1,0,1,2,1,1,1,2,0,0,1,0
177860721,177859801,0,nan,nan,1.1740882,-0.2197664,-0.18997727,1.0801773,-0.19055098,-1.3355441,0.010956524,0.0071000434,0.013026105,0.013918097,-0.0023330324,0.0006627088,-0.03728403,0.00015396523,0.0041952305,0.012943702,1.7665535,-0.026285784,nan,0.1,0.042787712,0.029081665,0.06525006,0.04201795,inf,inf,inf,inf,1,1,1,1,2,1,1,1,2,0,0,1,0
178361135,178359992,0,nan,nan,1.1735998,-0.22195075,-0.19062054,1.0801773,-0.19055098,-1.3355441,0.011013696,0.004746256,0.010555845,0.0066220225,-0.0023330324,0.0006627088,-0.03728403,0.022658696,0.0024684335,0.006884519,1.782841,-0.026285784,nan,0.1,0.04264355,0.029052248,0.06489642,0.041976403,inf,inf,inf,inf,1,1,1,1,2,1,1,1,2,0,0,1,0
178861127,178860179,0,nan,nan,1.1733348,-0.22332527,-0.19295803,1.0801773,-0.19055098,-1.3355441,0.010632573,0.004677721,0.006716769,0.00024374962,-0.0023330324,0.0006627088,-0.03728403,-0.004321444,0.0064556277,-0.0059562903,1.7993195,-0.026285784,nan,0.1,0.042600296,0.02906488,0.06479603,0.04200966,inf,inf,inf,inf,1,1,1,1,2,1,1,1,2,0,0,1,0
179361309,179360367,0,nan,nan,1.1733207,-0.22332543,-0.19563292,1.0801773,-0.19055098,-1.3355441,0.011541828,0.005152148,0.0046178456,-0.0023963342,-0.0023330324,0.0006627088,-0.03728403,0.020315936,0.025290381,0.02072868,1.8149654,-0.026285784,nan,0.1,0.042542055,0.02905339,0.06470655,0.042001307,inf,inf,inf,inf,1,1,1,1,2,1,1,1,2,0,0,1,0
179861748,179860554,0,nan,nan,1.1740155,-0.22306314,-0.19747835,1.0801773,-0.19055098,-1.3355441,0.012809296,0.0052732914,0.003002911,-0.0032324868,-0.0023330324,0.0006627088,-0.03728403,0.020630475,0.008030333,-0.001462382,1.8308889,-0.026285784,nan,0.1,0.04252294,0.02905285,0.06469305,0.04200827,inf,inf,inf,inf,1,1,1,1,2,1,1,1,2,0,0,1,0
180361512,180360743,0,nan,nan,1.1746223,-0.22277951,-0.19907989,1.0801773,-0.19055098,-1.3355441,0.012627603,0.004993017,0.0005806311,-0.0044160965,-0.0023330324,0.0006627088,-0.03728403,0.020380456,-0.013207601,0.007455669,1.8465604,-0.026285784,nan,0.100326814,0.044581715,0.030363986,0.066508465,0.0430549,inf,inf,inf,inf,0,1,0,1,2,1,1,1,2,0,0,1,0
180861996,180860934,0,nan,nan,1.1744584,-0.22265214,-0.20040457,1.0801773,-0.19055098,-1.3355441,0.012965131,0.005468723,-0.0013805494,-0.004980142,-0.0023330324,0.0006627088,-0.03728403,0.0135660395,0.008679005,0.032708436,1.8616569,-0.026285784,nan,0.10099774,0.042530645,0.029060824,0.064728364,0.042019963,inf,inf,inf,inf,1,1,1,1,2,1,1,1,2,0,0,1,0
181362125,181361118,0,nan,nan,1.1744616,-0.222924,-0.20123059,1.0801773,-0.19055098,-1.3355441,0.0128225,0.0037050394,-0.0012067038,-0.0033820746,-0.0023330324,0.0006627088,-0.03728403,0.015853375,-0.009285659,0.01405184,1.8769476,-0.026285784,nan,0.101331346,0.042572077,0.029085848,0.064760715,0.042032957,inf,inf,inf,inf,1,1,1,1,2,1,1,1,2,0,0,1,0
181862313,181861327,0,nan,nan,1.1740937,-0.2239177,-0.20123136,1.0801773,-0.19055098,-1.3355441,0.011728872,0.0012719644,-0.00086826907,-0.0018309854,-0.0023330324,0.0006627088,-0.03728403,-0.003702775,0.019371664,-0.010322214,1.8913528,-0.026285784,nan,0.10125636,0.042582583,0.0290915,0.06476679,0.042030416,inf,inf,inf,inf,1,1,1,1,2,1,1,1,2,0,0,1,0
182362470,182361493,0,nan,nan,1.1735508,-0.22546476,-0.20062411,1.0801773,-0.19055098,-1.3355441,0.0112453215,-0.00016612277,0.00014211582,-6.7204455e-05,-0.0023330324,0.0006627088,-0.03728403,0.010578322,0.0055991616,0.0159068,1.90564,-0.026285784,nan,0.10082839,0.042585094,0.029091543,0.06477389,0.042029366,inf,inf,inf,inf,1,1,1,1,2,1,1,1,2,0,0,1,0
182862816,182861680,0,nan,nan,1.1729859,-0.22617379,-0.19990718,1.0801773,-0.19055098,-1.3355441,0.010662631,-0.00052489917,0.0003385182,0.00034319173,-0.0023330324,0.0006627088,-0.03728403,0.033345737,0.024751548,0.0036349718,1.9200016,-0.026285784,nan,0.10038408,0.042542357,0.029062882,0.06474865,0.042008806,inf,inf,inf,inf,1,1,1,1,2,1,1,1,2,0,0,1,0
