timestamp,voltage5v_v,sensors3v3[0],sensors3v3[1],sensors3v3[2],sensors3v3[3],sensors3v3_valid,usb_connected,brick_valid,usb_valid,servo_valid,periph_5v_oc,hipower_5v_oc,comp_5v_valid,can1_gps1_5v_valid
2090546686,4.980615,3.314502,0.0,0.0,0.0,1,1,1,1,1,0,0,0,0
2090557091,4.9725585,3.3112793,0.0,0.0,0.0,1,1,1,1,1,0,0,0,0
2091046689,4.914551,3.3161132,0.0,0.0,0.0,1,1,1,1,1,0,0,0,0
2091546946,4.975781,3.3161132,0.0,0.0,0.0,1,1,1,1,1,0,0,0,0
2092047092,5.0080075,3.3209472,0.0,0.0,0.0,1,1,1,1,1,0,0,0,0
2092556686,4.9822264,3.3161132,0.0,0.0,0.0,1,1,1,1,1,0,0,0,0
2093056684,4.980615,3.3161132,0.0,0.0,0.0,1,1,1,1,1,0,0,0,0
2093546778,5.0015626,3.3161132,0.0,0.0,0.0,1,1,1,1,1,0,0,0,0
2094046680,4.9129395,3.314502,0.0,0.0,0.0,1,1,1,1,1,0,0,0,0
2094546819,4.9773927,3.3161132,0.0,0.0,0.0,1,1,1,1,1,0,0,0,0
2095046684,5.004785,3.3177245,0.0,0.0,0.0,1,1,1,1,1,0,0,0,0
2095546733,4.911328,3.3161132,0.0,0.0,0.0,1,1,1,1,1,0,0,0,0
2096056682,4.979004,3.3128905,0.0,0.0,0.0,1,1,1,1,1,0,0,0,0
2096556683,4.964502,3.3161132,0.0,0.0,0.0,1,1,1,1,1,0,0,0,0
2097046787,4.9967284,3.3177245,0.0,0.0,0.0,1,1,1,1,1,0,0,0,0
2097546711,4.9822264,3.3128905,0.0,0.0,0.0,1,1,1,1,1,0,0,0,0
2098046684,5.009619,3.3161132,0.0,0.0,0.0,1,1,1,1,1,0,0,0,0
2098546901,4.980615,3.3161132,0.0,0.0,0.0,1,1,1,1,1,0,0,0,0
2099046684,4.979004,3.3161132,0.0,0.0,0.0,1,1,1,1,1,0,0,0,0
2099556858,4.9741697,3.3161132,0.0,0.0,0.0,1,1,1,1,1,0,0,0,0
2100056740,4.9822264,3.3161132,0.0,0.0,0.0,1,1,1,1,1,0,0,0,0
2100547006,4.9983397,3.319336,0.0,0.0,0.0,1,1,1,1,1,0,0,0,0
2101047363,4.975781,3.3177245,0.0,0.0,0.0,1,1,1,1,1,0,0,0,0
2101547254,4.9129395,3.3161132,0.0,0.0,0.0,1,1,1,1,1,0,0,0,0
2102047860,4.9918942,3.3128905,0.0,0.0,0.0,1,1,1,1,1,0,0,0,0
2102546683,4.9741697,3.3161132,0.0,0.0,0.0,1,1,1,1,1,0,0,0,0
2103056684,4.9129395,3.314502,0.0,0.0,0.0,1,1,1,1,1,0,0,0,0
2103556685,4.980615,3.3161132,0.0,0.0,0.0,1,1,1,1,1,0,0,0,0
2104046716,5.004785,3.3161132,0.0,0.0,0.0,1,1,1,1,1,0,0,0,0
2104546684,4.911328,3.3161132,0.0,0.0,0.0,1,1,1,1,1,0,0,0,0
2105046685,5.0015626,3.3177245,0.0,0.0,0.0,1,1,1,1,1,0,0,0,0
2105546683,4.9838376,3.314502,0.0,0.0,0.0,1,1,1,1,1,0,0,0,0
2106046941,4.929053,3.3177245,0.0,0.0,0.0,1,1,1,1,1,0,0,0,0
2106556691,4.9773927,3.3177245,0.0,0.0,0.0,1,1,1,1,1,0,0,0,0
2107056699,5.004785,3.3161132,0.0,0.0,0.0,1,1,1,1,1,0,0,0,0
2107546814,4.930664,3.314502,0.0,0.0,0.0,1,1,1,1,1,0,0,0,0
2108046685,4.9822264,3.3161132,0.0,0.0,0.0,1,1,1,1,1,0,0,0,0
2108556684,4.9822264,3.3112793,0.0,0.0,0.0,1,1,1,1,1,0,0,0,0
2109046736,4.911328,3.3161132,0.0,0.0,0.0,1,1,1,1,1,0,0,0,0
2109556690,4.993506,3.314502,0.0,0.0,0.0,1,1,1,1,1,0,0,0,0
2110057069,5.0063963,3.3161132,0.0,0.0,0.0,1,1,1,1,1,0,0,0,0
2110556978,4.979004,3.314502,0.0,0.0,0.0,1,1,1,1,1,0,0,0,0
2111046819,4.979004,3.3161132,0.0,0.0,0.0,1,1,1,1,1,0,0,0,0
2111547024,4.9773927,3.314502,0.0,0.0,0.0,1,1,1,1,1,0,0,0,0
2112047688,4.9129395,3.3209472,0.0,0.0,0.0,1,1,1,1,1,0,0,0,0
2112547695,4.979004,3.3128905,0.0,0.0,0.0,1,1,1,1,1,0,0,0,0
2113046712,4.993506,3.319336,0.0,0.0,0.0,1,1,1,1,1,0,0,0,0
2113556682,4.9354978,3.3161132,0.0,0.0,0.0,1,1,1,1,1,0,0,0,0
2114056683,4.9854493,3.3161132,0.0,0.0,0.0,1,1,1,1,1,0,0,0,0
2114546707,4.9773927,3.314502,0.0,0.0,0.0,1,1,1,1,1,0,0,0,0
2115046700,4.9773927,3.3161132,0.0,0.0,0.0,1,1,1,1,1,0,0,0,0
2115546687,4.990283,3.3161132,0.0,0.0,0.0,1,1,1,1,1,0,0,0,0
2116046687,4.980615,3.3161132,0.0,0.0,0.0,1,1,1,1,1,0,0,0,0
2116546690,4.979004,3.314502,0.0,0.0,0.0,1,1,1,1,1,0,0,0,0
2117046688,4.979004,3.3161132,0.0,0.0,0.0,1,1,1,1,1,0,0,0,0
2117556743,5.003174,3.325781,0.0,0.0,0.0,1,1,1,1,1,0,0,0,0
2118046817,4.9773927,3.319336,0.0,0.0,0.0,1,1,1,1,1,0,0,0,0
2118546716,4.9822264,3.3161132,0.0,0.0,0.0,1,1,1,1,1,0,0,0,0
2119046684,5.004785,3.3161132,0.0,0.0,0.0,1,1,1,1,1,0,0,0,0
2119546682,4.9773927,3.314502,0.0,0.0,0.0,1,1,1,1,1,0,0,0,0
2120046689,5.0015626,3.3161132,0.0,0.0,0.0,1,1,1,1,1,0,0,0,0
2120556950,4.9838376,3.3161132,0.0,0.0,0.0,1,1,1,1,1,0,0,0,0
2121057072,5.004785,3.3128905,0.0,0.0,0.0,1,1,1,1,1,0,0,0,0
2121546971,4.9081054,3.3161132,0.0,0.0,0.0,1,1,1,1,1,0,0,0,0
2122047738,5.0015626,3.3161132,0.0,0.0,0.0,1,1,1,1,1,0,0,0,0
2122547120,4.975781,3.3161132,0.0,0.0,0.0,1,1,1,1,1,0,0,0,0
2123047565,4.9983397,3.3161132,0.0,0.0,0.0,1,1,1,1,1,0,0,0,0
2123546751,5.0015626,3.319336,0.0,0.0,0.0,1,1,1,1,1,0,0,0,0
2124056683,4.9838376,3.3161132,0.0,0.0,0.0,1,1,1,1,1,0,0,0,0
2124556683,4.9854493,3.3161132,0.0,0.0,0.0,1,1,1,1,1,0,0,0,0
2125046860,4.9725585,3.314502,0.0,0.0,0.0,1,1,1,1,1,0,0,0,0
2125546727,4.979004,3.3273926,0.0,0.0,0.0,1,1,1,1,1,0,0,0,0
2126046698,4.9709473,3.3128905,0.0,0.0,0.0,1,1,1,1,1,0,0,0,0
2126546681,4.9838376,3.3161132,0.0,0.0,0.0,1,1,1,1,1,0,0,0,0
2127046688,4.9822264,3.3177245,0.0,0.0,0.0,1,1,1,1,1,0,0,0,0
2127556689,5.004785,3.3177245,0.0,0.0,0.0,1,1,1,1,1,0,0,0,0
2128056760,5.0080075,3.3161132,0.0,0.0,0.0,1,1,1,1,1,0,0,0,0
2128546685,4.9838376,3.3161132,0.0,0.0,0.0,1,1,1,1,1,0,0,0,0
2129046684,4.9129395,3.3161132,0.0,0.0,0.0,1,1,1,1,1,0,0,0,0
2129546683,4.9773927,3.3161132,0.0,0.0,0.0,1,1,1,1,1,0,0,0,0
2130046739,4.979004,3.3161132,0.0,0.0,0.0,1,1,1,1,1,0,0,0,0
2130546684,4.941943,3.3161132,0.0,0.0,0.0,1,1,1,1,1,0,0,0,0
2131056918,4.9822264,3.3161132,0.0,0.0,0.0,1,1,1,1,1,0,0,0,0
2131556850,4.9822264,3.3177245,0.0,0.0,0.0,1,1,1,1,1,0,0,0,0
2132046799,4.979004,3.3161132,0.0,0.0,0.0,1,1,1,1,1,0,0,0,0
2132546963,4.9822264,3.3161132,0.0,0.0,0.0,1,1,1,1,1,0,0,0,0
2133047297,5.0063963,3.3161132,0.0,0.0,0.0,1,1,1,1,1,0,0,0,0
2133547466,4.9967284,3.3161132,0.0,0.0,0.0,1,1,1,1,1,0,0,0,0
2134046716,5.004785,3.3128905,0.0,0.0,0.0,1,1,1,1,1,0,0,0,0
2134556685,4.9838376,3.3161132,0.0,0.0,0.0,1,1,1,1,1,0,0,0,0
2135056795,4.916162,3.314502,0.0,0.0,0.0,1,1,1,1,1,0,0,0,0
2135546713,4.9741697,3.3177245,0.0,0.0,0.0,1,1,1,1,1,0,0,0,0
2136046724,4.975781,3.3161132,0.0,0.0,0.0,1,1,1,1,1,0,0,0,0
2136546692,4.9338865,3.319336,0.0,0.0,0.0,1,1,1,1,1,0,0,0,0
2137046737,4.9822264,3.3161132,0.0,0.0,0.0,1,1,1,1,1,0,0,0,0
2137546841,4.9822264,3.3161132,0.0,0.0,0.0,1,1,1,1,1,0,0,0,0
2138057068,4.979004,3.314502,0.0,0.0,0.0,1,1,1,1,1,0,0,0,0
2138556732,4.975781,3.3161132,0.0,0.0,0.0,1,1,1,1,1,0,0,0,0
2139046860,5.0080075,3.3177245,0.0,0.0,0.0,1,1,1,1,1,0,0,0,0
2139546682,4.9081054,3.3161132,0.0,0.0,0.0,1,1,1,1,1,0,0,0,0
2140046699,4.980615,3.3161132,0.0,0.0,0.0,1,1,1,1,1,0,0,0,0
2140546761,4.9773927,3.314502,0.0,0.0,0.0,1,1,1,1,1,0,0,0,0
2141056960,5.0063963,3.3161132,0.0,0.0,0.0,1,1,1,1,1,0,0,0,0
2141556968,4.999951,3.314502,0.0,0.0,0.0,1,1,1,1,1,0,0,0,0
2142056751,4.9854493,3.3177245,0.0,0.0,0.0,1,1,1,1,1,0,0,0,0
2142546683,4.9097166,3.3161132,0.0,0.0,0.0,1,1,1,1,1,0,0,0,0
2143046689,4.9838376,3.314502,0.0,0.0,0.0,1,1,1,1,1,0,0,0,0
2143547083,4.979004,3.314502,0.0,0.0,0.0,1,1,1,1,1,0,0,0,0
2144047231,4.914551,3.314502,0.0,0.0,0.0,1,1,1,1,1,0,0,0,0
2144546717,4.9838376,3.3161132,0.0,0.0,0.0,1,1,1,1,1,0,0,0,0
2145056686,4.980615,3.3161132,0.0,0.0,0.0,1,1,1,1,1,0,0,0,0
2145556710,4.9097166,3.3161132,0.0,0.0,0.0,1,1,1,1,1,0,0,0,0
2146046713,5.0080075,3.3177245,0.0,0.0,0.0,1,1,1,1,1,0,0,0,0
2146546709,4.9838376,3.3161132,0.0,0.0,0.0,1,1,1,1,1,0,0,0,0
2147046686,4.911328,3.319336,0.0,0.0,0.0,1,1,1,1,1,0,0,0,0
2147546684,4.980615,3.3161132,0.0,0.0,0.0,1,1,1,1,1,0,0,0,0
2148046692,4.9822264,3.3177245,0.0,0.0,0.0,1,1,1,1,1,0,0,0,0
2148556703,4.9773927,3.314502,0.0,0.0,0.0,1,1,1,1,1,0,0,0,0
2149056707,4.92583,3.3225586,0.0,0.0,0.0,1,1,1,1,1,0,0,0,0
2149546819,4.9838376,3.3177245,0.0,0.0,0.0,1,1,1,1,1,0,0,0,0
2150046686,4.9129395,3.3161132,0.0,0.0,0.0,1,1,1,1,1,0,0,0,0
2150546686,4.975781,3.3161132,0.0,0.0,0.0,1,1,1,1,1,0,0,0,0
2151046683,4.980615,3.3161132,0.0,0.0,0.0,1,1,1,1,1,0,0,0,0
2151546685,5.0080075,3.3161132,0.0,0.0,0.0,1,1,1,1,1,0,0,0,0
2152056900,5.0015626,3.3161132,0.0,0.0,0.0,1,1,1,1,1,0,0,0,0
2152556761,4.9773927,3.3177245,0.0,0.0,0.0,1,1,1,1,1,0,0,0,0
2153046972,4.9822264,3.3177245,0.0,0.0,0.0,1,1,1,1,1,0,0,0,0
2153546791,5.003174,3.3161132,0.0,0.0,0.0,1,1,1,1,1,0,0,0,0
2154047133,4.9822264,3.3161132,0.0,0.0,0.0,1,1,1,1,1,0,0,0,0
2154546992,5.004785,3.3161132,0.0,0.0,0.0,1,1,1,1,1,0,0,0,0
2155046682,4.975781,3.314502,0.0,0.0,0.0,1,1,1,1,1,0,0,0,0
2155556685,5.004785,3.314502,0.0,0.0,0.0,1,1,1,1,1,0,0,0,0
2156056683,4.9129395,3.3161132,0.0,0.0,0.0,1,1,1,1,1,0,0,0,0
2156547071,4.9854493,3.314502,0.0,0.0,0.0,1,1,1,1,1,0,0,0,0
2157046683,5.0080075,3.3161132,0.0,0.0,0.0,1,1,1,1,1,0,0,0,0
2157546827,4.990283,3.3112793,0.0,0.0,0.0,1,1,1,1,1,0,0,0,0
2158046684,5.0080075,3.3161132,0.0,0.0,0.0,1,1,1,1,1,0,0,0,0
2158546683,4.9709473,3.3161132,0.0,0.0,0.0,1,1,1,1,1,0,0,0,0
2159056683,4.911328,3.3161132,0.0,0.0,0.0,1,1,1,1,1,0,0,0,0
2159556683,4.979004,3.3161132,0.0,0.0,0.0,1,1,1,1,1,0,0,0,0
2160046838,4.9870605,3.314502,0.0,0.0,0.0,1,1,1,1,1,0,0,0,0
2160546741,5.004785,3.3161132,0.0,0.0,0.0,1,1,1,1,1,0,0,0,0
2161046685,4.979004,3.3161132,0.0,0.0,0.0,1,1,1,1,1,0,0,0,0
2161546684,5.0112305,3.3177245,0.0,0.0,0.0,1,1,1,1,1,0,0,0,0
2162046742,4.979004,3.3177245,0.0,0.0,0.0,1,1,1,1,1,0,0,0,0
2162556701,4.979004,3.314502,0.0,0.0,0.0,1,1,1,1,1,0,0,0,0
2163056893,4.980615,3.3128905,0.0,0.0,0.0,1,1,1,1,1,0,0,0,0
2163546713,4.980615,3.3177245,0.0,0.0,0.0,1,1,1,1,1,0,0,0,0
2164046844,4.9838376,3.3128905,0.0,0.0,0.0,1,1,1,1,1,0,0,0,0
2164547155,4.980615,3.3161132,0.0,0.0,0.0,1,1,1,1,1,0,0,0,0
2165047378,5.004785,3.3161132,0.0,0.0,0.0,1,1,1,1,1,0,0,0,0
2165547616,5.0063963,3.314502,0.0,0.0,0.0,1,1,1,1,1,0,0,0,0
2166056684,5.0063963,3.314502,0.0,0.0,0.0,1,1,1,1,1,0,0,0,0
2166556707,4.9741697,3.314502,0.0,0.0,0.0,1,1,1,1,1,0,0,0,0
2167046708,4.9435544,3.3161132,0.0,0.0,0.0,1,1,1,1,1,0,0,0,0
2167546686,4.9854493,3.3161132,0.0,0.0,0.0,1,1,1,1,1,0,0,0,0
2168046816,4.9838376,3.3161132,0.0,0.0,0.0,1,1,1,1,1,0,0,0,0
2168546716,4.9822264,3.3128905,0.0,0.0,0.0,1,1,1,1,1,0,0,0,0
2169046834,5.0063963,3.3161132,0.0,0.0,0.0,1,1,1,1,1,0,0,0,0
2169556733,4.9822264,3.314502,0.0,0.0,0.0,1,1,1,1,1,0,0,0,0
2170046688,4.940332,3.3161132,0.0,0.0,0.0,1,1,1,1,1,0,0,0,0
2170546740,5.004785,3.3161132,0.0,0.0,0.0,1,1,1,1,1,0,0,0,0
2171046681,4.979004,3.3209472,0.0,0.0,0.0,1,1,1,1,1,0,0,0,0
2171546684,4.979004,3.314502,0.0,0.0,0.0,1,1,1,1,1,0,0,0,0
2172046854,5.0063963,3.3161132,0.0,0.0,0.0,1,1,1,1,1,0,0,0,0
2172556711,4.9870605,3.314502,0.0,0.0,0.0,1,1,1,1,1,0,0,0,0
2173056684,4.979004,3.314502,0.0,0.0,0.0,1,1,1,1,1,0,0,0,0
2173556834,4.975781,3.3128905,0.0,0.0,0.0,1,1,1,1,1,0,0,0,0
2174046690,4.9822264,3.3177245,0.0,0.0,0.0,1,1,1,1,1,0,0,0,0
2174546682,4.9822264,3.3177245,0.0,0.0,0.0,1,1,1,1,1,0,0,0,0
2175047067,4.980615,3.3161132,0.0,0.0,0.0,1,1,1,1,1,0,0,0,0
2175547026,4.979004,3.314502,0.0,0.0,0.0,1,1,1,1,1,0,0,0,0
2176047014,4.9371095,3.3161132,0.0,0.0,0.0,1,1,1,1,1,0,0,0,0
2176556710,4.975781,3.314502,0.0,0.0,0.0,1,1,1,1,1,0,0,0,0
2177056682,4.979004,3.3161132,0.0,0.0,0.0,1,1,1,1,1,0,0,0,0
2177546767,4.9773927,3.314502,0.0,0.0,0.0,1,1,1,1,1,0,0,0,0
2178046683,4.979004,3.3177245,0.0,0.0,0.0,1,1,1,1,1,0,0,0,0
2178546823,5.0080075,3.314502,0.0,0.0,0.0,1,1,1,1,1,0,0,0,0
2179046682,4.941943,3.3177245,0.0,0.0,0.0,1,1,1,1,1,0,0,0,0
2179546685,4.9822264,3.3161132,0.0,0.0,0.0,1,1,1,1,1,0,0,0,0
2180046687,5.009619,3.3161132,0.0,0.0,0.0,1,1,1,1,1,0,0,0,0
2180546683,4.916162,3.3177245,0.0,0.0,0.0,1,1,1,1,1,0,0,0,0
2181046684,4.979004,3.3161132,0.0,0.0,0.0,1,1,1,1,1,0,0,0,0
2181547161,5.0015626,3.3177245,0.0,0.0,0.0,1,1,1,1,1,0,0,0,0
2182046683,4.914551,3.3177245,0.0,0.0,0.0,1,1,1,1,1,0,0,0,0
2182546685,4.979004,3.3161132,0.0,0.0,0.0,1,1,1,1,1,0,0,0,0
2183046682,4.9838376,3.314502,0.0,0.0,0.0,1,1,1,1,1,0,0,0,0
2183556684,4.9193845,3.314502,0.0,0.0,0.0,1,1,1,1,1,0,0,0,0
2184056720,4.9822264,3.3161132,0.0,0.0,0.0,1,1,1,1,1,0,0,0,0
2184546713,5.0015626,3.3177245,0.0,0.0,0.0,1,1,1,1,1,0,0,0,0
2185046684,4.980615,3.3161132,0.0,0.0,0.0,1,1,1,1,1,0,0,0,0
2185546690,4.9870605,3.3161132,0.0,0.0,0.0,1,1,1,1,1,0,0,0,0
2186046754,4.9822264,3.314502,0.0,0.0,0.0,1,1,1,1,1,0,0,0,0
2186546972,4.916162,3.3161132,0.0,0.0,0.0,1,1,1,1,1,0,0,0,0
2187057056,4.9741697,3.3161132,0.0,0.0,0.0,1,1,1,1,1,0,0,0,0
2187556683,5.009619,3.3161132,0.0,0.0,0.0,1,1,1,1,1,0,0,0,0
2188046725,4.9338865,3.314502,0.0,0.0,0.0,1,1,1,1,1,0,0,0,0
2188546682,4.980615,3.3161132,0.0,0.0,0.0,1,1,1,1,1,0,0,0,0
2189046684,4.9838376,3.319336,0.0,0.0,0.0,1,1,1,1,1,0,0,0,0
2189546768,4.916162,3.3161132,0.0,0.0,0.0,1,1,1,1,1,0,0,0,0
2190046713,4.9822264,3.3128905,0.0,0.0,0.0,1,1,1,1,1,0,0,0,0
2190556685,4.988672,3.3177245,0.0,0.0,0.0,1,1,1,1,1,0,0,0,0
2191046896,5.0063963,3.3161132,0.0,0.0,0.0,1,1,1,1,1,0,0,0,0
2191546689,4.9129395,3.3241699,0.0,0.0,0.0,1,1,1,1,1,0,0,0,0
2192046692,4.979004,3.3161132,0.0,0.0,0.0,1,1,1,1,1,0,0,0,0
2192546685,4.9193845,3.319336,0.0,0.0,0.0,1,1,1,1,1,0,0,0,0
2193046744,5.003174,3.3161132,0.0,0.0,0.0,1,1,1,1,1,0,0,0,0
2193546736,4.979004,3.3177245,0.0,0.0,0.0,1,1,1,1,1,0,0,0,0
2194056707,4.9129395,3.3161132,0.0,0.0,0.0,1,1,1,1,1,0,0,0,0
2194556689,4.979004,3.314502,0.0,0.0,0.0,1,1,1,1,1,0,0,0,0
2195046787,4.980615,3.3161132,0.0,0.0,0.0,1,1,1,1,1,0,0,0,0
2195546756,4.9854493,3.3161132,0.0,0.0,0.0,1,1,1,1,1,0,0,0,0
2196046740,5.0080075,3.314502,0.0,0.0,0.0,1,1,1,1,1,0,0,0,0
2196547045,5.009619,3.314502,0.0,0.0,0.0,1,1,1,1,1,0,0,0,0
2197057320,4.9193845,3.3161132,0.0,0.0,0.0,1,1,1,1,1,0,0,0,0
2197556997,4.9773927,3.3161132,0.0,0.0,0.0,1,1,1,1,1,0,0,0,0
2198057210,5.003174,3.3161132,0.0,0.0,0.0,1,1,1,1,1,0,0,0,0
2198546687,4.9854493,3.3161132,0.0,0.0,0.0,1,1,1,1,1,0,0,0,0
2199046689,5.009619,3.3161132,0.0,0.0,0.0,1,1,1,1,1,0,0,0,0
2199546689,4.9822264,3.3161132,0.0,0.0,0.0,1,1,1,1,1,0,0,0,0
2200046682,4.9838376,3.3161132,0.0,0.0,0.0,1,1,1,1,1,0,0,0,0
2200547063,5.009619,3.3177245,0.0,0.0,0.0,1,1,1,1,1,0,0,0,0
2201056712,4.9838376,3.3161132,0.0,0.0,0.0,1,1,1,1,1,0,0,0,0
2201546711,4.9822264,3.3161132,0.0,0.0,0.0,1,1,1,1,1,0,0,0,0
2202046683,4.9773927,3.3161132,0.0,0.0,0.0,1,1,1,1,1,0,0,0,0
2202546687,4.993506,3.314502,0.0,0.0,0.0,1,1,1,1,1,0,0,0,0
2203046718,4.980615,3.314502,0.0,0.0,0.0,1,1,1,1,1,0,0,0,0
2203546906,4.9129395,3.3177245,0.0,0.0,0.0,1,1,1,1,1,0,0,0,0
2204047502,5.0063963,3.3177245,0.0,0.0,0.0,1,1,1,1,1,0,0,0,0
2204556917,4.979004,3.3161132,0.0,0.0,0.0,1,1,1,1,1,0,0,0,0
2205056685,4.9822264,3.3177245,0.0,0.0,0.0,1,1,1,1,1,0,0,0,0
2205546688,4.980615,3.3161132,0.0,0.0,0.0,1,1,1,1,1,0,0,0,0
2206047075,4.9822264,3.3161132,0.0,0.0,0.0,1,1,1,1,1,0,0,0,0
2206546961,5.0063963,3.314502,0.0,0.0,0.0,1,1,1,1,1,0,0,0,0
2207057011,4.9741697,3.3177245,0.0,0.0,0.0,1,1,1,1,1,0,0,0,0
2207557510,4.980615,3.3161132,0.0,0.0,0.0,1,1,1,1,1,0,0,0,0
2208057766,5.003174,3.3161132,0.0,0.0,0.0,1,1,1,1,1,0,0,0,0
2208557693,4.9822264,3.3177245,0.0,0.0,0.0,1,1,1,1,1,0,0,0,0
2209046682,5.0112305,3.3177245,0.0,0.0,0.0,1,1,1,1,1,0,0,0,0
2209546693,5.004785,3.3177245,0.0,0.0,0.0,1,1,1,1,1,0,0,0,0
2210046684,5.0015626,3.3161132,0.0,0.0,0.0,1,1,1,1,1,0,0,0,0
2210546681,4.980615,3.3161132,0.0,0.0,0.0,1,1,1,1,1,0,0,0,0
2211046685,4.9354978,3.3161132,0.0,0.0,0.0,1,1,1,1,1,0,0,0,0
2211556766,4.9838376,3.3177245,0.0,0.0,0.0,1,1,1,1,1,0,0,0,0
2212046710,4.9838376,3.319336,0.0,0.0,0.0,1,1,1,1,1,0,0,0,0
2212546680,4.9854493,3.3161132,0.0,0.0,0.0,1,1,1,1,1,0,0,0,0
2213046799,4.979004,3.3177245,0.0,0.0,0.0,1,1,1,1,1,0,0,0,0
2213546920,4.980615,3.3177245,0.0,0.0,0.0,1,1,1,1,1,0,0,0,0
2214046684,4.929053,3.3177245,0.0,0.0,0.0,1,1,1,1,1,0,0,0,0
2214546858,5.0015626,3.314502,0.0,0.0,0.0,1,1,1,1,1,0,0,0,0
2215056681,4.9870605,3.314502,0.0,0.0,0.0,1,1,1,1,1,0,0,0,0
2215556695,5.0063963,3.3161132,0.0,0.0,0.0,1,1,1,1,1,0,0,0,0
2216046682,5.0015626,3.3161132,0.0,0.0,0.0,1,1,1,1,1,0,0,0,0
2216546687,4.9822264,3.314502,0.0,0.0,0.0,1,1,1,1,1,0,0,0,0
2217057417,4.9773927,3.3161132,0.0,0.0,0.0,1,1,1,1,1,0,0,0,0
2217556728,5.009619,3.3161132,0.0,0.0,0.0,1,1,1,1,1,0,0,0,0
2218056841,4.9838376,3.3161132,0.0,0.0,0.0,1,1,1,1,1,0,0,0,0
2218557361,4.9822264,3.3177245,0.0,0.0,0.0,1,1,1,1,1,0,0,0,0
2219057205,5.0080075,3.3177245,0.0,0.0,0.0,1,1,1,1,1,0,0,0,0
2219547496,4.9838376,3.314502,0.0,0.0,0.0,1,1,1,1,1,0,0,0,0
2220047203,4.9387207,3.314502,0.0,0.0,0.0,1,1,1,1,1,0,0,0,0
2220546711,4.9918942,3.3161132,0.0,0.0,0.0,1,1,1,1,1,0,0,0,0
2221046737,5.003174,3.314502,0.0,0.0,0.0,1,1,1,1,1,0,0,0,0
2221546688,4.916162,3.3161132,0.0,0.0,0.0,1,1,1,1,1,0,0,0,0
2222056684,4.993506,3.3161132,0.0,0.0,0.0,1,1,1,1,1,0,0,0,0
2222556692,4.979004,3.3177245,0.0,0.0,0.0,1,1,1,1,1,0,0,0,0
2223046686,4.9371095,3.3128905,0.0,0.0,0.0,1,1,1,1,1,0,0,0,0
2223546711,5.0063963,3.3177245,0.0,0.0,0.0,1,1,1,1,1,0,0,0,0
2224046683,4.9822264,3.3177245,0.0,0.0,0.0,1,1,1,1,1,0,0,0,0
2224546683,4.911328,3.3161132,0.0,0.0,0.0,1,1,1,1,1,0,0,0,0
2225046684,5.009619,3.3161132,0.0,0.0,0.0,1,1,1,1,1,0,0,0,0
2225556836,4.980615,3.314502,0.0,0.0,0.0,1,1,1,1,1,0,0,0,0
2226056706,4.9773927,3.3112793,0.0,0.0,0.0,1,1,1,1,1,0,0,0,0
2226546701,5.0015626,3.314502,0.0,0.0,0.0,1,1,1,1,1,0,0,0,0
2227046712,5.009619,3.3161132,0.0,0.0,0.0,1,1,1,1,1,0,0,0,0
2227546698,4.914551,3.314502,0.0,0.0,0.0,1,1,1,1,1,0,0,0,0
2228046690,5.017676,3.314502,0.0,0.0,0.0,1,1,1,1,1,0,0,0,0
2228546907,4.9854493,3.3161132,0.0,0.0,0.0,1,1,1,1,1,0,0,0,0
2229056717,4.9129395,3.3161132,0.0,0.0,0.0,1,1,1,1,1,0,0,0,0
2229556790,4.980615,3.314502,0.0,0.0,0.0,1,1,1,1,1,0,0,0,0
2230046841,5.003174,3.3161132,0.0,0.0,0.0,1,1,1,1,1,0,0,0,0
2230547282,4.980615,3.3161132,0.0,0.0,0.0,1,1,1,1,1,0,0,0,0
2231047329,5.004785,3.314502,0.0,0.0,0.0,1,1,1,1,1,0,0,0,0
2231547571,4.979004,3.314502,0.0,0.0,0.0,1,1,1,1,1,0,0,0,0
2232046698,4.9838376,3.3161132,0.0,0.0,0.0,1,1,1,1,1,0,0,0,0
2232556729,4.980615,3.3177245,0.0,0.0,0.0,1,1,1,1,1,0,0,0,0
2233056741,4.980615,3.325781,0.0,0.0,0.0,1,1,1,1,1,0,0,0,0
2233546683,5.0063963,3.314502,0.0,0.0,0.0,1,1,1,1,1,0,0,0,0
2234046730,4.9097166,3.314502,0.0,0.0,0.0,1,1,1,1,1,0,0,0,0
2234546690,4.9854493,3.314502,0.0,0.0,0.0,1,1,1,1,1,0,0,0,0
2235046684,5.003174,3.3161132,0.0,0.0,0.0,1,1,1,1,1,0,0,0,0
2235546684,4.979004,3.3177245,0.0,0.0,0.0,1,1,1,1,1,0,0,0,0
2236056682,4.9870605,3.3177245,0.0,0.0,0.0,1,1,1,1,1,0,0,0,0
2236546714,5.003174,3.3161132,0.0,0.0,0.0,1,1,1,1,1,0,0,0,0
2237046825,5.004785,3.3161132,0.0,0.0,0.0,1,1,1,1,1,0,0,0,0
2237546717,5.0112305,3.3161132,0.0,0.0,0.0,1,1,1,1,1,0,0,0,0
2238046683,4.9854493,3.3177245,0.0,0.0,0.0,1,1,1,1,1,0,0,0,0
2238546690,4.9854493,3.314502,0.0,0.0,0.0,1,1,1,1,1,0,0,0,0
2239047130,4.9741697,3.314502,0.0,0.0,0.0,1,1,1,1,1,0,0,0,0
2239556684,4.995117,3.3161132,0.0,0.0,0.0,1,1,1,1,1,0,0,0,0
2240056784,4.9822264,3.3161132,0.0,0.0,0.0,1,1,1,1,1,0,0,0,0
2240546722,4.9854493,3.3161132,0.0,0.0,0.0,1,1,1,1,1,0,0,0,0
2241046701,4.9725585,3.3161132,0.0,0.0,0.0,1,1,1,1,1,0,0,0,0
2241546897,4.9097166,3.314502,0.0,0.0,0.0,1,1,1,1,1,0,0,0,0
2242047704,4.9822264,3.314502,0.0,0.0,0.0,1,1,1,1,1,0,0,0,0
2242547584,5.0063963,3.3128905,0.0,0.0,0.0,1,1,1,1,1,0,0,0,0
2243057720,4.914551,3.3128905,0.0,0.0,0.0,1,1,1,1,1,0,0,0,0
2243556751,4.979004,3.314502,0.0,0.0,0.0,1,1,1,1,1,0,0,0,0
2244046734,4.9822264,3.3177245,0.0,0.0,0.0,1,1,1,1,1,0,0,0,0
2244546728,5.0080075,3.3161132,0.0,0.0,0.0,1,1,1,1,1,0,0,0,0
2245046706,4.980615,3.3161132,0.0,0.0,0.0,1,1,1,1,1,0,0,0,0
2245546890,4.9838376,3.3161132,0.0,0.0,0.0,1,1,1,1,1,0,0,0,0
2246046803,4.9983397,3.3177245,0.0,0.0,0.0,1,1,1,1,1,0,0,0,0
2246556683,5.0063963,3.3161132,0.0,0.0,0.0,1,1,1,1,1,0,0,0,0
2247046681,5.0080075,3.3161132,0.0,0.0,0.0,1,1,1,1,1,0,0,0,0
2247546732,4.9822264,3.3161132,0.0,0.0,0.0,1,1,1,1,1,0,0,0,0
2248046683,4.979004,3.3161132,0.0,0.0,0.0,1,1,1,1,1,0,0,0,0
2248546974,4.979004,3.314502,0.0,0.0,0.0,1,1,1,1,1,0,0,0,0
2249046683,4.9129395,3.3177245,0.0,0.0,0.0,1,1,1,1,1,0,0,0,0
2249546725,5.0015626,3.314502,0.0,0.0,0.0,1,1,1,1,1,0,0,0,0
2250056713,5.009619,3.314502,0.0,0.0,0.0,1,1,1,1,1,0,0,0,0
2250546742,4.927441,3.3161132,0.0,0.0,0.0,1,1,1,1,1,0,0,0,0
2251046690,4.980615,3.3161132,0.0,0.0,0.0,1,1,1,1,1,0,0,0,0
2251546899,4.979004,3.3161132,0.0,0.0,0.0,1,1,1,1,1,0,0,0,0
2252046688,4.9322753,3.3161132,0.0,0.0,0.0,1,1,1,1,1,0,0,0,0
2252556765,5.0080075,3.3161132,0.0,0.0,0.0,1,1,1,1,1,0,0,0,0
2253056914,5.009619,3.314502,0.0,0.0,0.0,1,1,1,1,1,0,0,0,0
2253557037,4.979004,3.3161132,0.0,0.0,0.0,1,1,1,1,1,0,0,0,0
2254057270,5.0015626,3.314502,0.0,0.0,0.0,1,1,1,1,1,0,0,0,0
2254547411,4.979004,3.3161132,0.0,0.0,0.0,1,1,1,1,1,0,0,0,0
2255047894,4.9097166,3.314502,0.0,0.0,0.0,1,1,1,1,1,0,0,0,0
2255546683,4.9773927,3.3177245,0.0,0.0,0.0,1,1,1,1,1,0,0,0,0
2256046685,5.009619,3.3161132,0.0,0.0,0.0,1,1,1,1,1,0,0,0,0
2256546681,4.903271,3.3161132,0.0,0.0,0.0,1,1,1,1,1,0,0,0,0
2257056688,4.979004,3.3161132,0.0,0.0,0.0,1,1,1,1,1,0,0,0,0
2257556775,5.004785,3.314502,0.0,0.0,0.0,1,1,1,1,1,0,0,0,0
2258046694,4.9773927,3.3128905,0.0,0.0,0.0,1,1,1,1,1,0,0,0,0
2258547239,4.9854493,3.3161132,0.0,0.0,0.0,1,1,1,1,1,0,0,0,0
2259046688,4.9822264,3.3161132,0.0,0.0,0.0,1,1,1,1,1,0,0,0,0
2259546681,4.9371095,3.3161132,0.0,0.0,0.0,1,1,1,1,1,0,0,0,0
2260046685,4.9822264,3.314502,0.0,0.0,0.0,1,1,1,1,1,0,0,0,0
2260556818,4.9983397,3.314502,0.0,0.0,0.0,1,1,1,1,1,0,0,0,0
2261056713,5.0015626,3.319336,0.0,0.0,0.0,1,1,1,1,1,0,0,0,0
2261546953,4.9838376,3.314502,0.0,0.0,0.0,1,1,1,1,1,0,0,0,0
2262046724,4.9838376,3.3161132,0.0,0.0,0.0,1,1,1,1,1,0,0,0,0
2262546684,4.9129395,3.3161132,0.0,0.0,0.0,1,1,1,1,1,0,0,0,0
2263046684,5.003174,3.3161132,0.0,0.0,0.0,1,1,1,1,1,0,0,0,0
2263546786,5.0015626,3.3161132,0.0,0.0,0.0,1,1,1,1,1,0,0,0,0
2264056712,4.9177732,3.319336,0.0,0.0,0.0,1,1,1,1,1,0,0,0,0
2264556775,4.9870605,3.3128905,0.0,0.0,0.0,1,1,1,1,1,0,0,0,0
2265047123,4.9983397,3.319336,0.0,0.0,0.0,1,1,1,1,1,0,0,0,0
2265547111,4.914551,3.3161132,0.0,0.0,0.0,1,1,1,1,1,0,0,0,0
2266047324,5.0063963,3.3161132,0.0,0.0,0.0,1,1,1,1,1,0,0,0,0
2266547485,4.979004,3.3161132,0.0,0.0,0.0,1,1,1,1,1,0,0,0,0
2267046705,4.9838376,3.314502,0.0,0.0,0.0,1,1,1,1,1,0,0,0,0
2267556683,4.980615,3.314502,0.0,0.0,0.0,1,1,1,1,1,0,0,0,0
2268056686,4.980615,3.314502,0.0,0.0,0.0,1,1,1,1,1,0,0,0,0
2268546721,4.9097166,3.3161132,0.0,0.0,0.0,1,1,1,1,1,0,0,0,0
2269046684,5.003174,3.3161132,0.0,0.0,0.0,1,1,1,1,1,0,0,0,0
2269546780,4.980615,3.3177245,0.0,0.0,0.0,1,1,1,1,1,0,0,0,0
2270046700,4.979004,3.319336,0.0,0.0,0.0,1,1,1,1,1,0,0,0,0
2270546739,5.0112305,3.3161132,0.0,0.0,0.0,1,1,1,1,1,0,0,0,0
2271056706,4.995117,3.3161132,0.0,0.0,0.0,1,1,1,1,1,0,0,0,0
2271546897,5.003174,3.319336,0.0,0.0,0.0,1,1,1,1,1,0,0,0,0
2272046685,4.9822264,3.314502,0.0,0.0,0.0,1,1,1,1,1,0,0,0,0
2272546841,4.9822264,3.3161132,0.0,0.0,0.0,1,1,1,1,1,0,0,0,0
2273046693,4.9854493,3.3177245,0.0,0.0,0.0,1,1,1,1,1,0,0,0,0
2273546689,4.9773927,3.314502,0.0,0.0,0.0,1,1,1,1,1,0,0,0,0
2274046686,4.995117,3.3161132,0.0,0.0,0.0,1,1,1,1,1,0,0,0,0
2274556695,4.9371095,3.3161132,0.0,0.0,0.0,1,1,1,1,1,0,0,0,0
2275056717,4.979004,3.314502,0.0,0.0,0.0,1,1,1,1,1,0,0,0,0
2275546786,4.979004,3.3161132,0.0,0.0,0.0,1,1,1,1,1,0,0,0,0
2276046728,4.9822264,3.3128905,0.0,0.0,0.0,1,1,1,1,1,0,0,0,0
2276546733,4.988672,3.3161132,0.0,0.0,0.0,1,1,1,1,1,0,0,0,0
2277046948,4.980615,3.3177245,0.0,0.0,0.0,1,1,1,1,1,0,0,0,0
2277557309,4.940332,3.314502,0.0,0.0,0.0,1,1,1,1,1,0,0,0,0
2278057105,4.999951,3.3161132,0.0,0.0,0.0,1,1,1,1,1,0,0,0,0
2278557472,4.9822264,3.314502,0.0,0.0,0.0,1,1,1,1,1,0,0,0,0
2279046722,4.9596677,3.3161132,0.0,0.0,0.0,1,1,1,1,1,0,0,0,0
2279546684,4.911328,3.3161132,0.0,0.0,0.0,1,1,1,1,1,0,0,0,0
2280046683,4.9870605,3.3177245,0.0,0.0,0.0,1,1,1,1,1,0,0,0,0
2280546710,4.9838376,3.3161132,0.0,0.0,0.0,1,1,1,1,1,0,0,0,0
2281046877,4.9322753,3.3161132,0.0,0.0,0.0,1,1,1,1,1,0,0,0,0
2281556704,4.9773927,3.314502,0.0,0.0,0.0,1,1,1,1,1,0,0,0,0
2282056684,5.004785,3.3161132,0.0,0.0,0.0,1,1,1,1,1,0,0,0,0
2282546684,4.9177732,3.3161132,0.0,0.0,0.0,1,1,1,1,1,0,0,0,0
2283046687,5.0080075,3.3161132,0.0,0.0,0.0,1,1,1,1,1,0,0,0,0
2283546684,5.0063963,3.3161132,0.0,0.0,0.0,1,1,1,1,1,0,0,0,0
2284046846,4.980615,3.3161132,0.0,0.0,0.0,1,1,1,1,1,0,0,0,0
2284546782,5.003174,3.3161132,0.0,0.0,0.0,1,1,1,1,1,0,0,0,0
2285056864,4.9822264,3.3161132,0.0,0.0,0.0,1,1,1,1,1,0,0,0,0
2285556688,4.916162,3.3161132,0.0,0.0,0.0,1,1,1,1,1,0,0,0,0
2286046685,4.9854493,3.3161132,0.0,0.0,0.0,1,1,1,1,1,0,0,0,0
2286546682,5.0112305,3.3161132,0.0,0.0,0.0,1,1,1,1,1,0,0,0,0
2287046691,4.966113,3.3161132,0.0,0.0,0.0,1,1,1,1,1,0,0,0,0
2287547177,4.9983397,3.314502,0.0,0.0,0.0,1,1,1,1,1,0,0,0,0
2288056848,4.979004,3.3177245,0.0,0.0,0.0,1,1,1,1,1,0,0,0,0
2288556724,4.979004,3.314502,0.0,0.0,0.0,1,1,1,1,1,0,0,0,0
2289056921,5.0080075,3.3161132,0.0,0.0,0.0,1,1,1,1,1,0,0,0,0
2289547064,5.0063963,3.3161132,0.0,0.0,0.0,1,1,1,1,1,0,0,0,0
2290047268,4.980615,3.325781,0.0,0.0,0.0,1,1,1,1,1,0,0,0,0
2290547665,4.9773927,3.3177245,0.0,0.0,0.0,1,1,1,1,1,0,0,0,0
2291047805,4.9822264,3.3161132,0.0,0.0,0.0,1,1,1,1,1,0,0,0,0
2291546682,4.9129395,3.319336,0.0,0.0,0.0,1,1,1,1,1,0,0,0,0
2292056683,4.9838376,3.3177245,0.0,0.0,0.0,1,1,1,1,1,0,0,0,0
2292556728,5.0063963,3.3161132,0.0,0.0,0.0,1,1,1,1,1,0,0,0,0
2293046687,4.9387207,3.3161132,0.0,0.0,0.0,1,1,1,1,1,0,0,0,0
2293546737,4.980615,3.314502,0.0,0.0,0.0,1,1,1,1,1,0,0,0,0
2294047160,5.0080075,3.314502,0.0,0.0,0.0,1,1,1,1,1,0,0,0,0
2294546684,4.9354978,3.3161132,0.0,0.0,0.0,1,1,1,1,1,0,0,0,0
2295046706,4.988672,3.3161132,0.0,0.0,0.0,1,1,1,1,1,0,0,0,0
2295556685,5.0080075,3.3161132,0.0,0.0,0.0,1,1,1,1,1,0,0,0,0
2296046691,4.906494,3.314502,0.0,0.0,0.0,1,1,1,1,1,0,0,0,0
2296546690,4.9838376,3.3161132,0.0,0.0,0.0,1,1,1,1,1,0,0,0,0
2297046809,4.9822264,3.314502,0.0,0.0,0.0,1,1,1,1,1,0,0,0,0
2297546714,4.911328,3.3161132,0.0,0.0,0.0,1,1,1,1,1,0,0,0,0
2298046684,5.0080075,3.3128905,0.0,0.0,0.0,1,1,1,1,1,0,0,0,0
2298546723,4.9822264,3.314502,0.0,0.0,0.0,1,1,1,1,1,0,0,0,0
2299056685,4.9838376,3.3161132,0.0,0.0,0.0,1,1,1,1,1,0,0,0,0
2299556766,5.0080075,3.314502,0.0,0.0,0.0,1,1,1,1,1,0,0,0,0
2300046788,4.9838376,3.3161132,0.0,0.0,0.0,1,1,1,1,1,0,0,0,0
2300546803,4.9354978,3.3161132,0.0,0.0,0.0,1,1,1,1,1,0,0,0,0
2301046685,4.980615,3.314502,0.0,0.0,0.0,1,1,1,1,1,0,0,0,0
2301547033,5.003174,3.3177245,0.0,0.0,0.0,1,1,1,1,1,0,0,0,0
2302057248,5.0063963,3.319336,0.0,0.0,0.0,1,1,1,1,1,0,0,0,0
2302557322,4.9725585,3.314502,0.0,0.0,0.0,1,1,1,1,1,0,0,0,0
2303057561,4.979004,3.3161132,0.0,0.0,0.0,1,1,1,1,1,0,0,0,0
2303546719,4.9371095,3.3128905,0.0,0.0,0.0,1,1,1,1,1,0,0,0,0
2304046686,4.9838376,3.3161132,0.0,0.0,0.0,1,1,1,1,1,0,0,0,0
2304546688,4.9854493,3.3128905,0.0,0.0,0.0,1,1,1,1,1,0,0,0,0
2305046739,4.914551,3.3161132,0.0,0.0,0.0,1,1,1,1,1,0,0,0,0
2305546683,4.9870605,3.3161132,0.0,0.0,0.0,1,1,1,1,1,0,0,0,0
2306056771,4.979004,3.3161132,0.0,0.0,0.0,1,1,1,1,1,0,0,0,0
2306556713,4.914551,3.319336,0.0,0.0,0.0,1,1,1,1,1,0,0,0,0
2307046882,4.9854493,3.3161132,0.0,0.0,0.0,1,1,1,1,1,0,0,0,0
2307546683,4.9983397,3.314502,0.0,0.0,0.0,1,1,1,1,1,0,0,0,0
2308046686,4.9129395,3.314502,0.0,0.0,0.0,1,1,1,1,1,0,0,0,0
2308546685,4.9838376,3.3161132,0.0,0.0,0.0,1,1,1,1,1,0,0,0,0
2309046769,5.004785,3.314502,0.0,0.0,0.0,1,1,1,1,1,0,0,0,0
2309556719,4.914551,3.3128905,0.0,0.0,0.0,1,1,1,1,1,0,0,0,0
2310056745,4.999951,3.314502,0.0,0.0,0.0,1,1,1,1,1,0,0,0,0
2310546682,4.9838376,3.3161132,0.0,0.0,0.0,1,1,1,1,1,0,0,0,0
2311046681,5.004785,3.314502,0.0,0.0,0.0,1,1,1,1,1,0,0,0,0
2311546733,4.979004,3.3177245,0.0,0.0,0.0,1,1,1,1,1,0,0,0,0
2312046766,5.0063963,3.3177245,0.0,0.0,0.0,1,1,1,1,1,0,0,0,0
2312546684,4.988672,3.3112793,0.0,0.0,0.0,1,1,1,1,1,0,0,0,0
2313056697,5.004785,3.3161132,0.0,0.0,0.0,1,1,1,1,1,0,0,0,0
2313556691,4.975781,3.3161132,0.0,0.0,0.0,1,1,1,1,1,0,0,0,0
2314046686,4.9822264,3.3161132,0.0,0.0,0.0,1,1,1,1,1,0,0,0,0
2314546884,4.979004,3.3161132,0.0,0.0,0.0,1,1,1,1,1,0,0,0,0
2315047186,4.9822264,3.3161132,0.0,0.0,0.0,1,1,1,1,1,0,0,0,0
2315546682,4.9838376,3.314502,0.0,0.0,0.0,1,1,1,1,1,0,0,0,0
2316046690,4.916162,3.3161132,0.0,0.0,0.0,1,1,1,1,1,0,0,0,0
2316556695,5.003174,3.314502,0.0,0.0,0.0,1,1,1,1,1,0,0,0,0
2317056685,4.9354978,3.3161132,0.0,0.0,0.0,1,1,1,1,1,0,0,0,0
2317546688,4.9838376,3.3161132,0.0,0.0,0.0,1,1,1,1,1,0,0,0,0
2318046738,4.979004,3.314502,0.0,0.0,0.0,1,1,1,1,1,0,0,0,0
2318546781,5.0080075,3.3128905,0.0,0.0,0.0,1,1,1,1,1,0,0,0,0
2319046681,5.0112305,3.3161132,0.0,0.0,0.0,1,1,1,1,1,0,0,0,0
2319546690,4.980615,3.314502,0.0,0.0,0.0,1,1,1,1,1,0,0,0,0
2320056686,5.0080075,3.3161132,0.0,0.0,0.0,1,1,1,1,1,0,0,0,0
2320546688,4.941943,3.3161132,0.0,0.0,0.0,1,1,1,1,1,0,0,0,0
2321046750,4.980615,3.3161132,0.0,0.0,0.0,1,1,1,1,1,0,0,0,0
2321546812,4.969336,3.3161132,0.0,0.0,0.0,1,1,1,1,1,0,0,0,0
2322046683,4.9822264,3.3161132,0.0,0.0,0.0,1,1,1,1,1,0,0,0,0
2322546688,5.0080075,3.3128905,0.0,0.0,0.0,1,1,1,1,1,0,0,0,0
2323056754,4.9822264,3.314502,0.0,0.0,0.0,1,1,1,1,1,0,0,0,0
2323556682,4.979004,3.314502,0.0,0.0,0.0,1,1,1,1,1,0,0,0,0
2324057075,5.0080075,3.3161132,0.0,0.0,0.0,1,1,1,1,1,0,0,0,0
2324546829,4.999951,3.3128905,0.0,0.0,0.0,1,1,1,1,1,0,0,0,0
2325046811,4.9854493,3.3128905,0.0,0.0,0.0,1,1,1,1,1,0,0,0,0
2325546754,4.9870605,3.3161132,0.0,0.0,0.0,1,1,1,1,1,0,0,0,0
2326047253,4.9854493,3.314502,0.0,0.0,0.0,1,1,1,1,1,0,0,0,0
2326557445,5.0015626,3.3177245,0.0,0.0,0.0,1,1,1,1,1,0,0,0,0
2327058265,4.979004,3.314502,0.0,0.0,0.0,1,1,1,1,1,0,0,0,0
2327558018,4.9773927,3.314502,0.0,0.0,0.0,1,1,1,1,1,0,0,0,0
2328046709,4.988672,3.3161132,0.0,0.0,0.0,1,1,1,1,1,0,0,0,0
2328546685,4.979004,3.314502,0.0,0.0,0.0,1,1,1,1,1,0,0,0,0
2329046683,4.988672,3.314502,0.0,0.0,0.0,1,1,1,1,1,0,0,0,0
2329546781,4.9129395,3.3161132,0.0,0.0,0.0,1,1,1,1,1,0,0,0,0
2330046682,4.979004,3.3161132,0.0,0.0,0.0,1,1,1,1,1,0,0,0,0
2330557386,4.9773927,3.314502,0.0,0.0,0.0,1,1,1,1,1,0,0,0,0
2331056709,4.9193845,3.314502,0.0,0.0,0.0,1,1,1,1,1,0,0,0,0
2331546681,4.9612794,3.3161132,0.0,0.0,0.0,1,1,1,1,1,0,0,0,0
2332046683,4.9838376,3.314502,0.0,0.0,0.0,1,1,1,1,1,0,0,0,0
2332546684,5.019287,3.3161132,0.0,0.0,0.0,1,1,1,1,1,0,0,0,0
2333056694,4.9822264,3.3161132,0.0,0.0,0.0,1,1,1,1,1,0,0,0,0
2333546790,4.979004,3.314502,0.0,0.0,0.0,1,1,1,1,1,0,0,0,0
2334056724,4.9177732,3.3161132,0.0,0.0,0.0,1,1,1,1,1,0,0,0,0
2334556698,5.0015626,3.3128905,0.0,0.0,0.0,1,1,1,1,1,0,0,0,0
2335046691,4.9822264,3.3161132,0.0,0.0,0.0,1,1,1,1,1,0,0,0,0
2335546682,4.9177732,3.3161132,0.0,0.0,0.0,1,1,1,1,1,0,0,0,0
2336056961,4.979004,3.314502,0.0,0.0,0.0,1,1,1,1,1,0,0,0,0
2336556774,5.004785,3.3161132,0.0,0.0,0.0,1,1,1,1,1,0,0,0,0
2337057648,4.911328,3.3177245,0.0,0.0,0.0,1,1,1,1,1,0,0,0,0
2337557051,4.9822264,3.3241699,0.0,0.0,0.0,1,1,1,1,1,0,0,0,0
2338046901,4.9822264,3.314502,0.0,0.0,0.0,1,1,1,1,1,0,0,0,0
2338547241,4.911328,3.3161132,0.0,0.0,0.0,1,1,1,1,1,0,0,0,0
2339046841,4.979004,3.3032227,0.0,0.0,0.0,1,1,1,1,1,0,0,0,0
2339547141,5.0063963,3.3177245,0.0,0.0,0.0,1,1,1,1,1,0,0,0,0
2340046684,4.9193845,3.314502,0.0,0.0,0.0,1,1,1,1,1,0,0,0,0
2340546683,4.9838376,3.314502,0.0,0.0,0.0,1,1,1,1,1,0,0,0,0
2341056681,4.979004,3.3177245,0.0,0.0,0.0,1,1,1,1,1,0,0,0,0
2341556738,4.9387207,3.314502,0.0,0.0,0.0,1,1,1,1,1,0,0,0,0
2342046689,4.9870605,3.3161132,0.0,0.0,0.0,1,1,1,1,1,0,0,0,0
2342546682,4.9773927,3.314502,0.0,0.0,0.0,1,1,1,1,1,0,0,0,0
2343046803,4.911328,3.3161132,0.0,0.0,0.0,1,1,1,1,1,0,0,0,0
2343546680,4.9870605,3.3161132,0.0,0.0,0.0,1,1,1,1,1,0,0,0,0
2344046723,5.0015626,3.3128905,0.0,0.0,0.0,1,1,1,1,1,0,0,0,0
2344556698,4.911328,3.3177245,0.0,0.0,0.0,1,1,1,1,1,0,0,0,0
2345046681,4.9854493,3.3161132,0.0,0.0,0.0,1,1,1,1,1,0,0,0,0
2345546704,4.9983397,3.3161132,0.0,0.0,0.0,1,1,1,1,1,0,0,0,0
2346047123,4.9838376,3.314502,0.0,0.0,0.0,1,1,1,1,1,0,0,0,0
2346546683,4.9838376,3.3161132,0.0,0.0,0.0,1,1,1,1,1,0,0,0,0
2347046683,4.9822264,3.314502,0.0,0.0,0.0,1,1,1,1,1,0,0,0,0
2347546685,5.0080075,3.3161132,0.0,0.0,0.0,1,1,1,1,1,0,0,0,0
2348056743,5.0063963,3.3112793,0.0,0.0,0.0,1,1,1,1,1,0,0,0,0
2348556691,5.0063963,3.3161132,0.0,0.0,0.0,1,1,1,1,1,0,0,0,0
2349046787,4.979004,3.314502,0.0,0.0,0.0,1,1,1,1,1,0,0,0,0
2349546722,4.979004,3.3161132,0.0,0.0,0.0,1,1,1,1,1,0,0,0,0
2350046716,4.9870605,3.314502,0.0,0.0,0.0,1,1,1,1,1,0,0,0,0
2350547047,5.0063963,3.3177245,0.0,0.0,0.0,1,1,1,1,1,0,0,0,0
2351057345,4.975781,3.3161132,0.0,0.0,0.0,1,1,1,1,1,0,0,0,0
2351557814,4.980615,3.3161132,0.0,0.0,0.0,1,1,1,1,1,0,0,0,0
2352057587,4.980615,3.3177245,0.0,0.0,0.0,1,1,1,1,1,0,0,0,0
2352547563,4.9773927,3.3128905,0.0,0.0,0.0,1,1,1,1,1,0,0,0,0
2353046683,4.9822264,3.3161132,0.0,0.0,0.0,1,1,1,1,1,0,0,0,0
2353546705,4.9854493,3.314502,0.0,0.0,0.0,1,1,1,1,1,0,0,0,0
2354046684,4.9983397,3.3161132,0.0,0.0,0.0,1,1,1,1,1,0,0,0,0
2354546683,4.9854493,3.3161132,0.0,0.0,0.0,1,1,1,1,1,0,0,0,0
2355056819,5.004785,3.3177245,0.0,0.0,0.0,1,1,1,1,1,0,0,0,0
2355556712,5.004785,3.3177245,0.0,0.0,0.0,1,1,1,1,1,0,0,0,0
2356046683,4.980615,3.314502,0.0,0.0,0.0,1,1,1,1,1,0,0,0,0
2356546684,4.9838376,3.314502,0.0,0.0,0.0,1,1,1,1,1,0,0,0,0
2357046754,4.9129395,3.314502,0.0,0.0,0.0,1,1,1,1,1,0,0,0,0
2357546685,4.979004,3.3161132,0.0,0.0,0.0,1,1,1,1,1,0,0,0,0
2358046852,4.9838376,3.314502,0.0,0.0,0.0,1,1,1,1,1,0,0,0,0
2358556701,5.0015626,3.3096678,0.0,0.0,0.0,1,1,1,1,1,0,0,0,0
2359056689,4.9822264,3.314502,0.0,0.0,0.0,1,1,1,1,1,0,0,0,0
2359546683,5.0015626,3.3161132,0.0,0.0,0.0,1,1,1,1,1,0,0,0,0
2360046683,4.9854493,3.3161132,0.0,0.0,0.0,1,1,1,1,1,0,0,0,0
2360546684,5.0080075,3.314502,0.0,0.0,0.0,1,1,1,1,1,0,0,0,0
2361046740,4.9918942,3.3161132,0.0,0.0,0.0,1,1,1,1,1,0,0,0,0
2361556684,4.9838376,3.314502,0.0,0.0,0.0,1,1,1,1,1,0,0,0,0
2362056728,5.0112305,3.3161132,0.0,0.0,0.0,1,1,1,1,1,0,0,0,0
2362557036,5.004785,3.3112793,0.0,0.0,0.0,1,1,1,1,1,0,0,0,0
2363047036,5.0063963,3.3161132,0.0,0.0,0.0,1,1,1,1,1,0,0,0,0
2363547189,4.988672,3.3161132,0.0,0.0,0.0,1,1,1,1,1,0,0,0,0
2364047500,4.9838376,3.314502,0.0,0.0,0.0,1,1,1,1,1,0,0,0,0
2364546683,4.9242187,3.319336,0.0,0.0,0.0,1,1,1,1,1,0,0,0,0
2365046688,4.9773927,3.314502,0.0,0.0,0.0,1,1,1,1,1,0,0,0,0
2365556683,4.980615,3.3161132,0.0,0.0,0.0,1,1,1,1,1,0,0,0,0
2366056708,5.004785,3.314502,0.0,0.0,0.0,1,1,1,1,1,0,0,0,0
2366546683,4.9854493,3.3161132,0.0,0.0,0.0,1,1,1,1,1,0,0,0,0
2367046684,4.9854493,3.3177245,0.0,0.0,0.0,1,1,1,1,1,0,0,0,0
2367546778,4.9129395,3.3128905,0.0,0.0,0.0,1,1,1,1,1,0,0,0,0
2368046684,5.004785,3.3161132,0.0,0.0,0.0,1,1,1,1,1,0,0,0,0
2368546683,5.0080075,3.3177245,0.0,0.0,0.0,1,1,1,1,1,0,0,0,0
2369056688,4.9822264,3.314502,0.0,0.0,0.0,1,1,1,1,1,0,0,0,0
2369546681,5.0063963,3.314502,0.0,0.0,0.0,1,1,1,1,1,0,0,0,0
2370046734,4.979004,3.3290038,0.0,0.0,0.0,1,1,1,1,1,0,0,0,0
2370546817,4.9354978,3.3161132,0.0,0.0,0.0,1,1,1,1,1,0,0,0,0
2371046710,5.0112305,3.3161132,0.0,0.0,0.0,1,1,1,1,1,0,0,0,0
2371546710,4.9773927,3.3161132,0.0,0.0,0.0,1,1,1,1,1,0,0,0,0
2372046688,4.916162,3.3161132,0.0,0.0,0.0,1,1,1,1,1,0,0,0,0
2372556897,4.9822264,3.3161132,0.0,0.0,0.0,1,1,1,1,1,0,0,0,0
2373056684,4.979004,3.314502,0.0,0.0,0.0,1,1,1,1,1,0,0,0,0
2373546841,4.9870605,3.314502,0.0,0.0,0.0,1,1,1,1,1,0,0,0,0
2374046713,4.9822264,3.3128905,0.0,0.0,0.0,1,1,1,1,1,0,0,0,0
2374546682,4.9854493,3.3161132,0.0,0.0,0.0,1,1,1,1,1,0,0,0,0
2375047125,4.9838376,3.3161132,0.0,0.0,0.0,1,1,1,1,1,0,0,0,0
2375556989,4.975781,3.3161132,0.0,0.0,0.0,1,1,1,1,1,0,0,0,0
2376058097,4.9822264,3.3161132,0.0,0.0,0.0,1,1,1,1,1,0,0,0,0
2376557970,4.9838376,3.3161132,0.0,0.0,0.0,1,1,1,1,1,0,0,0,0
2377046720,4.980615,3.3128905,0.0,0.0,0.0,1,1,1,1,1,0,0,0,0
2377546683,5.0128417,3.314502,0.0,0.0,0.0,1,1,1,1,1,0,0,0,0
2378046689,4.9097166,3.3161132,0.0,0.0,0.0,1,1,1,1,1,0,0,0,0
2378546721,4.9870605,3.314502,0.0,0.0,0.0,1,1,1,1,1,0,0,0,0
2379056781,4.9822264,3.3161132,0.0,0.0,0.0,1,1,1,1,1,0,0,0,0
2379556792,4.914551,3.3161132,0.0,0.0,0.0,1,1,1,1,1,0,0,0,0
2380056714,5.0063963,3.319336,0.0,0.0,0.0,1,1,1,1,1,0,0,0,0
2380546683,4.9822264,3.314502,0.0,0.0,0.0,1,1,1,1,1,0,0,0,0
2381046738,4.9338865,3.3161132,0.0,0.0,0.0,1,1,1,1,1,0,0,0,0
2381546950,4.9822264,3.314502,0.0,0.0,0.0,1,1,1,1,1,0,0,0,0
2382046688,5.004785,3.3161132,0.0,0.0,0.0,1,1,1,1,1,0,0,0,0
2382546867,4.9854493,3.3161132,0.0,0.0,0.0,1,1,1,1,1,0,0,0,0
2383056687,4.9822264,3.3128905,0.0,0.0,0.0,1,1,1,1,1,0,0,0,0
2383556690,4.9822264,3.314502,0.0,0.0,0.0,1,1,1,1,1,0,0,0,0
2384046707,4.9870605,3.3161132,0.0,0.0,0.0,1,1,1,1,1,0,0,0,0
2384546683,4.9854493,3.3161132,0.0,0.0,0.0,1,1,1,1,1,0,0,0,0
2385047067,4.9773927,3.3161132,0.0,0.0,0.0,1,1,1,1,1,0,0,0,0
2385546706,4.9822264,3.314502,0.0,0.0,0.0,1,1,1,1,1,0,0,0,0
2386046688,4.975781,3.319336,0.0,0.0,0.0,1,1,1,1,1,0,0,0,0
2386556736,4.9709473,3.3177245,0.0,0.0,0.0,1,1,1,1,1,0,0,0,0
2387046896,5.0080075,3.3161132,0.0,0.0,0.0,1,1,1,1,1,0,0,0,0
2387547133,5.004785,3.3161132,0.0,0.0,0.0,1,1,1,1,1,0,0,0,0
2388047764,4.980615,3.3161132,0.0,0.0,0.0,1,1,1,1,1,0,0,0,0
2388547669,4.9854493,3.3177245,0.0,0.0,0.0,1,1,1,1,1,0,0,0,0
2389046683,4.9870605,3.3177245,0.0,0.0,0.0,1,1,1,1,1,0,0,0,0
2389546771,4.9773927,3.3096678,0.0,0.0,0.0,1,1,1,1,1,0,0,0,0
2390056681,4.9354978,3.3177245,0.0,0.0,0.0,1,1,1,1,1,0,0,0,0
2390556688,4.975781,3.3161132,0.0,0.0,0.0,1,1,1,1,1,0,0,0,0
2391046683,4.9918942,3.3177245,0.0,0.0,0.0,1,1,1,1,1,0,0,0,0
2391547158,5.004785,3.314502,0.0,0.0,0.0,1,1,1,1,1,0,0,0,0
2392046783,4.9387207,3.3177245,0.0,0.0,0.0,1,1,1,1,1,0,0,0,0
2392546681,4.9838376,3.3161132,0.0,0.0,0.0,1,1,1,1,1,0,0,0,0
2393046682,5.0112305,3.3161132,0.0,0.0,0.0,1,1,1,1,1,0,0,0,0
2393556683,5.0063963,3.314502,0.0,0.0,0.0,1,1,1,1,1,0,0,0,0
2394046691,4.9822264,3.3161132,0.0,0.0,0.0,1,1,1,1,1,0,0,0,0
2394546764,4.9822264,3.314502,0.0,0.0,0.0,1,1,1,1,1,0,0,0,0
2395046970,4.9097166,3.3177245,0.0,0.0,0.0,1,1,1,1,1,0,0,0,0
2395546683,4.9870605,3.314502,0.0,0.0,0.0,1,1,1,1,1,0,0,0,0
2396046736,5.0063963,3.314502,0.0,0.0,0.0,1,1,1,1,1,0,0,0,0
2396546693,4.9838376,3.3161132,0.0,0.0,0.0,1,1,1,1,1,0,0,0,0
2397056688,4.9822264,3.314502,0.0,0.0,0.0,1,1,1,1,1,0,0,0,0
2397556764,4.9838376,3.3161132,0.0,0.0,0.0,1,1,1,1,1,0,0,0,0
2398047438,4.9838376,3.3161132,0.0,0.0,0.0,1,1,1,1,1,0,0,0,0
2398546805,5.0063963,3.3177245,0.0,0.0,0.0,1,1,1,1,1,0,0,0,0
2399046939,4.9854493,3.3161132,0.0,0.0,0.0,1,1,1,1,1,0,0,0,0
2399547251,5.0112305,3.314502,0.0,0.0,0.0,1,1,1,1,1,0,0,0,0
2400057305,5.0015626,3.314502,0.0,0.0,0.0,1,1,1,1,1,0,0,0,0
2400557285,4.9854493,3.3161132,0.0,0.0,0.0,1,1,1,1,1,0,0,0,0
2401057481,4.975781,3.314502,0.0,0.0,0.0,1,1,1,1,1,0,0,0,0
2401546685,4.995117,3.3161132,0.0,0.0,0.0,1,1,1,1,1,0,0,0,0
2402046684,4.979004,3.3177245,0.0,0.0,0.0,1,1,1,1,1,0,0,0,0
2402546759,4.9129395,3.3128905,0.0,0.0,0.0,1,1,1,1,1,0,0,0,0
2403046689,4.979004,3.314502,0.0,0.0,0.0,1,1,1,1,1,0,0,0,0
2403546760,5.0015626,3.314502,0.0,0.0,0.0,1,1,1,1,1,0,0,0,0
2404056791,5.0015626,3.314502,0.0,0.0,0.0,1,1,1,1,1,0,0,0,0
2404556742,4.999951,3.3161132,0.0,0.0,0.0,1,1,1,1,1,0,0,0,0
2405046683,4.979004,3.3161132,0.0,0.0,0.0,1,1,1,1,1,0,0,0,0
2405546686,4.914551,3.3161132,0.0,0.0,0.0,1,1,1,1,1,0,0,0,0
2406046683,4.993506,3.3177245,0.0,0.0,0.0,1,1,1,1,1,0,0,0,0
2406546729,5.0063963,3.3177245,0.0,0.0,0.0,1,1,1,1,1,0,0,0,0
2407056816,4.9918942,3.314502,0.0,0.0,0.0,1,1,1,1,1,0,0,0,0
2407556765,4.979004,3.3128905,0.0,0.0,0.0,1,1,1,1,1,0,0,0,0
2408056692,4.9773927,3.314502,0.0,0.0,0.0,1,1,1,1,1,0,0,0,0
2408546681,4.9177732,3.3161132,0.0,0.0,0.0,1,1,1,1,1,0,0,0,0
2409046717,4.9838376,3.314502,0.0,0.0,0.0,1,1,1,1,1,0,0,0,0
2409546687,4.980615,3.314502,0.0,0.0,0.0,1,1,1,1,1,0,0,0,0
2410047209,4.9177732,3.3161132,0.0,0.0,0.0,1,1,1,1,1,0,0,0,0
2410556717,4.979004,3.3161132,0.0,0.0,0.0,1,1,1,1,1,0,0,0,0
2411056991,4.9725585,3.319336,0.0,0.0,0.0,1,1,1,1,1,0,0,0,0
2411557214,4.988672,3.3177245,0.0,0.0,0.0,1,1,1,1,1,0,0,0,0
2412047685,4.9822264,3.314502,0.0,0.0,0.0,1,1,1,1,1,0,0,0,0
2412547489,4.980615,3.3161132,0.0,0.0,0.0,1,1,1,1,1,0,0,0,0
2413047796,4.940332,3.3177245,0.0,0.0,0.0,1,1,1,1,1,0,0,0,0
2413546717,4.914551,3.3161132,0.0,0.0,0.0,1,1,1,1,1,0,0,0,0
2414047028,4.988672,3.3177245,0.0,0.0,0.0,1,1,1,1,1,0,0,0,0
2414556684,4.980615,3.3161132,0.0,0.0,0.0,1,1,1,1,1,0,0,0,0
2415056819,4.979004,3.3161132,0.0,0.0,0.0,1,1,1,1,1,0,0,0,0
2415546685,5.009619,3.3161132,0.0,0.0,0.0,1,1,1,1,1,0,0,0,0
2416046788,4.956445,3.314502,0.0,0.0,0.0,1,1,1,1,1,0,0,0,0
2416546710,5.004785,3.3177245,0.0,0.0,0.0,1,1,1,1,1,0,0,0,0
2417046767,5.0080075,3.3161132,0.0,0.0,0.0,1,1,1,1,1,0,0,0,0
2417546813,4.914551,3.319336,0.0,0.0,0.0,1,1,1,1,1,0,0,0,0
2418056684,4.980615,3.314502,0.0,0.0,0.0,1,1,1,1,1,0,0,0,0
2418556693,4.975781,3.3161132,0.0,0.0,0.0,1,1,1,1,1,0,0,0,0
2419046819,4.980615,3.3128905,0.0,0.0,0.0,1,1,1,1,1,0,0,0,0
2419546682,4.9870605,3.3161132,0.0,0.0,0.0,1,1,1,1,1,0,0,0,0
2420046686,4.9822264,3.3161132,0.0,0.0,0.0,1,1,1,1,1,0,0,0,0
2420546685,4.9773927,3.3161132,0.0,0.0,0.0,1,1,1,1,1,0,0,0,0
2421046685,4.964502,3.314502,0.0,0.0,0.0,1,1,1,1,1,0,0,0,0
2421556959,4.9725585,3.314502,0.0,0.0,0.0,1,1,1,1,1,0,0,0,0
2422056790,4.9387207,3.314502,0.0,0.0,0.0,1,1,1,1,1,0,0,0,0
2422546691,5.0063963,3.3177245,0.0,0.0,0.0,1,1,1,1,1,0,0,0,0
2423047203,5.0015626,3.3161132,0.0,0.0,0.0,1,1,1,1,1,0,0,0,0
2423547491,4.9838376,3.3161132,0.0,0.0,0.0,1,1,1,1,1,0,0,0,0
2424046975,4.9983397,3.3161132,0.0,0.0,0.0,1,1,1,1,1,0,0,0,0
2424546956,4.980615,3.3290038,0.0,0.0,0.0,1,1,1,1,1,0,0,0,0
2425057267,5.0015626,3.314502,0.0,0.0,0.0,1,1,1,1,1,0,0,0,0
2425556684,4.9129395,3.314502,0.0,0.0,0.0,1,1,1,1,1,0,0,0,0
2426046687,5.004785,3.3161132,0.0,0.0,0.0,1,1,1,1,1,0,0,0,0
2426546683,4.9822264,3.314502,0.0,0.0,0.0,1,1,1,1,1,0,0,0,0
2427047062,4.9822264,3.3161132,0.0,0.0,0.0,1,1,1,1,1,0,0,0,0
2427546686,4.980615,3.3161132,0.0,0.0,0.0,1,1,1,1,1,0,0,0,0
