timestamp,x,y,z,yaw,yawspeed,vx,vy,vz,acceleration[0],acceleration[1],acceleration[2],jerk[0],jerk[1],jerk[2],thrust[0],thrust[1],thrust[2]
86514471,0.06695725,0.08370211,-1.2006017,1.5179343,nan,0.0,0.0,-0.0,0.0,0.0,-0.0,0.0,0.0,0.0,nan,nan,nan
86535308,0.06695725,0.08370211,-1.2006017,1.5179343,nan,0.0,0.0,-0.0,0.0,0.0,-0.0,0.0,0.0,0.0,nan,nan,nan
86711581,0.06695725,0.08370211,-1.2006017,1.5179343,nan,0.0,0.0,-0.0,0.0,0.0,-0.0,0.0,0.0,0.0,nan,nan,nan
86911831,0.06695725,0.08370211,-1.2006017,1.5179343,nan,0.0,0.0,-0.0,0.0,0.0,-0.0,0.0,0.0,0.0,nan,nan,nan
87112440,0.06695725,0.08370211,-1.2006017,1.5179343,nan,0.0,0.0,-0.0,0.0,0.0,-0.0,0.0,0.0,0.0,nan,nan,nan
87314102,0.06695725,0.08370211,-1.2006017,1.5179343,nan,0.0,0.0,-0.0,0.0,0.0,-0.0,0.0,0.0,0.0,nan,nan,nan
87509609,0.06695725,0.08370211,-1.2006017,1.5179343,nan,0.0,0.0,-0.0,0.0,0.0,-0.0,0.0,0.0,0.0,nan,nan,nan
87711580,0.06695725,0.08370211,-1.2006017,1.5179343,nan,0.0,0.0,-0.0,0.0,0.0,-0.0,0.0,0.0,0.0,nan,nan,nan
87912446,0.06695725,0.08370211,-1.2006017,1.5179343,nan,0.0,0.0,-0.0,0.0,0.0,-0.0,0.0,0.0,0.0,nan,nan,nan
88111997,0.06695725,0.08370211,-1.2006017,1.5179343,nan,0.0,0.0,-0.0,0.0,0.0,-0.0,0.0,0.0,0.0,nan,nan,nan
88312062,0.06695725,0.08370211,-1.2006017,1.5179343,nan,0.0,0.0,-0.0,0.0,0.0,-0.0,0.0,0.0,0.0,nan,nan,nan
88512643,0.06695725,0.08370211,-1.2006017,1.5179343,nan,0.0,0.0,-0.0,0.0,0.0,-0.0,0.0,0.0,0.0,nan,nan,nan
88713569,0.06695725,0.08370211,-1.2006017,1.5179343,nan,0.0,0.0,-0.0,0.0,0.0,-0.0,0.0,0.0,0.0,nan,nan,nan
88914536,0.06695725,0.08370211,-1.2006017,1.5179343,nan,0.0,0.0,-0.0,0.0,0.0,-0.0,0.0,0.0,0.0,nan,nan,nan
89111186,0.06695725,0.08370211,-1.2006017,1.5179343,nan,0.0,0.0,-0.0,0.0,0.0,-0.0,0.0,0.0,0.0,nan,nan,nan
89313986,0.06695725,0.08370211,-1.2006017,1.5179343,nan,0.0,0.0,-0.0,0.0,0.0,-0.0,0.0,0.0,0.0,nan,nan,nan
89512241,0.06695725,0.08370211,-1.2006017,1.5179343,nan,0.0,0.0,-0.0,0.0,0.0,-0.0,0.0,0.0,0.0,nan,nan,nan
89710167,0.06695725,0.08370211,-1.2006017,1.5179343,nan,0.0,0.0,-0.0,0.0,0.0,-0.0,0.0,0.0,0.0,nan,nan,nan
89913941,0.06695725,0.08370211,-1.2006017,1.5179343,nan,0.0,0.0,-0.0,0.0,0.0,-0.0,0.0,0.0,0.0,nan,nan,nan
90110612,0.06695725,0.08370211,-1.2006017,1.5179343,nan,0.0,0.0,-0.0,0.0,0.0,-0.0,0.0,0.0,0.0,nan,nan,nan
90312595,0.06695725,0.08370211,-1.2006017,1.5179343,nan,0.0,0.0,-0.0,0.0,0.0,-0.0,0.0,0.0,0.0,nan,nan,nan
90512003,0.06695725,0.08370211,-1.2006017,1.5179343,nan,0.0,0.0,-0.0,0.0,0.0,-0.0,0.0,0.0,0.0,nan,nan,nan
90714662,0.06695725,0.08370211,-1.2006017,1.5179343,nan,0.0,0.0,-0.0,0.0,0.0,-0.0,0.0,0.0,0.0,nan,nan,nan
90911568,0.06695725,0.08370211,-1.2006017,1.5179343,nan,0.0,0.0,-0.0,0.0,0.0,-0.0,0.0,0.0,0.0,nan,nan,nan
91112365,0.06695725,0.08370211,-1.2006017,1.5179343,nan,0.0,0.0,-0.0,0.0,0.0,-0.0,0.0,0.0,0.0,nan,nan,nan
91312335,0.06695725,0.08370211,-1.2006017,1.5179343,nan,0.0,0.0,-0.0,0.0,0.0,-0.0,0.0,0.0,0.0,nan,nan,nan
91514130,0.06695725,0.08370211,-1.2006017,1.5179343,nan,0.0,0.0,-0.0,0.0,0.0,-0.0,0.0,0.0,0.0,nan,nan,nan
91712181,0.06695725,0.08370211,-1.2006017,1.5179343,nan,0.0,0.0,-0.0,0.0,0.0,-0.0,0.0,0.0,0.0,nan,nan,nan
91914649,0.06695725,0.08370211,-1.2006017,1.5179343,nan,0.0,0.0,-0.0,0.0,0.0,-0.0,0.0,0.0,0.0,nan,nan,nan
92111278,0.06695725,0.08370211,-1.2006017,1.5179343,nan,0.0,0.0,-0.0,0.0,0.0,-0.0,0.0,0.0,0.0,nan,nan,nan
92313154,0.06695725,0.08370211,-1.2006017,1.5179343,nan,0.0,0.0,-0.0,0.0,0.0,-0.0,0.0,0.0,0.0,nan,nan,nan
92510993,0.06695725,0.08370211,-1.2006017,1.5179343,nan,0.0,0.0,-0.0,0.0,0.0,-0.0,0.0,0.0,0.0,nan,nan,nan
92711966,0.06695725,0.08370211,-1.2006017,1.5179343,nan,0.0,0.0,-0.0,0.0,0.0,-0.0,0.0,0.0,0.0,nan,nan,nan
92910148,0.06695725,0.08370211,-1.2006017,1.5179343,nan,0.0,0.0,-0.0,0.0,0.0,-0.0,0.0,0.0,0.0,nan,nan,nan
93111159,0.06695725,0.08370211,-1.2006017,1.5179343,nan,0.0,0.0,-0.0,0.0,0.0,-0.0,0.0,0.0,0.0,nan,nan,nan
93311815,0.06695725,0.08370211,-1.2006017,1.5179343,nan,0.0,0.0,-0.0,0.0,0.0,-0.0,0.0,0.0,0.0,nan,nan,nan
93510197,0.06695725,0.08370211,-1.2006017,1.5179343,nan,0.0,0.0,-0.0,0.0,0.0,-0.0,0.0,0.0,0.0,nan,nan,nan
93712864,0.06695725,0.08370211,-1.2006017,1.5179343,nan,0.0,0.0,-0.0,0.0,0.0,-0.0,0.0,0.0,0.0,nan,nan,nan
93913037,0.06695725,0.08370211,-1.2006017,1.5179343,nan,0.0,0.0,-0.0,0.0,0.0,-0.0,0.0,0.0,0.0,nan,nan,nan
94112166,0.06695725,0.08370211,-1.2006017,1.5179343,nan,0.0,0.0,-0.0,0.0,0.0,-0.0,0.0,0.0,0.0,nan,nan,nan
94313267,0.06695725,0.08370211,-1.2006017,1.5179343,nan,0.0,0.0,-0.0,0.0,0.0,-0.0,0.0,0.0,0.0,nan,nan,nan
94513275,0.06695725,0.08370211,-1.2006017,1.5179343,nan,0.0,0.0,-0.0,0.0,0.0,-0.0,0.0,0.0,0.0,nan,nan,nan
94712998,0.06695725,0.08370211,-1.2006017,1.5179343,nan,0.0,0.0,-0.0,0.0,0.0,-0.0,0.0,0.0,0.0,nan,nan,nan
94911294,0.06695725,0.08370211,-1.2006017,1.5179343,nan,0.0,0.0,-0.0,0.0,0.0,-0.0,0.0,0.0,0.0,nan,nan,nan
95111053,0.06695725,0.08370211,-1.2006017,1.5179343,nan,0.0,0.0,-0.0,0.0,0.0,-0.0,0.0,0.0,0.0,nan,nan,nan
95311481,0.06695725,0.08370211,-1.2006017,1.5179343,nan,0.0,0.0,-0.0,0.0,0.0,-0.0,0.0,0.0,0.0,nan,nan,nan
95510867,0.06695725,0.08370211,-1.2006017,1.5179343,nan,0.0,0.0,-0.0,0.0,0.0,-0.0,0.0,0.0,0.0,nan,nan,nan
95710999,0.06695725,0.08370211,-1.2006017,1.5179343,nan,0.0,0.0,-0.0,0.0,0.0,-0.0,0.0,0.0,0.0,nan,nan,nan
95909798,0.06695725,0.08370211,-1.2006017,1.5179343,nan,0.0,0.0,-0.0,0.0,0.0,-0.0,0.0,0.0,0.0,nan,nan,nan
96110563,0.06695725,0.08370211,-1.2006017,1.5179343,nan,0.0,0.0,-0.0,0.0,0.0,-0.0,0.0,0.0,0.0,nan,nan,nan
96315585,0.06695725,0.08370211,-1.2006017,1.5179343,nan,0.0,0.0,-0.0,0.0,0.0,-0.0,0.0,0.0,0.0,nan,nan,nan
96511661,0.06695725,0.08370211,-1.2006017,1.5179343,nan,0.0,0.0,-0.0,0.0,0.0,-0.0,0.0,0.0,0.0,nan,nan,nan
96711683,0.06695725,0.08370211,-1.2006017,1.5179343,nan,0.0,0.0,-0.0,0.0,0.0,-0.0,0.0,0.0,0.0,nan,nan,nan
96911256,0.06695725,0.08370211,-1.2006017,1.5179343,nan,0.0,0.0,-0.0,0.0,0.0,-0.0,0.0,0.0,0.0,nan,nan,nan
97112209,0.06695725,0.08370211,-1.2006017,1.5179343,nan,0.0,0.0,-0.0,0.0,0.0,-0.0,0.0,0.0,0.0,nan,nan,nan
97313057,0.13917519,0.017508833,-1.1975303,1.5179343,nan,0.0,0.0,-0.0,0.0,0.0,-0.0,0.0,0.0,0.0,nan,nan,nan
97511217,0.13917519,0.017508833,-1.1975303,1.5179343,nan,0.0,0.0,-0.0,0.0,0.0,-0.0,0.0,0.0,0.0,nan,nan,nan
97713109,0.13917519,0.017508833,-1.1975303,1.5179343,nan,0.0,0.0,-0.0,0.0,0.0,-0.0,0.0,0.0,0.0,nan,nan,nan
97911588,0.13917519,0.017508833,-1.1975303,1.5179343,nan,0.0,0.0,-0.0,0.0,0.0,-0.0,0.0,0.0,0.0,nan,nan,nan
98112081,0.13917519,0.017508833,-1.1975303,1.5179343,nan,0.0,0.0,-0.0,0.0,0.0,-0.0,0.0,0.0,0.0,nan,nan,nan
98310402,0.13917519,0.017508833,-1.1975303,1.5179343,nan,0.0,0.0,-0.0,0.0,0.0,-0.0,0.0,0.0,0.0,nan,nan,nan
98512374,0.13917519,0.017508833,-1.1975303,1.5179343,nan,0.0,0.0,-0.0,0.0,0.0,-0.0,0.0,0.0,0.0,nan,nan,nan
98711076,0.13919269,0.017794056,-1.1975303,1.5179343,nan,0.0,0.0,-0.0,0.0,0.0,-0.0,0.0,0.0,0.0,nan,nan,nan
98912748,0.13919269,0.017794056,-1.1975303,1.5179343,nan,0.0,0.0,-0.0,0.0,0.0,-0.0,0.0,0.0,0.0,nan,nan,nan
99112093,0.13919269,0.017794056,-1.1975303,1.5179343,nan,0.0,0.0,-0.0,0.0,0.0,-0.0,0.0,0.0,0.0,nan,nan,nan
99312203,0.13919269,0.017794056,-1.1975303,1.5179343,nan,0.0,0.0,-0.0,0.0,0.0,-0.0,0.0,0.0,0.0,nan,nan,nan
99511036,0.13919269,0.017794056,-1.1975303,1.5179343,nan,0.0,0.0,-0.0,0.0,0.0,-0.0,0.0,0.0,0.0,nan,nan,nan
99712370,0.13919269,0.017794056,-1.1975303,1.5179343,nan,0.0,0.0,-0.0,0.0,0.0,-0.0,0.0,0.0,0.0,nan,nan,nan
99912335,0.13919269,0.017794056,-1.1975303,1.5179343,nan,0.0,0.0,-0.0,0.0,0.0,-0.0,0.0,0.0,0.0,nan,nan,nan
100112623,0.13919269,0.017794056,-1.1975303,1.5179343,nan,0.0,0.0,-0.0,0.0,0.0,-0.0,0.0,0.0,0.0,nan,nan,nan
100312789,0.13941622,0.021527905,-1.1975303,1.5179343,nan,0.0,0.0,-0.0,0.0,0.0,-0.0,0.0,0.0,0.0,nan,nan,nan
100513830,0.13941622,0.021527905,-1.1975303,1.5179343,nan,0.0,0.0,-0.0,0.0,0.0,-0.0,0.0,0.0,0.0,nan,nan,nan
100712997,0.13941622,0.021527905,-1.1975303,1.5179343,nan,0.0,0.0,-0.0,0.0,0.0,-0.0,0.0,0.0,0.0,nan,nan,nan
100912423,0.13941622,0.021527905,-1.1975303,1.5179343,nan,0.0,0.0,-0.0,0.0,0.0,-0.0,0.0,0.0,0.0,nan,nan,nan
101112017,0.13941622,0.021527905,-1.1975303,1.5179343,nan,0.0,0.0,-0.0,0.0,0.0,-0.0,0.0,0.0,0.0,nan,nan,nan
101314207,0.13941622,0.021527905,-1.1975303,1.5179343,nan,0.0,0.0,-0.0,0.0,0.0,-0.0,0.0,0.0,0.0,nan,nan,nan
101511235,0.13941622,0.021527905,-1.1975303,1.5179343,nan,0.0,0.0,-0.0,0.0,0.0,-0.0,0.0,0.0,0.0,nan,nan,nan
101712038,0.14021267,0.035342477,-1.1975303,1.5179343,nan,0.0,0.0,-0.0,0.0,0.0,-0.0,0.0,0.0,0.0,nan,nan,nan
101913752,0.14021267,0.035342477,-1.1975303,1.5179343,nan,0.0,0.0,-0.0,0.0,0.0,-0.0,0.0,0.0,0.0,nan,nan,nan
102112587,0.14021267,0.035342477,-1.1975303,1.5179343,nan,0.0,0.0,-0.0,0.0,0.0,-0.0,0.0,0.0,0.0,nan,nan,nan
102313990,0.14021267,0.035342477,-1.1975303,1.5179343,nan,0.0,0.0,-0.0,0.0,0.0,-0.0,0.0,0.0,0.0,nan,nan,nan
102511075,0.14021267,0.035342477,-1.1975303,1.5179343,nan,0.0,0.0,-0.0,0.0,0.0,-0.0,0.0,0.0,0.0,nan,nan,nan
102712906,0.14021267,0.035342477,-1.1975303,1.5179343,nan,0.0,0.0,-0.0,0.0,0.0,-0.0,0.0,0.0,0.0,nan,nan,nan
102913165,0.14021267,0.035342477,-1.1975303,1.5179343,nan,0.0,0.0,-0.0,0.0,0.0,-0.0,0.0,0.0,0.0,nan,nan,nan
103111841,0.14021267,0.035342477,-1.1975303,1.5179343,nan,0.0,0.0,-0.0,0.0,0.0,-0.0,0.0,0.0,0.0,nan,nan,nan
103314325,0.1419208,0.06666162,-1.1975303,1.5179343,nan,0.0,0.0,-0.0,0.0,0.0,-0.0,0.0,0.0,0.0,nan,nan,nan
103510798,0.1419208,0.06666162,-1.1975303,1.5179343,nan,0.0,0.0,-0.0,0.0,0.0,-0.0,0.0,0.0,0.0,nan,nan,nan
103713261,0.1419208,0.06666162,-1.1975303,1.5179343,nan,0.0,0.0,-0.0,0.0,0.0,-0.0,0.0,0.0,0.0,nan,nan,nan
103911105,0.1419208,0.06666162,-1.1975303,1.5179343,nan,0.0,0.0,-0.0,0.0,0.0,-0.0,0.0,0.0,0.0,nan,nan,nan
104111679,0.1419208,0.06666162,-1.1975303,1.5179343,nan,0.0,0.0,-0.0,0.0,0.0,-0.0,0.0,0.0,0.0,nan,nan,nan
104314088,0.1419208,0.06666162,-1.1975303,1.5179343,nan,0.0,0.0,-0.0,0.0,0.0,-0.0,0.0,0.0,0.0,nan,nan,nan
104515066,0.1419208,0.06666162,-1.1975303,1.5179343,nan,0.0,0.0,-0.0,0.0,0.0,-0.0,0.0,0.0,0.0,nan,nan,nan
104711842,0.1419208,0.06666162,-1.1975303,1.5179343,nan,0.0,0.0,-0.0,0.0,0.0,-0.0,0.0,0.0,0.0,nan,nan,nan
104911614,0.14468066,0.12160009,-1.1975303,1.5179343,nan,0.0,0.0,-0.0,0.0,0.0,-0.0,0.0,0.0,0.0,nan,nan,nan
105112724,0.14468066,0.12160009,-1.1975303,1.5179343,nan,0.0,0.0,-0.0,0.0,0.0,-0.0,0.0,0.0,0.0,nan,nan,nan
105236515,0.14468066,0.12160009,-1.1975303,1.5179343,nan,0.0,0.0,-0.0,0.0,0.0,-0.0,0.0,0.0,0.0,nan,nan,nan
105512731,0.14468066,0.12160009,-1.1975303,1.5179343,nan,0.0,0.0,-0.0,0.0,0.0,-0.0,0.0,0.0,0.0,nan,nan,nan
105711287,0.14468066,0.12160009,-1.1975303,1.5179343,nan,0.0,0.0,-0.0,0.0,0.0,-0.0,0.0,0.0,0.0,nan,nan,nan
105913380,0.14468066,0.12160009,-1.1975303,1.5179343,nan,0.0,0.0,-0.0,0.0,0.0,-0.0,0.0,0.0,0.0,nan,nan,nan
106113446,0.14468066,0.12160009,-1.1975303,1.5179343,nan,0.0,0.0,-0.0,0.0,0.0,-0.0,0.0,0.0,0.0,nan,nan,nan
106310264,0.14831722,0.20367609,-1.1975303,1.5179343,nan,0.0,0.0,-0.0,0.0,0.0,-0.0,0.0,0.0,0.0,nan,nan,nan
106512056,0.14831722,0.20367609,-1.1975303,1.5179343,nan,0.0,0.0,-0.0,0.0,0.0,-0.0,0.0,0.0,0.0,nan,nan,nan
106711563,0.14831722,0.20367609,-1.1975303,1.5179343,nan,0.0,0.0,-0.0,0.0,0.0,-0.0,0.0,0.0,0.0,nan,nan,nan
106912343,0.14831722,0.20367609,-1.1975303,1.5179343,nan,0.0,0.0,-0.0,0.0,0.0,-0.0,0.0,0.0,0.0,nan,nan,nan
107112520,0.14831722,0.20367609,-1.1975303,1.5179343,nan,0.0,0.0,-0.0,0.0,0.0,-0.0,0.0,0.0,0.0,nan,nan,nan
107312864,0.14831722,0.20367609,-1.1975303,1.5179343,nan,0.0,0.0,-0.0,0.0,0.0,-0.0,0.0,0.0,0.0,nan,nan,nan
107512164,0.14831722,0.20367609,-1.1975303,1.5179343,nan,0.0,0.0,-0.0,0.0,0.0,-0.0,0.0,0.0,0.0,nan,nan,nan
107713450,0.14831722,0.20367609,-1.1975303,1.5179343,nan,0.0,0.0,-0.0,0.0,0.0,-0.0,0.0,0.0,0.0,nan,nan,nan
107911245,0.15227337,0.31321126,-1.1975303,1.5179343,nan,0.0,0.0,-0.0,0.0,0.0,-0.0,0.0,0.0,0.0,nan,nan,nan
108111536,0.15227337,0.31321126,-1.1975303,1.5179343,nan,0.0,0.0,-0.0,0.0,0.0,-0.0,0.0,0.0,0.0,nan,nan,nan
108311821,0.15227337,0.31321126,-1.1975303,1.5179343,nan,0.0,0.0,-0.0,0.0,0.0,-0.0,0.0,0.0,0.0,nan,nan,nan
108510421,0.15227337,0.31321126,-1.1975303,1.5179343,nan,0.0,0.0,-0.0,0.0,0.0,-0.0,0.0,0.0,0.0,nan,nan,nan
108709585,0.15227337,0.31321126,-1.1975303,1.5179343,nan,0.0,0.0,-0.0,0.0,0.0,-0.0,0.0,0.0,0.0,nan,nan,nan
108910805,0.15227337,0.31321126,-1.1975303,1.5179343,nan,0.0,0.0,-0.0,0.0,0.0,-0.0,0.0,0.0,0.0,nan,nan,nan
109113168,0.15227337,0.31321126,-1.1975303,1.5179343,nan,0.0,0.0,-0.0,0.0,0.0,-0.0,0.0,0.0,0.0,nan,nan,nan
109313682,0.15558785,0.44729248,-1.1975303,1.5179343,nan,0.0,0.0,-0.0,0.0,0.0,-0.0,0.0,0.0,0.0,nan,nan,nan
109512785,0.15558785,0.44729248,-1.1975303,1.5179343,nan,0.0,0.0,-0.0,0.0,0.0,-0.0,0.0,0.0,0.0,nan,nan,nan
109712728,0.15558785,0.44729248,-1.1975303,1.5179343,nan,0.0,0.0,-0.0,0.0,0.0,-0.0,0.0,0.0,0.0,nan,nan,nan
109912967,0.15558785,0.44729248,-1.1975303,1.5179343,nan,0.0,0.0,-0.0,0.0,0.0,-0.0,0.0,0.0,0.0,nan,nan,nan
110114011,0.15558785,0.44729248,-1.1975303,1.5179343,nan,0.0,0.0,-0.0,0.0,0.0,-0.0,0.0,0.0,0.0,nan,nan,nan
110314009,0.15558785,0.44729248,-1.1975303,1.5179343,nan,0.0,0.0,-0.0,0.0,0.0,-0.0,0.0,0.0,0.0,nan,nan,nan
110513041,0.15558785,0.44729248,-1.1975303,1.5179343,nan,0.0,0.0,-0.0,0.0,0.0,-0.0,0.0,0.0,0.0,nan,nan,nan
110713878,0.15558785,0.44729248,-1.1975303,1.5179343,nan,0.0,0.0,-0.0,0.0,0.0,-0.0,0.0,0.0,0.0,nan,nan,nan
110911954,0.15691328,0.60016954,-1.1975303,1.5179343,nan,0.0,0.0,-0.0,0.0,0.0,-0.0,0.0,0.0,0.0,nan,nan,nan
111112472,0.15691328,0.60016954,-1.1975303,1.5179343,nan,0.0,0.0,-0.0,0.0,0.0,-0.0,0.0,0.0,0.0,nan,nan,nan
111313765,0.15691328,0.60016954,-1.1975303,1.5179343,nan,0.0,0.0,-0.0,0.0,0.0,-0.0,0.0,0.0,0.0,nan,nan,nan
111511880,0.15691328,0.60016954,-1.1975303,1.5179343,nan,0.0,0.0,-0.0,0.0,0.0,-0.0,0.0,0.0,0.0,nan,nan,nan
111714284,0.15691328,0.60016954,-1.1975303,1.5179343,nan,0.0,0.0,-0.0,0.0,0.0,-0.0,0.0,0.0,0.0,nan,nan,nan
111913108,0.15691328,0.60016954,-1.1975303,1.5179343,nan,0.0,0.0,-0.0,0.0,0.0,-0.0,0.0,0.0,0.0,nan,nan,nan
112113897,0.15691328,0.60016954,-1.1975303,1.5179343,nan,0.0,0.0,-0.0,0.0,0.0,-0.0,0.0,0.0,0.0,nan,nan,nan
112316034,0.15456952,0.76396334,-1.1975303,1.5179343,nan,0.0,0.0,-0.0,0.0,0.0,-0.0,0.0,0.0,0.0,nan,nan,nan
112510987,0.15456952,0.76396334,-1.1975303,1.5179343,nan,0.0,0.0,-0.0,0.0,0.0,-0.0,0.0,0.0,0.0,nan,nan,nan
112711201,0.15456952,0.76396334,-1.1975303,1.5179343,nan,0.0,0.0,-0.0,0.0,0.0,-0.0,0.0,0.0,0.0,nan,nan,nan
112911253,0.15456952,0.76396334,-1.1975303,1.5179343,nan,0.0,0.0,-0.0,0.0,0.0,-0.0,0.0,0.0,0.0,nan,nan,nan
113114058,0.15456952,0.76396334,-1.1975303,1.5179343,nan,0.0,0.0,-0.0,0.0,0.0,-0.0,0.0,0.0,0.0,nan,nan,nan
113318547,0.15456952,0.76396334,-1.1975303,1.5179343,nan,0.0,0.0,-0.0,0.0,0.0,-0.0,0.0,0.0,0.0,nan,nan,nan
113511298,0.15456952,0.76396334,-1.1975303,1.5179343,nan,0.0,0.0,-0.0,0.0,0.0,-0.0,0.0,0.0,0.0,nan,nan,nan
113712514,0.15456952,0.76396334,-1.1975303,1.5179343,nan,0.0,0.0,-0.0,0.0,0.0,-0.0,0.0,0.0,0.0,nan,nan,nan
113911456,0.14662807,0.9295579,-1.1975303,1.5179343,nan,0.0,0.0,-0.0,0.0,0.0,-0.0,0.0,0.0,0.0,nan,nan,nan
114113373,0.14662807,0.9295579,-1.1975303,1.5179343,nan,0.0,0.0,-0.0,0.0,0.0,-0.0,0.0,0.0,0.0,nan,nan,nan
114314083,0.14662807,0.9295579,-1.1975303,1.5179343,nan,0.0,0.0,-0.0,0.0,0.0,-0.0,0.0,0.0,0.0,nan,nan,nan
114513019,0.14662807,0.9295579,-1.1975303,1.5179343,nan,0.0,0.0,-0.0,0.0,0.0,-0.0,0.0,0.0,0.0,nan,nan,nan
114712317,0.14662807,0.9295579,-1.1975303,1.5179343,nan,0.0,0.0,-0.0,0.0,0.0,-0.0,0.0,0.0,0.0,nan,nan,nan
114911020,0.14662807,0.9295579,-1.1975303,1.5179343,nan,0.0,0.0,-0.0,0.0,0.0,-0.0,0.0,0.0,0.0,nan,nan,nan
115113118,0.14662807,0.9295579,-1.1975303,1.5179343,nan,0.0,0.0,-0.0,0.0,0.0,-0.0,0.0,0.0,0.0,nan,nan,nan
115261674,0.14662807,0.9295579,-1.1975303,1.5179343,nan,0.0,0.0,-0.0,0.0,0.0,-0.0,0.0,0.0,0.0,nan,nan,nan
115515400,0.13102233,1.0875518,-1.1975303,1.5179343,nan,0.0,0.0,-0.0,0.0,0.0,-0.0,0.0,0.0,0.0,nan,nan,nan
115713659,0.13102233,1.0875518,-1.1975303,1.5179343,nan,0.0,0.0,-0.0,0.0,0.0,-0.0,0.0,0.0,0.0,nan,nan,nan
115912500,0.13102233,1.0875518,-1.1975303,1.5179343,nan,0.0,0.0,-0.0,0.0,0.0,-0.0,0.0,0.0,0.0,nan,nan,nan
116111096,0.13102233,1.0875518,-1.1975303,1.5179343,nan,0.0,0.0,-0.0,0.0,0.0,-0.0,0.0,0.0,0.0,nan,nan,nan
116311665,0.13102233,1.0875518,-1.1975303,1.5179343,nan,0.0,0.0,-0.0,0.0,0.0,-0.0,0.0,0.0,0.0,nan,nan,nan
116514338,0.13102233,1.0875518,-1.1975303,1.5179343,nan,0.0,0.0,-0.0,0.0,0.0,-0.0,0.0,0.0,0.0,nan,nan,nan
116712172,0.13102233,1.0875518,-1.1975303,1.5179343,nan,0.0,0.0,-0.0,0.0,0.0,-0.0,0.0,0.0,0.0,nan,nan,nan
116912874,0.1056795,1.2291421,-1.1975303,1.5179343,nan,0.0,0.0,-0.0,0.0,0.0,-0.0,0.0,0.0,0.0,nan,nan,nan
117111717,0.1056795,1.2291421,-1.1975303,1.5179343,nan,0.0,0.0,-0.0,0.0,0.0,-0.0,0.0,0.0,0.0,nan,nan,nan
117312186,0.1056795,1.2291421,-1.1975303,1.5179343,nan,0.0,0.0,-0.0,0.0,0.0,-0.0,0.0,0.0,0.0,nan,nan,nan
117510742,0.1056795,1.2291421,-1.1975303,1.5179343,nan,0.0,0.0,-0.0,0.0,0.0,-0.0,0.0,0.0,0.0,nan,nan,nan
117711336,0.1056795,1.2291421,-1.1975303,1.5179343,nan,0.0,0.0,-0.0,0.0,0.0,-0.0,0.0,0.0,0.0,nan,nan,nan
117911926,0.1056795,1.2291421,-1.1975303,1.5179343,nan,0.0,0.0,-0.0,0.0,0.0,-0.0,0.0,0.0,0.0,nan,nan,nan
118111442,0.1056795,1.2291421,-1.1975303,1.5179343,nan,0.0,0.0,-0.0,0.0,0.0,-0.0,0.0,0.0,0.0,nan,nan,nan
118312957,0.1056795,1.2291421,-1.1975303,1.5179343,nan,0.0,0.0,-0.0,0.0,0.0,-0.0,0.0,0.0,0.0,nan,nan,nan
118511912,0.068668626,1.3468301,-1.1975303,1.5179343,nan,0.0,0.0,-0.0,0.0,0.0,-0.0,0.0,0.0,0.0,nan,nan,nan
118713016,0.068668626,1.3468301,-1.1975303,1.5179343,nan,0.0,0.0,-0.0,0.0,0.0,-0.0,0.0,0.0,0.0,nan,nan,nan
118912229,0.068668626,1.3468301,-1.1975303,1.5179343,nan,0.0,0.0,-0.0,0.0,0.0,-0.0,0.0,0.0,0.0,nan,nan,nan
119112359,0.068668626,1.3468301,-1.1975303,1.5179343,nan,0.0,0.0,-0.0,0.0,0.0,-0.0,0.0,0.0,0.0,nan,nan,nan
119310918,0.068668626,1.3468301,-1.1975303,1.5179343,nan,0.0,0.0,-0.0,0.0,0.0,-0.0,0.0,0.0,0.0,nan,nan,nan
119510839,0.068668626,1.3468301,-1.1975303,1.5179343,nan,0.0,0.0,-0.0,0.0,0.0,-0.0,0.0,0.0,0.0,nan,nan,nan
119710500,0.068668626,1.3468301,-1.1975303,1.5179343,nan,0.0,0.0,-0.0,0.0,0.0,-0.0,0.0,0.0,0.0,nan,nan,nan
119913268,0.018358544,1.434897,-1.1975303,1.5179343,nan,0.0,0.0,-0.0,0.0,0.0,-0.0,0.0,0.0,0.0,nan,nan,nan
120111866,0.018358544,1.434897,-1.1975303,1.5179343,nan,0.0,0.0,-0.0,0.0,0.0,-0.0,0.0,0.0,0.0,nan,nan,nan
120311551,0.018358544,1.434897,-1.1975303,1.5179343,nan,0.0,0.0,-0.0,0.0,0.0,-0.0,0.0,0.0,0.0,nan,nan,nan
120511583,0.018358544,1.434897,-1.1975303,1.5179343,nan,0.0,0.0,-0.0,0.0,0.0,-0.0,0.0,0.0,0.0,nan,nan,nan
120710875,0.018358544,1.434897,-1.1975303,1.5179343,nan,0.0,0.0,-0.0,0.0,0.0,-0.0,0.0,0.0,0.0,nan,nan,nan
120912082,0.018358544,1.434897,-1.1975303,1.5179343,nan,0.0,0.0,-0.0,0.0,0.0,-0.0,0.0,0.0,0.0,nan,nan,nan
121111481,0.018358544,1.434897,-1.1975303,1.5179343,nan,0.0,0.0,-0.0,0.0,0.0,-0.0,0.0,0.0,0.0,nan,nan,nan
121315431,0.018358544,1.434897,-1.1975303,1.5179343,nan,0.0,0.0,-0.0,0.0,0.0,-0.0,0.0,0.0,0.0,nan,nan,nan
121511621,-0.046423286,1.4896611,-1.1975303,1.5179343,nan,0.0,0.0,-0.0,0.0,0.0,-0.0,0.0,0.0,0.0,nan,nan,nan
121711346,-0.046423286,1.4896611,-1.1975303,1.5179343,nan,0.0,0.0,-0.0,0.0,0.0,-0.0,0.0,0.0,0.0,nan,nan,nan
121911509,-0.046423286,1.4896611,-1.1975303,1.5179343,nan,0.0,0.0,-0.0,0.0,0.0,-0.0,0.0,0.0,0.0,nan,nan,nan
122112009,-0.046423286,1.4896611,-1.1975303,1.5179343,nan,0.0,0.0,-0.0,0.0,0.0,-0.0,0.0,0.0,0.0,nan,nan,nan
122311434,-0.046423286,1.4896611,-1.1975303,1.5179343,nan,0.0,0.0,-0.0,0.0,0.0,-0.0,0.0,0.0,0.0,nan,nan,nan
122511172,-0.046423286,1.4896611,-1.1975303,1.5179343,nan,0.0,0.0,-0.0,0.0,0.0,-0.0,0.0,0.0,0.0,nan,nan,nan
122636384,-0.046423286,1.4896611,-1.1975303,1.5179343,nan,0.0,0.0,-0.0,0.0,0.0,-0.0,0.0,0.0,0.0,nan,nan,nan
122912698,-0.046423286,1.4896611,-1.1975303,1.5179343,nan,0.0,0.0,-0.0,0.0,0.0,-0.0,0.0,0.0,0.0,nan,nan,nan
123111658,-0.12623976,1.5095505,-1.1975303,1.5179343,nan,0.0,0.0,-0.0,0.0,0.0,-0.0,0.0,0.0,0.0,nan,nan,nan
123311252,-0.12623976,1.5095505,-1.1975303,1.5179343,nan,0.0,0.0,-0.0,0.0,0.0,-0.0,0.0,0.0,0.0,nan,nan,nan
123511213,-0.12623976,1.5095505,-1.1975303,1.5179343,nan,0.0,0.0,-0.0,0.0,0.0,-0.0,0.0,0.0,0.0,nan,nan,nan
123711724,-0.12623976,1.5095505,-1.1975303,1.5179343,nan,0.0,0.0,-0.0,0.0,0.0,-0.0,0.0,0.0,0.0,nan,nan,nan
123911677,-0.12623976,1.5095505,-1.1975303,1.5179343,nan,0.0,0.0,-0.0,0.0,0.0,-0.0,0.0,0.0,0.0,nan,nan,nan
124112641,-0.12623976,1.5095505,-1.1975303,1.5179343,nan,0.0,0.0,-0.0,0.0,0.0,-0.0,0.0,0.0,0.0,nan,nan,nan
124314070,-0.12623976,1.5095505,-1.1975303,1.5179343,nan,0.0,0.0,-0.0,0.0,0.0,-0.0,0.0,0.0,0.0,nan,nan,nan
124513454,-0.22091006,1.4950173,-1.1975303,1.5179343,nan,0.0,0.0,-0.0,0.0,0.0,-0.0,0.0,0.0,0.0,nan,nan,nan
124711336,-0.22091006,1.4950173,-1.1975303,1.5179343,nan,0.0,0.0,-0.0,0.0,0.0,-0.0,0.0,0.0,0.0,nan,nan,nan
124911509,-0.22091006,1.4950173,-1.1975303,1.5179343,nan,0.0,0.0,-0.0,0.0,0.0,-0.0,0.0,0.0,0.0,nan,nan,nan
125111682,-0.22091006,1.4950173,-1.1975303,1.5179343,nan,0.0,0.0,-0.0,0.0,0.0,-0.0,0.0,0.0,0.0,nan,nan,nan
125312189,-0.22091006,1.4950173,-1.1975303,1.5179343,nan,0.0,0.0,-0.0,0.0,0.0,-0.0,0.0,0.0,0.0,nan,nan,nan
125513147,-0.22091006,1.4950173,-1.1975303,1.5179343,nan,0.0,0.0,-0.0,0.0,0.0,-0.0,0.0,0.0,0.0,nan,nan,nan
125711671,-0.22091006,1.4950173,-1.1975303,1.5179343,nan,0.0,0.0,-0.0,0.0,0.0,-0.0,0.0,0.0,0.0,nan,nan,nan
125911550,-0.22091006,1.4950173,-1.1975303,1.5179343,nan,0.0,0.0,-0.0,0.0,0.0,-0.0,0.0,0.0,0.0,nan,nan,nan
126112510,-0.32940155,1.4483263,-1.1975303,1.5179343,nan,0.0,0.0,-0.0,0.0,0.0,-0.0,0.0,0.0,0.0,nan,nan,nan
126311058,-0.32940155,1.4483263,-1.1975303,1.5179343,nan,0.0,0.0,-0.0,0.0,0.0,-0.0,0.0,0.0,0.0,nan,nan,nan
126512906,-0.32940155,1.4483263,-1.1975303,1.5179343,nan,0.0,0.0,-0.0,0.0,0.0,-0.0,0.0,0.0,0.0,nan,nan,nan
126711632,-0.32940155,1.4483263,-1.1975303,1.5179343,nan,0.0,0.0,-0.0,0.0,0.0,-0.0,0.0,0.0,0.0,nan,nan,nan
126913062,-0.32940155,1.4483263,-1.1975303,1.5179343,nan,0.0,0.0,-0.0,0.0,0.0,-0.0,0.0,0.0,0.0,nan,nan,nan
127112357,-0.32940155,1.4483263,-1.1975303,1.5179343,nan,0.0,0.0,-0.0,0.0,0.0,-0.0,0.0,0.0,0.0,nan,nan,nan
127311877,-0.32940155,1.4483263,-1.1975303,1.5179343,nan,0.0,0.0,-0.0,0.0,0.0,-0.0,0.0,0.0,0.0,nan,nan,nan
127513363,-0.44975644,1.3732489,-1.1975303,1.5179343,nan,0.0,0.0,-0.0,0.0,0.0,-0.0,0.0,0.0,0.0,nan,nan,nan
127711519,-0.44975644,1.3732489,-1.1975303,1.5179343,nan,0.0,0.0,-0.0,0.0,0.0,-0.0,0.0,0.0,0.0,nan,nan,nan
127912061,-0.44975644,1.3732489,-1.1975303,1.5179343,nan,0.0,0.0,-0.0,0.0,0.0,-0.0,0.0,0.0,0.0,nan,nan,nan
128113369,-0.44975644,1.3732489,-1.1975303,1.5179343,nan,0.0,0.0,-0.0,0.0,0.0,-0.0,0.0,0.0,0.0,nan,nan,nan
128314754,-0.44975644,1.3732489,-1.1975303,1.5179343,nan,0.0,0.0,-0.0,0.0,0.0,-0.0,0.0,0.0,0.0,nan,nan,nan
128511166,-0.44975644,1.3732489,-1.1975303,1.5179343,nan,0.0,0.0,-0.0,0.0,0.0,-0.0,0.0,0.0,0.0,nan,nan,nan
128712299,-0.44975644,1.3732489,-1.1975303,1.5179343,nan,0.0,0.0,-0.0,0.0,0.0,-0.0,0.0,0.0,0.0,nan,nan,nan
128912514,-0.44975644,1.3732489,-1.1975303,1.5179343,nan,0.0,0.0,-0.0,0.0,0.0,-0.0,0.0,0.0,0.0,nan,nan,nan
129113261,-0.5790628,1.2746897,-1.1975303,1.5179343,nan,0.0,0.0,-0.0,0.0,0.0,-0.0,0.0,0.0,0.0,nan,nan,nan
129315225,-0.5790628,1.2746897,-1.1975303,1.5179343,nan,0.0,0.0,-0.0,0.0,0.0,-0.0,0.0,0.0,0.0,nan,nan,nan
129512781,-0.5790628,1.2746897,-1.1975303,1.5179343,nan,0.0,0.0,-0.0,0.0,0.0,-0.0,0.0,0.0,0.0,nan,nan,nan
129711777,-0.5790628,1.2746897,-1.1975303,1.5179343,nan,0.0,0.0,-0.0,0.0,0.0,-0.0,0.0,0.0,0.0,nan,nan,nan
129914105,-0.5790628,1.2746897,-1.1975303,1.5179343,nan,0.0,0.0,-0.0,0.0,0.0,-0.0,0.0,0.0,0.0,nan,nan,nan
130113015,-0.5790628,1.2746897,-1.1975303,1.5179343,nan,0.0,0.0,-0.0,0.0,0.0,-0.0,0.0,0.0,0.0,nan,nan,nan
130313709,-0.5790628,1.2746897,-1.1975303,1.5179343,nan,0.0,0.0,-0.0,0.0,0.0,-0.0,0.0,0.0,0.0,nan,nan,nan
130513033,-0.5790628,1.2746897,-1.1975303,1.5179343,nan,0.0,0.0,-0.0,0.0,0.0,-0.0,0.0,0.0,0.0,nan,nan,nan
130712232,-0.7134782,1.1582807,-1.1975303,1.5179343,nan,0.0,0.0,-0.0,0.0,0.0,-0.0,0.0,0.0,0.0,nan,nan,nan
130912540,-0.7134782,1.1582807,-1.1975303,1.5179343,nan,0.0,0.0,-0.0,0.0,0.0,-0.0,0.0,0.0,0.0,nan,nan,nan
131112737,-0.7134782,1.1582807,-1.1975303,1.5179343,nan,0.0,0.0,-0.0,0.0,0.0,-0.0,0.0,0.0,0.0,nan,nan,nan
131313662,-0.7134782,1.1582807,-1.1975303,1.5179343,nan,0.0,0.0,-0.0,0.0,0.0,-0.0,0.0,0.0,0.0,nan,nan,nan
131515241,-0.7134782,1.1582807,-1.1975303,1.5179343,nan,0.0,0.0,-0.0,0.0,0.0,-0.0,0.0,0.0,0.0,nan,nan,nan
131712624,-0.7134782,1.1582807,-1.1975303,1.5179343,nan,0.0,0.0,-0.0,0.0,0.0,-0.0,0.0,0.0,0.0,nan,nan,nan
131911611,-0.7134782,1.1582807,-1.1975303,1.5179343,nan,0.0,0.0,-0.0,0.0,0.0,-0.0,0.0,0.0,0.0,nan,nan,nan
132112117,-0.84831536,1.0299702,-1.1975303,1.5179343,nan,0.0,0.0,-0.0,0.0,0.0,-0.0,0.0,0.0,0.0,nan,nan,nan
132312929,-0.84831536,1.0299702,-1.1975303,1.5179343,nan,0.0,0.0,-0.0,0.0,0.0,-0.0,0.0,0.0,0.0,nan,nan,nan
132512972,-0.84831536,1.0299702,-1.1975303,1.5179343,nan,0.0,0.0,-0.0,0.0,0.0,-0.0,0.0,0.0,0.0,nan,nan,nan
132561436,-0.84831536,1.0299702,-1.1975303,1.5179343,nan,0.0,0.0,-0.0,0.0,0.0,-0.0,0.0,0.0,0.0,nan,nan,nan
132912341,-0.84831536,1.0299702,-1.1975303,1.5179343,nan,0.0,0.0,-0.0,0.0,0.0,-0.0,0.0,0.0,0.0,nan,nan,nan
133114340,-0.84831536,1.0299702,-1.1975303,1.5179343,nan,0.0,0.0,-0.0,0.0,0.0,-0.0,0.0,0.0,0.0,nan,nan,nan
133314932,-0.84831536,1.0299702,-1.1975303,1.5179343,nan,0.0,0.0,-0.0,0.0,0.0,-0.0,0.0,0.0,0.0,nan,nan,nan
133511694,-0.84831536,1.0299702,-1.1975303,1.5179343,nan,0.0,0.0,-0.0,0.0,0.0,-0.0,0.0,0.0,0.0,nan,nan,nan
133711794,-0.97819924,0.8956365,-1.1975303,1.5179343,nan,0.0,0.0,-0.0,0.0,0.0,-0.0,0.0,0.0,0.0,nan,nan,nan
133913303,-0.97819924,0.8956365,-1.1975303,1.5179343,nan,0.0,0.0,-0.0,0.0,0.0,-0.0,0.0,0.0,0.0,nan,nan,nan
134111811,-0.97819924,0.8956365,-1.1975303,1.5179343,nan,0.0,0.0,-0.0,0.0,0.0,-0.0,0.0,0.0,0.0,nan,nan,nan
134313487,-0.97819924,0.8956365,-1.1975303,1.5179343,nan,0.0,0.0,-0.0,0.0,0.0,-0.0,0.0,0.0,0.0,nan,nan,nan
134511688,-0.97819924,0.8956365,-1.1975303,1.5179343,nan,0.0,0.0,-0.0,0.0,0.0,-0.0,0.0,0.0,0.0,nan,nan,nan
134712894,-0.97819924,0.8956365,-1.1975303,1.5179343,nan,0.0,0.0,-0.0,0.0,0.0,-0.0,0.0,0.0,0.0,nan,nan,nan
134912799,-0.97819924,0.8956365,-1.1975303,1.5179343,nan,0.0,0.0,-0.0,0.0,0.0,-0.0,0.0,0.0,0.0,nan,nan,nan
135112082,-1.0973029,0.76076066,-1.1975303,1.5179343,nan,0.0,0.0,-0.0,0.0,0.0,-0.0,0.0,0.0,0.0,nan,nan,nan
135312250,-1.0973029,0.76076066,-1.1975303,1.5179343,nan,0.0,0.0,-0.0,0.0,0.0,-0.0,0.0,0.0,0.0,nan,nan,nan
135512036,-1.0973029,0.76076066,-1.1975303,1.5179343,nan,0.0,0.0,-0.0,0.0,0.0,-0.0,0.0,0.0,0.0,nan,nan,nan
135711985,-1.0973029,0.76076066,-1.1975303,1.5179343,nan,0.0,0.0,-0.0,0.0,0.0,-0.0,0.0,0.0,0.0,nan,nan,nan
135912398,-1.0973029,0.76076066,-1.1975303,1.5179343,nan,0.0,0.0,-0.0,0.0,0.0,-0.0,0.0,0.0,0.0,nan,nan,nan
136112222,-1.0973029,0.76076066,-1.1975303,1.5179343,nan,0.0,0.0,-0.0,0.0,0.0,-0.0,0.0,0.0,0.0,nan,nan,nan
136312933,-1.0973029,0.76076066,-1.1975303,1.5179343,nan,0.0,0.0,-0.0,0.0,0.0,-0.0,0.0,0.0,0.0,nan,nan,nan
136512258,-1.0973029,0.76076066,-1.1975303,1.5179343,nan,0.0,0.0,-0.0,0.0,0.0,-0.0,0.0,0.0,0.0,nan,nan,nan
136711778,-1.1996633,0.63017327,-1.1975303,1.5179343,nan,0.0,0.0,-0.0,0.0,0.0,-0.0,0.0,0.0,0.0,nan,nan,nan
136912041,-1.1996633,0.63017327,-1.1975303,1.5179343,nan,0.0,0.0,-0.0,0.0,0.0,-0.0,0.0,0.0,0.0,nan,nan,nan
137114043,-1.1996633,0.63017327,-1.1975303,1.5179343,nan,0.0,0.0,-0.0,0.0,0.0,-0.0,0.0,0.0,0.0,nan,nan,nan
137311850,-1.1996633,0.63017327,-1.1975303,1.5179343,nan,0.0,0.0,-0.0,0.0,0.0,-0.0,0.0,0.0,0.0,nan,nan,nan
137512226,-1.1996633,0.63017327,-1.1975303,1.5179343,nan,0.0,0.0,-0.0,0.0,0.0,-0.0,0.0,0.0,0.0,nan,nan,nan
137712314,-1.1996633,0.63017327,-1.1975303,1.5179343,nan,0.0,0.0,-0.0,0.0,0.0,-0.0,0.0,0.0,0.0,nan,nan,nan
137913133,-1.1996633,0.63017327,-1.1975303,1.5179343,nan,0.0,0.0,-0.0,0.0,0.0,-0.0,0.0,0.0,0.0,nan,nan,nan
138112347,-1.1996633,0.63017327,-1.1975303,1.5179343,nan,0.0,0.0,-0.0,0.0,0.0,-0.0,0.0,0.0,0.0,nan,nan,nan
138313742,-1.279558,0.5078842,-1.1975303,1.5179343,nan,0.0,0.0,-0.0,0.0,0.0,-0.0,0.0,0.0,0.0,nan,nan,nan
138512070,-1.279558,0.5078842,-1.1975303,1.5179343,nan,0.0,0.0,-0.0,0.0,0.0,-0.0,0.0,0.0,0.0,nan,nan,nan
138712940,-1.279558,0.5078842,-1.1975303,1.5179343,nan,0.0,0.0,-0.0,0.0,0.0,-0.0,0.0,0.0,0.0,nan,nan,nan
138913488,-1.279558,0.5078842,-1.1975303,1.5179343,nan,0.0,0.0,-0.0,0.0,0.0,-0.0,0.0,0.0,0.0,nan,nan,nan
139112680,-1.279558,0.5078842,-1.1975303,1.5179343,nan,0.0,0.0,-0.0,0.0,0.0,-0.0,0.0,0.0,0.0,nan,nan,nan
139312745,-1.279558,0.5078842,-1.1975303,1.5179343,nan,0.0,0.0,-0.0,0.0,0.0,-0.0,0.0,0.0,0.0,nan,nan,nan
139512215,-1.279558,0.5078842,-1.1975303,1.5179343,nan,0.0,0.0,-0.0,0.0,0.0,-0.0,0.0,0.0,0.0,nan,nan,nan
139712602,-1.3319136,0.39698398,-1.1975303,1.5179343,nan,0.0,0.0,-0.0,0.0,0.0,-0.0,0.0,0.0,0.0,nan,nan,nan
139912324,-1.3319136,0.39698398,-1.1975303,1.5179343,nan,0.0,0.0,-0.0,0.0,0.0,-0.0,0.0,0.0,0.0,nan,nan,nan
140112851,-1.3319136,0.39698398,-1.1975303,1.5179343,nan,0.0,0.0,-0.0,0.0,0.0,-0.0,0.0,0.0,0.0,nan,nan,nan
140312386,-1.3319136,0.39698398,-1.1975303,1.5179343,nan,0.0,0.0,-0.0,0.0,0.0,-0.0,0.0,0.0,0.0,nan,nan,nan
140512283,-1.3319136,0.39698398,-1.1975303,1.5179343,nan,0.0,0.0,-0.0,0.0,0.0,-0.0,0.0,0.0,0.0,nan,nan,nan
140712493,-1.3319136,0.39698398,-1.1975303,1.5179343,nan,0.0,0.0,-0.0,0.0,0.0,-0.0,0.0,0.0,0.0,nan,nan,nan
140911258,-1.3319136,0.39698398,-1.1975303,1.5179343,nan,0.0,0.0,-0.0,0.0,0.0,-0.0,0.0,0.0,0.0,nan,nan,nan
141112879,-1.3319136,0.39698398,-1.1975303,1.5179343,nan,0.0,0.0,-0.0,0.0,0.0,-0.0,0.0,0.0,0.0,nan,nan,nan
141312584,-1.3527162,0.29960898,-1.1975303,1.5179343,nan,0.0,0.0,-0.0,0.0,0.0,-0.0,0.0,0.0,0.0,nan,nan,nan
141511078,-1.3527162,0.29960898,-1.1975303,1.5179343,nan,0.0,0.0,-0.0,0.0,0.0,-0.0,0.0,0.0,0.0,nan,nan,nan
141711399,-1.3527162,0.29960898,-1.1975303,1.5179343,nan,0.0,0.0,-0.0,0.0,0.0,-0.0,0.0,0.0,0.0,nan,nan,nan
141913483,-1.3527162,0.29960898,-1.1975303,1.5179343,nan,0.0,0.0,-0.0,0.0,0.0,-0.0,0.0,0.0,0.0,nan,nan,nan
142112784,-1.3527162,0.29960898,-1.1975303,1.5179343,nan,0.0,0.0,-0.0,0.0,0.0,-0.0,0.0,0.0,0.0,nan,nan,nan
142313579,-1.3527162,0.29960898,-1.1975303,1.5179343,nan,0.0,0.0,-0.0,0.0,0.0,-0.0,0.0,0.0,0.0,nan,nan,nan
142512577,-1.3527162,0.29960898,-1.1975303,1.5179343,nan,0.0,0.0,-0.0,0.0,0.0,-0.0,0.0,0.0,0.0,nan,nan,nan
142714359,-1.339392,0.21696141,-1.1975303,1.5179343,nan,0.0,0.0,-0.0,0.0,0.0,-0.0,0.0,0.0,0.0,nan,nan,nan
142913538,-1.339392,0.21696141,-1.1975303,1.5179343,nan,0.0,0.0,-0.0,0.0,0.0,-0.0,0.0,0.0,0.0,nan,nan,nan
143113165,-1.339392,0.21696141,-1.1975303,1.5179343,nan,0.0,0.0,-0.0,0.0,0.0,-0.0,0.0,0.0,0.0,nan,nan,nan
143313515,-1.339392,0.21696141,-1.1975303,1.5179343,nan,0.0,0.0,-0.0,0.0,0.0,-0.0,0.0,0.0,0.0,nan,nan,nan
143512932,-1.339392,0.21696141,-1.1975303,1.5179343,nan,0.0,0.0,-0.0,0.0,0.0,-0.0,0.0,0.0,0.0,nan,nan,nan
143713287,-1.339392,0.21696141,-1.1975303,1.5179343,nan,0.0,0.0,-0.0,0.0,0.0,-0.0,0.0,0.0,0.0,nan,nan,nan
143913452,-1.339392,0.21696141,-1.1975303,1.5179343,nan,0.0,0.0,-0.0,0.0,0.0,-0.0,0.0,0.0,0.0,nan,nan,nan
144113560,-1.339392,0.21696141,-1.1975303,1.5179343,nan,0.0,0.0,-0.0,0.0,0.0,-0.0,0.0,0.0,0.0,nan,nan,nan
144312951,-1.2911282,0.14937493,-1.1975303,1.5179343,nan,0.0,0.0,-0.0,0.0,0.0,-0.0,0.0,0.0,0.0,nan,nan,nan
144511662,-1.2911282,0.14937493,-1.1975303,1.5179343,nan,0.0,0.0,-0.0,0.0,0.0,-0.0,0.0,0.0,0.0,nan,nan,nan
144711669,-1.2911282,0.14937493,-1.1975303,1.5179343,nan,0.0,0.0,-0.0,0.0,0.0,-0.0,0.0,0.0,0.0,nan,nan,nan
144913053,-1.2911282,0.14937493,-1.1975303,1.5179343,nan,0.0,0.0,-0.0,0.0,0.0,-0.0,0.0,0.0,0.0,nan,nan,nan
145114061,-1.2911282,0.14937493,-1.1975303,1.5179343,nan,0.0,0.0,-0.0,0.0,0.0,-0.0,0.0,0.0,0.0,nan,nan,nan
145311570,-1.2911282,0.14937493,-1.1975303,1.5179343,nan,0.0,0.0,-0.0,0.0,0.0,-0.0,0.0,0.0,0.0,nan,nan,nan
145513305,-1.2911282,0.14937493,-1.1975303,1.5179343,nan,0.0,0.0,-0.0,0.0,0.0,-0.0,0.0,0.0,0.0,nan,nan,nan
145713600,-1.2911282,0.14937493,-1.1975303,1.5179343,nan,0.0,0.0,-0.0,0.0,0.0,-0.0,0.0,0.0,0.0,nan,nan,nan
145911835,-1.2091057,0.09641693,-1.1975303,1.5179343,nan,0.0,0.0,-0.0,0.0,0.0,-0.0,0.0,0.0,0.0,nan,nan,nan
146113878,-1.2091057,0.09641693,-1.1975303,1.5179343,nan,0.0,0.0,-0.0,0.0,0.0,-0.0,0.0,0.0,0.0,nan,nan,nan
146312270,-1.2091057,0.09641693,-1.1975303,1.5179343,nan,0.0,0.0,-0.0,0.0,0.0,-0.0,0.0,0.0,0.0,nan,nan,nan
146513881,-1.2091057,0.09641693,-1.1975303,1.5179343,nan,0.0,0.0,-0.0,0.0,0.0,-0.0,0.0,0.0,0.0,nan,nan,nan
146712168,-1.2091057,0.09641693,-1.1975303,1.5179343,nan,0.0,0.0,-0.0,0.0,0.0,-0.0,0.0,0.0,0.0,nan,nan,nan
146912382,-1.2091057,0.09641693,-1.1975303,1.5179343,nan,0.0,0.0,-0.0,0.0,0.0,-0.0,0.0,0.0,0.0,nan,nan,nan
147111913,-1.2091057,0.09641693,-1.1975303,1.5179343,nan,0.0,0.0,-0.0,0.0,0.0,-0.0,0.0,0.0,0.0,nan,nan,nan
147310517,-1.0966098,0.057018317,-1.1975303,1.5179343,nan,0.0,0.0,-0.0,0.0,0.0,-0.0,0.0,0.0,0.0,nan,nan,nan
147514504,-1.0966098,0.057018317,-1.1975303,1.5179343,nan,0.0,0.0,-0.0,0.0,0.0,-0.0,0.0,0.0,0.0,nan,nan,nan
147711787,-1.0966098,0.057018317,-1.1975303,1.5179343,nan,0.0,0.0,-0.0,0.0,0.0,-0.0,0.0,0.0,0.0,nan,nan,nan
147912076,-1.0966098,0.057018317,-1.1975303,1.5179343,nan,0.0,0.0,-0.0,0.0,0.0,-0.0,0.0,0.0,0.0,nan,nan,nan
148114165,-1.0966098,0.057018317,-1.1975303,1.5179343,nan,0.0,0.0,-0.0,0.0,0.0,-0.0,0.0,0.0,0.0,nan,nan,nan
148311975,-1.0966098,0.057018317,-1.1975303,1.5179343,nan,0.0,0.0,-0.0,0.0,0.0,-0.0,0.0,0.0,0.0,nan,nan,nan
148514513,-1.0966098,0.057018317,-1.1975303,1.5179343,nan,0.0,0.0,-0.0,0.0,0.0,-0.0,0.0,0.0,0.0,nan,nan,nan
148712051,-1.0966098,0.057018317,-1.1975303,1.5179343,nan,0.0,0.0,-0.0,0.0,0.0,-0.0,0.0,0.0,0.0,nan,nan,nan
148912004,-0.95899,0.029622162,-1.1975303,1.5179343,nan,0.0,0.0,-0.0,0.0,0.0,-0.0,0.0,0.0,0.0,nan,nan,nan
149113998,-0.95899,0.029622162,-1.1975303,1.5179343,nan,0.0,0.0,-0.0,0.0,0.0,-0.0,0.0,0.0,0.0,nan,nan,nan
149314445,-0.95899,0.029622162,-1.1975303,1.5179343,nan,0.0,0.0,-0.0,0.0,0.0,-0.0,0.0,0.0,0.0,nan,nan,nan
149512786,-0.95899,0.029622162,-1.1975303,1.5179343,nan,0.0,0.0,-0.0,0.0,0.0,-0.0,0.0,0.0,0.0,nan,nan,nan
149713957,-0.95899,0.029622162,-1.1975303,1.5179343,nan,0.0,0.0,-0.0,0.0,0.0,-0.0,0.0,0.0,0.0,nan,nan,nan
149914511,-0.95899,0.029622162,-1.1975303,1.5179343,nan,0.0,0.0,-0.0,0.0,0.0,-0.0,0.0,0.0,0.0,nan,nan,nan
150114723,-0.95899,0.029622162,-1.1975303,1.5179343,nan,0.0,0.0,-0.0,0.0,0.0,-0.0,0.0,0.0,0.0,nan,nan,nan
150311671,-0.8034395,0.012341695,-1.1975303,1.5179343,nan,0.0,0.0,-0.0,0.0,0.0,-0.0,0.0,0.0,0.0,nan,nan,nan
150512815,-0.8034395,0.012341695,-1.1975303,1.5179343,nan,0.0,0.0,-0.0,0.0,0.0,-0.0,0.0,0.0,0.0,nan,nan,nan
150712116,-0.8034395,0.012341695,-1.1975303,1.5179343,nan,0.0,0.0,-0.0,0.0,0.0,-0.0,0.0,0.0,0.0,nan,nan,nan
150912492,-0.8034395,0.012341695,-1.1975303,1.5179343,nan,0.0,0.0,-0.0,0.0,0.0,-0.0,0.0,0.0,0.0,nan,nan,nan
151112369,-0.8034395,0.012341695,-1.1975303,1.5179343,nan,0.0,0.0,-0.0,0.0,0.0,-0.0,0.0,0.0,0.0,nan,nan,nan
151313143,-0.8034395,0.012341695,-1.1975303,1.5179343,nan,0.0,0.0,-0.0,0.0,0.0,-0.0,0.0,0.0,0.0,nan,nan,nan
151512796,-0.8034395,0.012341695,-1.1975303,1.5179343,nan,0.0,0.0,-0.0,0.0,0.0,-0.0,0.0,0.0,0.0,nan,nan,nan
151714121,-0.8034395,0.012341695,-1.1975303,1.5179343,nan,0.0,0.0,-0.0,0.0,0.0,-0.0,0.0,0.0,0.0,nan,nan,nan
151911826,-0.6385632,0.0031190533,-1.1975303,1.5179343,nan,0.0,0.0,-0.0,0.0,0.0,-0.0,0.0,0.0,0.0,nan,nan,nan
152112427,-0.6385632,0.0031190533,-1.1975303,1.5179343,nan,0.0,0.0,-0.0,0.0,0.0,-0.0,0.0,0.0,0.0,nan,nan,nan
152312365,-0.6385632,0.0031190533,-1.1975303,1.5179343,nan,0.0,0.0,-0.0,0.0,0.0,-0.0,0.0,0.0,0.0,nan,nan,nan
152513136,-0.6385632,0.0031190533,-1.1975303,1.5179343,nan,0.0,0.0,-0.0,0.0,0.0,-0.0,0.0,0.0,0.0,nan,nan,nan
152711870,-0.6385632,0.0031190533,-1.1975303,1.5179343,nan,0.0,0.0,-0.0,0.0,0.0,-0.0,0.0,0.0,0.0,nan,nan,nan
152912169,-0.6385632,0.0031190533,-1.1975303,1.5179343,nan,0.0,0.0,-0.0,0.0,0.0,-0.0,0.0,0.0,0.0,nan,nan,nan
153115388,-0.6385632,0.0031190533,-1.1975303,1.5179343,nan,0.0,0.0,-0.0,0.0,0.0,-0.0,0.0,0.0,0.0,nan,nan,nan
153313001,-0.6385632,0.0031190533,-1.1975303,1.5179343,nan,0.0,0.0,-0.0,0.0,0.0,-0.0,0.0,0.0,0.0,nan,nan,nan
153512821,-0.47371334,-0.00012414716,-1.1975303,1.5179343,nan,0.0,0.0,-0.0,0.0,0.0,-0.0,0.0,0.0,0.0,nan,nan,nan
153712807,-0.47371334,-0.00012414716,-1.1975303,1.5179343,nan,0.0,0.0,-0.0,0.0,0.0,-0.0,0.0,0.0,0.0,nan,nan,nan
153913297,-0.47371334,-0.00012414716,-1.1975303,1.5179343,nan,0.0,0.0,-0.0,0.0,0.0,-0.0,0.0,0.0,0.0,nan,nan,nan
154115574,-0.47371334,-0.00012414716,-1.1975303,1.5179343,nan,0.0,0.0,-0.0,0.0,0.0,-0.0,0.0,0.0,0.0,nan,nan,nan
154312318,-0.47371334,-0.00012414716,-1.1975303,1.5179343,nan,0.0,0.0,-0.0,0.0,0.0,-0.0,0.0,0.0,0.0,nan,nan,nan
154512344,-0.47371334,-0.00012414716,-1.1975303,1.5179343,nan,0.0,0.0,-0.0,0.0,0.0,-0.0,0.0,0.0,0.0,nan,nan,nan
154715323,-0.47371334,-0.00012414716,-1.1975303,1.5179343,nan,0.0,0.0,-0.0,0.0,0.0,-0.0,0.0,0.0,0.0,nan,nan,nan
154912515,-0.31813186,0.00064846873,-1.1975303,1.5179343,nan,0.0,0.0,-0.0,0.0,0.0,-0.0,0.0,0.0,0.0,nan,nan,nan
155112779,-0.31813186,0.00064846873,-1.1975303,1.5179343,nan,0.0,0.0,-0.0,0.0,0.0,-0.0,0.0,0.0,0.0,nan,nan,nan
155315101,-0.31813186,0.00064846873,-1.1975303,1.5179343,nan,0.0,0.0,-0.0,0.0,0.0,-0.0,0.0,0.0,0.0,nan,nan,nan
155515026,-0.31813186,0.00064846873,-1.1975303,1.5179343,nan,0.0,0.0,-0.0,0.0,0.0,-0.0,0.0,0.0,0.0,nan,nan,nan
155712056,-0.31813186,0.00064846873,-1.1975303,1.5179343,nan,0.0,0.0,-0.0,0.0,0.0,-0.0,0.0,0.0,0.0,nan,nan,nan
155912163,-0.31813186,0.00064846873,-1.1975303,1.5179343,nan,0.0,0.0,-0.0,0.0,0.0,-0.0,0.0,0.0,0.0,nan,nan,nan
156112224,-0.31813186,0.00064846873,-1.1975303,1.5179343,nan,0.0,0.0,-0.0,0.0,0.0,-0.0,0.0,0.0,0.0,nan,nan,nan
156312156,-0.31813186,0.00064846873,-1.1975303,1.5179343,nan,0.0,0.0,-0.0,0.0,0.0,-0.0,0.0,0.0,0.0,nan,nan,nan
156512575,-0.18000217,0.003702811,-1.1975303,1.5179343,nan,0.0,0.0,-0.0,0.0,0.0,-0.0,0.0,0.0,0.0,nan,nan,nan
156712369,-0.18000217,0.003702811,-1.1975303,1.5179343,nan,0.0,0.0,-0.0,0.0,0.0,-0.0,0.0,0.0,0.0,nan,nan,nan
156912465,-0.18000217,0.003702811,-1.1975303,1.5179343,nan,0.0,0.0,-0.0,0.0,0.0,-0.0,0.0,0.0,0.0,nan,nan,nan
157113861,-0.18000217,0.003702811,-1.1975303,1.5179343,nan,0.0,0.0,-0.0,0.0,0.0,-0.0,0.0,0.0,0.0,nan,nan,nan
157236958,-0.18000217,0.003702811,-1.1975303,1.5179343,nan,0.0,0.0,-0.0,0.0,0.0,-0.0,0.0,0.0,0.0,nan,nan,nan
157512090,-0.18000217,0.003702811,-1.1975303,1.5179343,nan,0.0,0.0,-0.0,0.0,0.0,-0.0,0.0,0.0,0.0,nan,nan,nan
157712228,-0.18000217,0.003702811,-1.1975303,1.5179343,nan,0.0,0.0,-0.0,0.0,0.0,-0.0,0.0,0.0,0.0,nan,nan,nan
157912365,-0.18000217,0.003702811,-1.1975303,1.5179343,nan,0.0,0.0,-0.0,0.0,0.0,-0.0,0.0,0.0,0.0,nan,nan,nan
158113255,-0.06553602,0.0076238373,-1.1975303,1.5179343,nan,0.0,0.0,-0.0,0.0,0.0,-0.0,0.0,0.0,0.0,nan,nan,nan
158311253,-0.06553602,0.0076238373,-1.1975303,1.5179343,nan,0.0,0.0,-0.0,0.0,0.0,-0.0,0.0,0.0,0.0,nan,nan,nan
158512149,-0.06553602,0.0076238373,-1.1975303,1.5179343,nan,0.0,0.0,-0.0,0.0,0.0,-0.0,0.0,0.0,0.0,nan,nan,nan
158712174,-0.06553602,0.0076238373,-1.1975303,1.5179343,nan,0.0,0.0,-0.0,0.0,0.0,-0.0,0.0,0.0,0.0,nan,nan,nan
158913185,-0.06553602,0.0076238373,-1.1975303,1.5179343,nan,0.0,0.0,-0.0,0.0,0.0,-0.0,0.0,0.0,0.0,nan,nan,nan
159112316,-0.06553602,0.0076238373,-1.1975303,1.5179343,nan,0.0,0.0,-0.0,0.0,0.0,-0.0,0.0,0.0,0.0,nan,nan,nan
159312468,-0.06553602,0.0076238373,-1.1975303,1.5179343,nan,0.0,0.0,-0.0,0.0,0.0,-0.0,0.0,0.0,0.0,nan,nan,nan
159512052,0.021778561,0.011375173,-1.1975303,1.5179343,nan,0.0,0.0,-0.0,0.0,0.0,-0.0,0.0,0.0,0.0,nan,nan,nan
159712896,0.021778561,0.011375173,-1.1975303,1.5179343,nan,0.0,0.0,-0.0,0.0,0.0,-0.0,0.0,0.0,0.0,nan,nan,nan
159911204,0.021778561,0.011375173,-1.1975303,1.5179343,nan,0.0,0.0,-0.0,0.0,0.0,-0.0,0.0,0.0,0.0,nan,nan,nan
160113275,0.021778561,0.011375173,-1.1975303,1.5179343,nan,0.0,0.0,-0.0,0.0,0.0,-0.0,0.0,0.0,0.0,nan,nan,nan
160312491,0.021778561,0.011375173,-1.1975303,1.5179343,nan,0.0,0.0,-0.0,0.0,0.0,-0.0,0.0,0.0,0.0,nan,nan,nan
160512934,0.021778561,0.011375173,-1.1975303,1.5179343,nan,0.0,0.0,-0.0,0.0,0.0,-0.0,0.0,0.0,0.0,nan,nan,nan
160711843,0.021778561,0.011375173,-1.1975303,1.5179343,nan,0.0,0.0,-0.0,0.0,0.0,-0.0,0.0,0.0,0.0,nan,nan,nan
160911770,0.021778561,0.011375173,-1.1975303,1.5179343,nan,0.0,0.0,-0.0,0.0,0.0,-0.0,0.0,0.0,0.0,nan,nan,nan
161112707,0.081643045,0.014324149,-1.1975303,1.5179343,nan,0.0,0.0,-0.0,0.0,0.0,-0.0,0.0,0.0,0.0,nan,nan,nan
161311112,0.081643045,0.014324149,-1.1975303,1.5179343,nan,0.0,0.0,-0.0,0.0,0.0,-0.0,0.0,0.0,0.0,nan,nan,nan
161511596,0.081643045,0.014324149,-1.1975303,1.5179343,nan,0.0,0.0,-0.0,0.0,0.0,-0.0,0.0,0.0,0.0,nan,nan,nan
161712409,0.081643045,0.014324149,-1.1975303,1.5179343,nan,0.0,0.0,-0.0,0.0,0.0,-0.0,0.0,0.0,0.0,nan,nan,nan
161913266,0.081643045,0.014324149,-1.1975303,1.5179343,nan,0.0,0.0,-0.0,0.0,0.0,-0.0,0.0,0.0,0.0,nan,nan,nan
162111947,0.081643045,0.014324149,-1.1975303,1.5179343,nan,0.0,0.0,-0.0,0.0,0.0,-0.0,0.0,0.0,0.0,nan,nan,nan
162312993,0.081643045,0.014324149,-1.1975303,1.5179343,nan,0.0,0.0,-0.0,0.0,0.0,-0.0,0.0,0.0,0.0,nan,nan,nan
162512499,0.11700168,0.016227573,-1.1975303,1.5179343,nan,0.0,0.0,-0.0,0.0,0.0,-0.0,0.0,0.0,0.0,nan,nan,nan
162712436,0.11700168,0.016227573,-1.1975303,1.5179343,nan,0.0,0.0,-0.0,0.0,0.0,-0.0,0.0,0.0,0.0,nan,nan,nan
162912654,0.11700168,0.016227573,-1.1975303,1.5179343,nan,0.0,0.0,-0.0,0.0,0.0,-0.0,0.0,0.0,0.0,nan,nan,nan
163111992,0.11700168,0.016227573,-1.1975303,1.5179343,nan,0.0,0.0,-0.0,0.0,0.0,-0.0,0.0,0.0,0.0,nan,nan,nan
163313218,0.11700168,0.016227573,-1.1975303,1.5179343,nan,0.0,0.0,-0.0,0.0,0.0,-0.0,0.0,0.0,0.0,nan,nan,nan
163512786,0.11700168,0.016227573,-1.1975303,1.5179343,nan,0.0,0.0,-0.0,0.0,0.0,-0.0,0.0,0.0,0.0,nan,nan,nan
163714598,0.11700168,0.016227573,-1.1975303,1.5179343,nan,0.0,0.0,-0.0,0.0,0.0,-0.0,0.0,0.0,0.0,nan,nan,nan
163912826,0.11700168,0.016227573,-1.1975303,1.5179343,nan,0.0,0.0,-0.0,0.0,0.0,-0.0,0.0,0.0,0.0,nan,nan,nan
164112883,0.13355683,0.01717359,-1.1975303,1.5179343,nan,0.0,0.0,-0.0,0.0,0.0,-0.0,0.0,0.0,0.0,nan,nan,nan
164313264,0.13355683,0.01717359,-1.1975303,1.5179343,nan,0.0,0.0,-0.0,0.0,0.0,-0.0,0.0,0.0,0.0,nan,nan,nan
164514743,0.13355683,0.01717359,-1.1975303,1.5179343,nan,0.0,0.0,-0.0,0.0,0.0,-0.0,0.0,0.0,0.0,nan,nan,nan
164713171,0.13355683,0.01717359,-1.1975303,1.5179343,nan,0.0,0.0,-0.0,0.0,0.0,-0.0,0.0,0.0,0.0,nan,nan,nan
164912064,0.13355683,0.01717359,-1.1975303,1.5179343,nan,0.0,0.0,-0.0,0.0,0.0,-0.0,0.0,0.0,0.0,nan,nan,nan
165112913,0.13355683,0.01717359,-1.1975303,1.5179343,nan,0.0,0.0,-0.0,0.0,0.0,-0.0,0.0,0.0,0.0,nan,nan,nan
165313702,0.13355683,0.01717359,-1.1975303,1.5179343,nan,0.0,0.0,-0.0,0.0,0.0,-0.0,0.0,0.0,0.0,nan,nan,nan
165513686,0.13355683,0.01717359,-1.1975303,1.5179343,nan,0.0,0.0,-0.0,0.0,0.0,-0.0,0.0,0.0,0.0,nan,nan,nan
165712917,0.13862023,0.017474914,-1.1975303,1.5179343,nan,0.0,0.0,-0.0,0.0,0.0,-0.0,0.0,0.0,0.0,nan,nan,nan
165915206,0.13862023,0.017474914,-1.1975303,1.5179343,nan,0.0,0.0,-0.0,0.0,0.0,-0.0,0.0,0.0,0.0,nan,nan,nan
166112471,0.13862023,0.017474914,-1.1975303,1.5179343,nan,0.0,0.0,-0.0,0.0,0.0,-0.0,0.0,0.0,0.0,nan,nan,nan
166314045,0.13862023,0.017474914,-1.1975303,1.5179343,nan,0.0,0.0,-0.0,0.0,0.0,-0.0,0.0,0.0,0.0,nan,nan,nan
166512951,0.13862023,0.017474914,-1.1975303,1.5179343,nan,0.0,0.0,-0.0,0.0,0.0,-0.0,0.0,0.0,0.0,nan,nan,nan
166713067,0.13862023,0.017474914,-1.1975303,1.5179343,nan,0.0,0.0,-0.0,0.0,0.0,-0.0,0.0,0.0,0.0,nan,nan,nan
166912456,0.13862023,0.017474914,-1.1975303,1.5179343,nan,0.0,0.0,-0.0,0.0,0.0,-0.0,0.0,0.0,0.0,nan,nan,nan
167112743,0.1391748,0.017508809,-1.1975303,1.5179343,nan,0.0,0.0,-0.0,0.0,0.0,-0.0,0.0,0.0,0.0,nan,nan,nan
167313246,0.1391748,0.017508809,-1.1975303,1.5179343,nan,0.0,0.0,-0.0,0.0,0.0,-0.0,0.0,0.0,0.0,nan,nan,nan
167512833,0.1391748,0.017508809,-1.1975303,1.5179343,nan,0.0,0.0,-0.0,0.0,0.0,-0.0,0.0,0.0,0.0,nan,nan,nan
167712565,0.1391748,0.017508809,-1.1975303,1.5179343,nan,0.0,0.0,-0.0,0.0,0.0,-0.0,0.0,0.0,0.0,nan,nan,nan
167912659,0.1391748,0.017508809,-1.1975303,1.5179343,nan,0.0,0.0,-0.0,0.0,0.0,-0.0,0.0,0.0,0.0,nan,nan,nan
168114116,0.1391748,0.017508809,-1.1975303,1.5179343,nan,0.0,0.0,-0.0,0.0,0.0,-0.0,0.0,0.0,0.0,nan,nan,nan
168313269,0.1391748,0.017508809,-1.1975303,1.5179343,nan,0.0,0.0,-0.0,0.0,0.0,-0.0,0.0,0.0,0.0,nan,nan,nan
168512243,0.1391748,0.017508809,-1.1975303,1.5179343,nan,0.0,0.0,-0.0,0.0,0.0,-0.0,0.0,0.0,0.0,nan,nan,nan
168717022,0.14439777,0.01714601,-1.2005334,1.5172442,0.0,0.00457054,-0.006043874,0.023440715,-0.0067294836,0.008902073,0.478052,0.0,0.0,4.0,nan,nan,nan
168916997,0.14517038,0.016124396,-1.1809566,1.5172442,0.0,0.0031278413,-0.00413533,0.19901535,-0.007608533,0.010065794,1.2779399,0.0,0.0,4.0,nan,nan,nan
169117218,0.14561169,0.015541041,-1.1112705,1.5172442,0.0,0.0008600179,-0.001132827,0.5008141,-0.016568333,0.02199775,1.360347,0.0,0.0,-4.0,nan,nan,nan
169317464,0.14548191,0.015715972,-0.9893277,1.5172442,0.0,-0.001442036,0.0019351878,0.69280756,0.00089260936,-0.0012740493,0.5608887,0.0,0.0,-4.0,nan,nan,nan
169517094,0.14521776,0.01606893,-0.8455037,1.5172442,0.0,-0.0011825638,0.0015719362,0.725189,0.0017336607,-0.0023998916,-0.23567978,0.0,0.0,-4.0,nan,nan,nan
169717311,0.14502348,0.01632561,-0.7045305,1.5172442,0.0,-0.00083523645,0.0010996914,0.7,0.0,0.0,0.0,0.0,0.0,0.0,nan,nan,nan
169917227,0.14486837,0.01652968,-0.5648133,1.5172442,0.0,-0.0007290638,0.00095998024,0.7,0.0,0.0,0.0,0.0,0.0,0.0,nan,nan,nan
170117462,0.14473283,0.016708022,-0.42489797,1.5172442,0.0,-0.0006361494,0.00083774305,0.7,0.0,0.0,0.0,0.0,0.0,0.0,nan,nan,nan
170317668,0.14461443,0.01686389,-0.2847748,1.5172442,0.0,-0.00055509683,0.00073104654,0.7,0.0,0.0,0.0,0.0,0.0,0.0,nan,nan,nan
170517291,0.14451136,0.016999548,-0.14501141,1.5172442,0.0,-0.0004844225,0.0006380236,0.7,0.0,0.0,0.0,0.0,0.0,0.0,nan,nan,nan
170717485,0.1444215,0.017117828,-0.005416743,1.5172442,0.0,-0.00042269344,0.000556769,0.7,0.0,0.0,0.0,0.0,0.0,0.0,nan,nan,nan
170917561,0.1443435,0.017220555,0.13346142,1.5172442,0.0,-0.00036934568,0.00048651322,0.7,0.0,0.0,0.0,0.0,0.0,0.0,nan,nan,nan
171117564,0.14427571,0.017309757,0.27147686,1.5172442,0.0,-0.00032261267,0.00042500527,0.7,0.0,0.0,0.0,0.0,0.0,0.0,nan,nan,nan
171317520,0.14421695,0.017387148,0.4083562,1.5172442,0.0,-0.00028252497,0.00037222216,0.7,0.0,0.0,0.0,0.0,0.0,0.0,nan,nan,nan
171517377,0.14416559,0.017454768,0.54495233,1.5172442,0.0,-0.00024734292,0.00032589235,0.7,0.0,0.0,0.0,0.0,0.0,0.0,nan,nan,nan
171717511,0.14412053,0.017514035,0.6816932,1.5172442,0.0,-0.00021646272,0.00028527685,0.7,0.0,0.0,0.0,0.0,0.0,0.0,nan,nan,nan
171917634,0.14408113,0.017565954,0.81850356,1.5172442,0.0,-0.0001896494,0.00024995545,0.7,0.0,0.0,0.0,0.0,0.0,0.0,nan,nan,nan
172117760,0.18397485,-0.00024898973,-0.22329657,1.5711237,-0.7853981,2.30789e-06,-3.037334e-06,0.7,0.0,0.0,0.0,0.0,0.0,0.0,nan,nan,nan
172317771,0.18149865,0.001365646,-0.23224485,1.5749056,-0.7853982,-0.00080515124,8.600424e-06,0.7,-0.08025715,0.0004297942,0.0,-4.0,0.0,0.0,nan,nan,nan
172517810,0.17975286,0.0028688747,-0.2360498,1.5795733,-0.7853982,-0.00080248486,0.0,0.7,-0.08012415,0.0,0.0,-4.0,0.0,0.0,nan,nan,nan
172717866,0.17877509,0.004213082,-0.23569176,1.5851674,-0.7853982,-0.00080229476,0.0,0.7,-0.080114655,0.0,0.0,-4.0,0.0,0.0,nan,nan,nan
172917837,0.17848416,0.0053610117,-0.23236232,1.5896084,-0.7853982,-0.00080472266,0.0,0.7,-0.08023579,0.0,0.0,-4.0,0.0,0.0,nan,nan,nan
173118006,0.17864715,0.006307424,-0.2267101,1.5938972,-0.7853982,-0.0008210118,0.0,0.7,-0.08104378,0.0,0.0,-4.0,0.0,0.0,nan,nan,nan
173317868,0.1790737,0.0071832114,-0.22018479,1.5996597,-0.7853982,-0.00078892795,0.0,0.7,-0.07944447,0.0,0.0,-4.0,0.0,0.0,nan,nan,nan
173517964,0.1796827,0.007860146,-0.21281102,1.6037529,-0.7853982,-0.0007853603,0.0,0.7,-0.07926463,0.0,0.0,-4.0,0.0,0.0,nan,nan,nan
173717916,0.18032044,0.008265503,-0.20535627,1.6259044,0.06187166,0.0007985055,-0.00075200497,0.69920146,0.07992524,-0.06063783,-0.07992524,4.0,0.0,-4.0,nan,nan,nan
173918015,0.18098567,0.008699069,-0.19865227,1.6301775,0.014877952,0.0007921902,-0.000791683,0.6992078,0.07960855,-0.07759416,-0.07960855,4.0,0.0,-4.0,nan,nan,nan
174118221,0.18156049,0.009106816,-0.19260862,1.6350193,0.022319635,0.0008151384,-0.0008151384,0.69918483,0.08075337,-0.08075337,-0.08075337,4.0,-4.0,-4.0,nan,nan,nan
174318147,0.18198909,0.009541738,-0.18772593,1.6396617,0.01737075,0.00081078545,-0.00081078545,0.6991892,0.08053747,-0.08053747,-0.08053747,4.0,-4.0,-4.0,nan,nan,nan
174518140,0.18230869,0.009982068,-0.18417367,1.6440778,0.019593567,0.0007800134,-0.0007800134,0.69922,0.07899435,-0.07899435,-0.07899435,4.0,-4.0,-4.0,nan,nan,nan
