timestamp,timestamp_sample,gps_hvel[0],gps_hvel[1],gps_vvel,gps_hpos[0],gps_hpos[1],gps_vpos,ev_hvel[0],ev_hvel[1],ev_vvel,ev_hpos[0],ev_hpos[1],ev_vpos,rng_vpos,baro_vpos,aux_hvel[0],aux_hvel[1],aux_vvel,flow[0],flow[1],heading,mag_field[0],mag_field[1],mag_field[2],drag[0],drag[1],airspeed,beta,hagl
85733437,85732097,0.0,0.0,0.0,-0.012037515,0.013189694,0.0,0.0,0.0,0.0,-0.008769657,0.00043320656,0.0003296435,0.0,0.08100891,0.0,0.0,nan,0.0,0.0,0.020369291,0.0,0.0,0.0,0.0,0.0,0.0,0.0,0.0
85743097,85742100,0.0,0.0,0.0,-0.012037515,0.013189694,0.0,0.0,0.0,0.0,-0.008769657,0.00043320656,0.0003296435,0.0,0.08100891,0.0,0.0,nan,0.0,0.0,0.020369291,0.0,0.0,0.0,0.0,0.0,0.0,0.0,0.0
86243237,86242170,0.0,0.0,0.0,-0.012037515,0.013189694,0.0,0.0,0.0,0.0,-0.0079279095,-7.297844e-05,0.00023040175,0.0,0.08100891,0.0,0.0,nan,0.0,0.0,0.021374226,0.0,0.0,0.0,0.0,0.0,0.0,0.0,0.0
86743154,86742243,0.0,0.0,0.0,-0.012037515,0.013189694,0.0,0.0,0.0,0.0,-0.0077530853,-0.00012656301,-4.6014786e-05,0.0,0.08100891,0.0,0.0,nan,0.0,0.0,-0.061778426,0.0,0.0,0.0,0.0,0.0,0.0,0.0,0.0
87243365,87242317,0.0,0.0,0.0,-0.012037515,0.013189694,0.0,0.0,0.0,0.0,-0.0056033395,-0.0007419288,-7.776916e-05,0.0,0.08100891,0.0,0.0,nan,0.0,0.0,0.018959522,0.0,0.0,0.0,0.0,0.0,0.0,0.0,0.0
87733565,87732392,0.0,0.0,0.0,-0.012037515,0.013189694,0.0,0.0,0.0,0.0,-0.0010029078,0.0026589483,0.028270021,0.0,0.08100891,0.0,0.0,nan,0.0,0.0,0.056182742,0.0,0.0,0.0,0.0,0.0,0.0,0.0,0.0
88233694,88232467,0.0,0.0,0.0,-0.012037515,0.013189694,0.0,0.0,0.0,0.0,0.008581169,0.005209435,0.0143048465,0.0,0.08100891,0.0,0.0,nan,0.0,0.0,0.00059366226,0.0,0.0,0.0,0.0,0.0,0.0,0.0,0.0
88743567,88742543,0.0,0.0,0.0,-0.012037515,0.013189694,0.0,0.0,0.0,0.0,0.0029224604,-0.006851202,-0.036356747,0.0,0.08100891,0.0,0.0,nan,0.0,0.0,0.08470535,0.0,0.0,0.0,0.0,0.0,0.0,0.0,0.0
89243574,89242619,0.0,0.0,0.0,-0.012037515,0.013189694,0.0,0.0,0.0,0.0,-0.011340305,-0.008210735,-0.027207255,0.0,0.08100891,0.0,0.0,nan,0.0,0.0,0.11456013,0.0,0.0,0.0,0.0,0.0,0.0,0.0,0.0
89743736,89742693,0.0,0.0,0.0,-0.012037515,0.013189694,0.0,0.0,0.0,0.0,-0.01573877,0.0008072278,0.00067412853,0.0,0.08100891,0.0,0.0,nan,0.0,0.0,0.11538792,0.0,0.0,0.0,0.0,0.0,0.0,0.0,0.0
90243731,90242769,0.0,0.0,0.0,-0.012037515,0.013189694,0.0,0.0,0.0,0.0,-0.008678198,0.0046985997,0.009026885,0.0,0.08100891,0.0,0.0,nan,0.0,0.0,0.13671768,0.0,0.0,0.0,0.0,0.0,0.0,0.0,0.0
90743946,90742864,0.0,0.0,0.0,-0.012037515,0.013189694,0.0,0.0,0.0,0.0,-0.0027362257,-0.0014741197,0.00082856417,0.0,0.08100891,0.0,0.0,nan,0.0,0.0,0.15194082,0.0,0.0,0.0,0.0,0.0,0.0,0.0,0.0
91234207,91232925,0.0,0.0,0.0,-0.012037515,0.013189694,0.0,0.0,0.0,0.0,-0.005884558,-0.009155031,0.00453341,0.0,0.08100891,0.0,0.0,nan,0.0,0.0,0.1370225,0.0,0.0,0.0,0.0,0.0,0.0,0.0,0.0
91734126,91733019,0.0,0.0,0.0,-0.012037515,0.013189694,0.0,0.0,0.0,0.0,-0.010830328,-0.011046991,0.00084877014,0.0,0.08100891,0.0,0.0,nan,0.0,0.0,0.12983489,0.0,0.0,0.0,0.0,0.0,0.0,0.0,0.0
92234308,92233073,0.0,0.0,0.0,-0.012037515,0.013189694,0.0,0.0,0.0,0.0,-0.013171747,0.0012048539,-6.663799e-05,0.0,0.08100891,0.0,0.0,nan,0.0,0.0,0.14214897,0.0,0.0,0.0,0.0,0.0,0.0,0.0,0.0
92744118,92743153,0.0,0.0,0.0,-0.012037515,0.013189694,0.0,0.0,0.0,0.0,-0.007368341,0.0060538203,0.0010733604,0.0,0.08100891,0.0,0.0,nan,0.0,0.0,0.09959185,0.0,0.0,0.0,0.0,0.0,0.0,0.0,0.0
93244412,93243229,0.0,0.0,0.0,-0.012037515,0.013189694,0.0,0.0,0.0,0.0,-0.0022352338,-0.00034318492,0.01525867,0.0,0.08100891,0.0,0.0,nan,0.0,0.0,0.12883282,0.0,0.0,0.0,0.0,0.0,0.0,0.0,0.0
93744390,93743306,0.0,0.0,0.0,-0.012037515,0.013189694,0.0,0.0,0.0,0.0,-0.01057595,-0.0024166852,-0.0016897917,0.0,0.08100891,0.0,0.0,nan,0.0,0.0,0.13102925,0.0,0.0,0.0,0.0,0.0,0.0,0.0,0.0
94244484,94243383,0.0,0.0,0.0,-0.012037515,0.013189694,0.0,0.0,0.0,0.0,-0.016025439,0.0031445026,-0.0010060072,0.0,0.08100891,0.0,0.0,nan,0.0,0.0,0.15011907,0.0,0.0,0.0,0.0,0.0,0.0,0.0,0.0
94734817,94733459,0.0,0.0,0.0,-0.012037515,0.013189694,0.0,0.0,0.0,0.0,-0.012073964,0.008382309,0.008310556,0.0,0.08100891,0.0,0.0,nan,0.0,0.0,0.13973546,0.0,0.0,0.0,0.0,0.0,0.0,0.0,0.0
95234750,95233537,0.0,0.0,0.0,-0.012037515,0.013189694,0.0,0.0,0.0,0.0,-0.009579137,0.003501358,-0.000121831894,0.0,0.08100891,0.0,0.0,nan,0.0,0.0,0.118983746,0.0,0.0,0.0,0.0,0.0,0.0,0.0,0.0
95734986,95733615,0.0,0.0,0.0,-0.012037515,0.013189694,0.0,0.0,0.0,0.0,-0.011104882,0.008970098,-0.0022900105,0.0,0.08100891,0.0,0.0,nan,0.0,0.0,0.071426034,0.0,0.0,0.0,0.0,0.0,0.0,0.0,0.0
96234894,96233693,0.0,0.0,0.0,-0.012037515,0.013189694,0.0,0.0,0.0,0.0,-0.006600708,0.009993637,0.0066002607,0.0,0.08100891,0.0,0.0,nan,0.0,0.0,0.031730056,0.0,0.0,0.0,0.0,0.0,0.0,0.0,0.0
96744741,96743774,0.0,0.0,0.0,-0.012037515,0.013189694,0.0,0.0,0.0,0.0,-0.003168434,-0.00049962755,0.006953597,0.0,0.08100891,0.0,0.0,nan,0.0,0.0,0.1068548,0.0,0.0,0.0,0.0,0.0,0.0,0.0,0.0
97244791,97243852,0.0,0.0,0.0,-0.012037515,0.013189694,0.0,0.0,0.0,0.0,-0.01013986,-0.0025537536,-0.0046622753,0.0,0.08100891,0.0,0.0,nan,0.0,0.0,0.12400389,0.0,0.0,0.0,0.0,0.0,0.0,0.0,0.0
97744983,97743931,0.0,0.0,0.0,-0.012037515,0.013189694,0.0,0.0,0.0,0.0,-0.015285388,0.009131882,-0.001998186,0.0,0.08100891,0.0,0.0,nan,0.0,0.0,0.1459465,0.0,0.0,0.0,0.0,0.0,0.0,0.0,0.0
98235317,98234008,0.0,0.0,0.0,-0.012037515,0.013189694,0.0,0.0,0.0,0.0,-0.0073293,0.013725819,0.0014377832,0.0,0.08100891,0.0,0.0,nan,0.0,0.0,0.13433015,0.0,0.0,0.0,0.0,0.0,0.0,0.0,0.0
98735264,98734087,0.0,0.0,0.0,-0.012037515,0.013189694,0.0,0.0,0.0,0.0,-0.00034096837,0.008754785,0.0023645163,0.0,0.08100891,0.0,0.0,nan,0.0,0.0,0.13496304,0.0,0.0,0.0,0.0,0.0,0.0,0.0,0.0
99235450,99234166,0.0,0.0,0.0,-0.012037515,0.013189694,0.0,0.0,0.0,0.0,-0.0012354851,0.0004258789,0.007736683,0.0,0.08100891,0.0,0.0,nan,0.0,0.0,0.10616791,0.0,0.0,0.0,0.0,0.0,0.0,0.0,0.0
99735479,99734246,0.0,0.0,0.0,-0.012037515,0.013189694,0.0,0.0,0.0,0.0,-0.0091151595,-0.0031412318,0.00051271915,0.0,0.08100891,0.0,0.0,nan,0.0,0.0,0.06305659,0.0,0.0,0.0,0.0,0.0,0.0,0.0,0.0
100235690,100234325,0.0,0.0,0.0,-0.012037515,0.013189694,0.0,0.0,0.0,0.0,-0.012011915,-0.009418607,0.010894537,0.0,0.08100891,0.0,0.0,nan,0.0,0.0,0.092396855,0.0,0.0,0.0,0.0,0.0,0.0,0.0,0.0
100735555,100734406,0.0,0.0,0.0,-0.012037515,0.013189694,0.0,0.0,0.0,0.0,-0.017997012,-0.004130075,-0.0069676638,0.0,0.08100891,0.0,0.0,nan,0.0,0.0,0.091196656,0.0,0.0,0.0,0.0,0.0,0.0,0.0,0.0
101245396,101244487,0.0,0.0,0.0,-0.012037515,0.013189694,0.0,0.0,0.0,0.0,-0.016119674,0.0041316636,-0.001357913,0.0,0.08100891,0.0,0.0,nan,0.0,0.0,0.09193194,0.0,0.0,0.0,0.0,0.0,0.0,0.0,0.0
101735775,101734612,0.0,0.0,0.0,-0.012037515,0.013189694,0.0,0.0,0.0,0.0,-0.009834945,0.005345378,0.0016276836,0.0,0.08100891,0.0,0.0,nan,0.0,0.0,0.09011686,0.0,0.0,0.0,0.0,0.0,0.0,0.0,0.0
102235774,102234646,0.0,0.0,0.0,-0.012037515,0.013189694,0.0,0.0,0.0,0.0,-0.0061083436,0.0010309294,-0.0037039518,0.0,0.08100891,0.0,0.0,nan,0.0,0.0,0.03698349,0.0,0.0,0.0,0.0,0.0,0.0,0.0,0.0
102736045,102734758,0.0,0.0,0.0,-0.012037515,0.013189694,0.0,0.0,0.0,0.0,-0.0064329356,-0.0014427677,0.0042494535,0.0,0.08100891,0.0,0.0,nan,0.0,0.0,0.10893321,0.0,0.0,0.0,0.0,0.0,0.0,0.0,0.0
103235990,103234809,0.0,0.0,0.0,-0.012037515,0.013189694,0.0,0.0,0.0,0.0,-0.008747414,0.00044399872,-0.0047408342,0.0,0.08100891,0.0,0.0,nan,0.0,0.0,0.12007761,0.0,0.0,0.0,0.0,0.0,0.0,0.0,0.0
103736234,103734889,0.0,0.0,0.0,-0.012037515,0.013189694,0.0,0.0,0.0,0.0,-0.007871419,0.0030454583,0.00027036667,0.0,0.08100891,0.0,0.0,nan,0.0,0.0,0.104772806,0.0,0.0,0.0,0.0,0.0,0.0,0.0,0.0
104236272,104234968,0.0,0.0,0.0,-0.012037515,0.013189694,0.0,0.0,0.0,0.0,-0.0068139136,0.0059431028,0.0013947487,0.0,0.08100891,0.0,0.0,nan,0.0,0.0,0.07280254,0.0,0.0,0.0,0.0,0.0,0.0,0.0,0.0
104736400,104735049,0.0,0.0,0.0,-0.012037515,0.013189694,0.0,0.0,0.0,0.0,-0.003116265,0.0009999683,0.010630727,0.0,0.08100891,0.0,0.0,nan,0.0,0.0,0.06753743,0.0,0.0,0.0,0.0,0.0,0.0,0.0,0.0
105236234,105235147,0.0,0.0,0.0,-0.012037515,0.013189694,0.0,0.0,0.0,0.0,-0.0061716437,-0.0077380743,0.0053111315,0.0,0.08100891,0.0,0.0,nan,0.0,0.0,0.09293437,0.0,0.0,0.0,0.0,0.0,0.0,0.0,0.0
105736505,105735212,0.0,0.0,0.0,-0.012037515,0.013189694,0.0,0.0,0.0,0.0,-0.0147007555,-0.0020732991,-0.004438758,0.0,0.08100891,0.0,0.0,nan,0.0,0.0,0.079968095,0.0,0.0,0.0,0.0,0.0,0.0,0.0,0.0
106236517,106235294,0.0,0.0,0.0,-0.012037515,0.013189694,0.0,0.0,0.0,0.0,-0.013575375,0.0034659058,0.0020768642,0.0,0.08100891,0.0,0.0,nan,0.0,0.0,0.06815958,0.0,0.0,0.0,0.0,0.0,0.0,0.0,0.0
106736698,106735374,0.0,0.0,0.0,-0.012037515,0.013189694,0.0,0.0,0.0,0.0,-0.009607941,0.0046743155,-0.00069749355,0.0,0.08100891,0.0,0.0,nan,0.0,0.0,0.076712966,0.0,0.0,0.0,0.0,0.0,0.0,0.0,0.0
107236598,107235456,0.0,0.0,0.0,-0.012037515,0.013189694,0.0,0.0,0.0,0.0,-0.006111786,0.0039707124,-0.001847744,0.0,0.08100891,0.0,0.0,nan,0.0,0.0,0.07474828,0.0,0.0,0.0,0.0,0.0,0.0,0.0,0.0
107736721,107735538,0.0,0.0,0.0,-0.012037515,0.013189694,0.0,0.0,0.0,0.0,-0.004244849,0.0042534918,0.00027656555,0.0,0.08100891,0.0,0.0,nan,0.0,0.0,0.073289156,0.0,0.0,0.0,0.0,0.0,0.0,0.0,0.0
108236960,108235620,0.0,0.0,0.0,-0.012037515,0.013189694,0.0,0.0,0.0,0.0,-0.003933504,0.0013994575,0.0025191307,0.0,0.08100891,0.0,0.0,nan,0.0,0.0,0.05850756,0.0,0.0,0.0,0.0,0.0,0.0,0.0,0.0
108736896,108735720,0.0,0.0,0.0,-0.012037515,0.013189694,0.0,0.0,0.0,0.0,-0.0048543215,-0.004429847,0.0041457415,0.0,0.08100891,0.0,0.0,nan,0.0,0.0,0.086161375,0.0,0.0,0.0,0.0,0.0,0.0,0.0,0.0
109237129,109235784,0.0,0.0,0.0,-0.012037515,0.013189694,0.0,0.0,0.0,0.0,-0.0060729384,-0.0003914833,3.349781e-05,0.0,0.08100891,0.0,0.0,nan,0.0,0.0,0.06833804,0.0,0.0,0.0,0.0,0.0,0.0,0.0,0.0
109737003,109735872,0.0,0.0,0.0,-0.012037515,0.013189694,0.0,0.0,0.0,0.0,-0.0066446215,0.0003874302,-0.0018106699,0.0,0.08100891,0.0,0.0,nan,0.0,0.0,0.012351871,0.0,0.0,0.0,0.0,0.0,0.0,0.0,0.0
110237328,110235948,0.0,0.0,0.0,-0.012037515,0.013189694,0.0,0.0,0.0,0.0,-0.0082858205,0.0015738606,-9.775162e-05,0.0,0.08100891,0.0,0.0,nan,0.0,0.0,0.08612883,0.0,0.0,0.0,0.0,0.0,0.0,0.0,0.0
110737159,110736030,0.0,0.0,0.0,-0.012037515,0.013189694,0.0,0.0,0.0,0.0,-0.006752327,0.0057908,0.002485752,0.0,0.08100891,0.0,0.0,nan,0.0,0.0,0.09212959,0.0,0.0,0.0,0.0,0.0,0.0,0.0,0.0
111237352,111236113,0.0,0.0,0.0,-0.012037515,0.013189694,0.0,0.0,0.0,0.0,-0.0053414255,0.0011880994,0.0026416779,0.0,0.08100891,0.0,0.0,nan,0.0,0.0,0.10911262,0.0,0.0,0.0,0.0,0.0,0.0,0.0,0.0
111737376,111736196,0.0,0.0,0.0,-0.012037515,0.013189694,0.0,0.0,0.0,0.0,-0.00703007,-0.0013687909,-0.0013192892,0.0,0.08100891,0.0,0.0,nan,0.0,0.0,0.08239174,0.0,0.0,0.0,0.0,0.0,0.0,0.0,0.0
112237621,112236278,0.0,0.0,0.0,-0.012037515,0.013189694,0.0,0.0,0.0,0.0,-0.0065466166,0.0039873123,0.001075983,0.0,0.08100891,0.0,0.0,nan,0.0,0.0,0.108483315,0.0,0.0,0.0,0.0,0.0,0.0,0.0,0.0
112737688,112736361,0.0,0.0,0.0,-0.012037515,0.013189694,0.0,0.0,0.0,0.0,-0.0049982965,0.0021868944,0.0022794008,0.0,0.08100891,0.0,0.0,nan,0.0,0.0,0.07161784,0.0,0.0,0.0,0.0,0.0,0.0,0.0,0.0
113237604,113236444,0.0,0.0,0.0,-0.012037515,0.013189694,0.0,0.0,0.0,0.0,-0.006637737,0.0007837415,0.00021409988,0.0,0.08100891,0.0,0.0,nan,0.0,0.0,0.10328102,0.0,0.0,0.0,0.0,0.0,0.0,0.0,0.0
113737753,113736528,0.0,0.0,0.0,-0.012037515,0.013189694,0.0,0.0,0.0,0.0,-0.0053542107,0.0059164762,0.003728509,0.0,0.08100891,0.0,0.0,nan,0.0,0.0,0.11638701,0.0,0.0,0.0,0.0,0.0,0.0,0.0,0.0
114237801,114236642,0.0,0.0,0.0,-0.012037515,0.013189694,0.0,0.0,0.0,0.0,-0.0020822436,0.001765728,0.0020178556,0.0,0.08100891,0.0,0.0,nan,0.0,0.0,0.115085244,0.0,0.0,0.0,0.0,0.0,0.0,0.0,0.0
114737982,114736694,0.0,0.0,0.0,-0.012037515,0.013189694,0.0,0.0,0.0,0.0,-0.0048668236,-0.0015483499,0.00013375282,0.0,0.08100891,0.0,0.0,nan,0.0,0.0,0.072570324,0.0,0.0,0.0,0.0,0.0,0.0,0.0,0.0
115237946,115236777,0.0,0.0,0.0,-0.012037515,0.013189694,0.0,0.0,0.0,0.0,-0.005862713,0.004742801,-0.00031292439,0.0,0.08100891,0.0,0.0,nan,0.0,0.0,0.11402571,0.0,0.0,0.0,0.0,0.0,0.0,0.0,0.0
115738093,115736861,0.0,0.0,0.0,-0.012037515,0.013189694,0.0,0.0,0.0,0.0,-0.0037107468,0.002866149,0.0010555983,0.0,0.08100891,0.0,0.0,nan,0.0,0.0,0.07452738,0.0,0.0,0.0,0.0,0.0,0.0,0.0,0.0
116238073,116236945,0.0,0.0,0.0,-0.012037515,0.013189694,0.0,0.0,0.0,0.0,-0.004170075,-0.0030766726,-0.0025413036,0.0,0.08100891,0.0,0.0,nan,0.0,0.0,0.09250903,0.0,0.0,0.0,0.0,0.0,0.0,0.0,0.0
116738121,116737028,0.0,0.0,0.0,-0.012037515,0.013189694,0.0,0.0,0.0,0.0,-0.0050387233,0.0022797585,0.0016332865,0.0,0.08100891,0.0,0.0,nan,0.0,0.0,0.11295295,0.0,0.0,0.0,0.0,0.0,0.0,0.0,0.0
117238219,117237112,0.0,0.0,0.0,-0.012037515,0.013189694,0.0,0.0,0.0,0.0,-0.0025672317,0.0025366545,0.0017971992,0.0,0.08100891,0.0,0.0,nan,0.0,0.0,0.095039725,0.0,0.0,0.0,0.0,0.0,0.0,0.0,0.0
117738199,117737252,0.0,0.0,0.0,-0.012037515,0.013189694,0.0,0.0,0.0,0.0,-0.0028404593,-0.0024584532,0.0014506578,0.0,0.08100891,0.0,0.0,nan,0.0,0.0,0.100025296,0.0,0.0,0.0,0.0,0.0,0.0,0.0,0.0
118238583,118237283,0.0,0.0,0.0,-0.012037515,0.013189694,0.0,0.0,0.0,0.0,-0.004942246,0.0015273094,-0.00022673607,0.0,0.08100891,0.0,0.0,nan,0.0,0.0,0.089592695,0.0,0.0,0.0,0.0,0.0,0.0,0.0,0.0
118738605,118737363,0.0,0.0,0.0,-0.012037515,0.013189694,0.0,0.0,0.0,0.0,-0.007117711,0.005787492,-0.0046943426,0.0,0.08100891,0.0,0.0,nan,0.0,0.0,0.014207602,0.0,0.0,0.0,0.0,0.0,0.0,0.0,0.0
119238799,119237448,0.0,0.0,0.0,-0.012037515,0.013189694,0.0,0.0,0.0,0.0,-0.00312981,-0.0014827251,0.006608844,0.0,0.08100891,0.0,0.0,nan,0.0,0.0,0.05129707,0.0,0.0,0.0,0.0,0.0,0.0,0.0,0.0
119738752,119737533,0.0,0.0,0.0,-0.012037515,0.013189694,0.0,0.0,0.0,0.0,0.00010538846,-0.0068455935,0.0052036047,0.0,0.08100891,0.0,0.0,nan,0.0,0.0,0.10204637,0.0,0.0,0.0,0.0,0.0,0.0,0.0,0.0
120238884,120237618,0.0,0.0,0.0,-0.012037515,0.013189694,0.0,0.0,0.0,0.0,-0.004467346,-0.001627326,-0.0050088167,0.0,0.08100891,0.0,0.0,nan,0.0,0.0,0.07023907,0.0,0.0,0.0,0.0,0.0,0.0,0.0,0.0
120738871,120737702,0.0,0.0,0.0,-0.012037515,0.013189694,0.0,0.0,0.0,0.0,-0.009161394,0.0036244392,-0.0055025816,0.0,0.08100891,0.0,0.0,nan,0.0,0.0,0.07537687,0.0,0.0,0.0,0.0,0.0,0.0,0.0,0.0
121238783,121237787,0.0,0.0,0.0,-0.012037515,0.013189694,0.0,0.0,0.0,0.0,-0.010358732,0.0077894926,-0.0028675795,0.0,0.08100891,0.0,0.0,nan,0.0,0.0,0.056666374,0.0,0.0,0.0,0.0,0.0,0.0,0.0,0.0
121739177,121737870,0.0,0.0,0.0,-0.012037515,0.013189694,0.0,0.0,0.0,0.0,-0.00583861,0.0029523373,0.004093647,0.0,0.08100891,0.0,0.0,nan,0.0,0.0,-0.017633557,0.0,0.0,0.0,0.0,0.0,0.0,0.0,0.0
122239155,122237955,0.0,0.0,0.0,-0.012037515,0.013189694,0.0,0.0,0.0,0.0,-0.00073055085,-0.0054478645,1.0371208e-05,0.0,0.08100891,0.0,0.0,nan,0.0,0.0,0.04573667,0.0,0.0,0.0,0.0,0.0,0.0,0.0,0.0
122739322,122738042,0.0,0.0,0.0,-0.012037515,0.013189694,0.0,0.0,0.0,0.0,-0.005862452,-0.0030823946,-0.0016919374,0.0,0.08100891,0.0,0.0,nan,0.0,0.0,0.020751595,0.0,0.0,0.0,0.0,0.0,0.0,0.0,0.0
123239502,123238126,0.0,0.0,0.0,-0.012037515,0.013189694,0.0,0.0,0.0,0.0,-0.007959202,0.0007972717,0.0012655258,0.0,0.08100891,0.0,0.0,nan,0.0,0.0,-0.02229774,0.0,0.0,0.0,0.0,0.0,0.0,0.0,0.0
123739266,123738211,0.0,0.0,0.0,-0.012037515,0.013189694,0.0,0.0,0.0,0.0,-0.0036628693,0.0016756058,-0.00078845024,0.0,0.08100891,0.0,0.0,nan,0.0,0.0,0.032525778,0.0,0.0,0.0,0.0,0.0,0.0,0.0,0.0
124239400,124238294,0.0,0.0,0.0,-0.012037515,0.013189694,0.0,0.0,0.0,0.0,-0.0054138303,0.0024454594,0.00080275536,0.0,0.08100891,0.0,0.0,nan,0.0,0.0,0.030760288,0.0,0.0,0.0,0.0,0.0,0.0,0.0,0.0
124739756,124738381,0.0,0.0,0.0,-0.012037515,0.013189694,0.0,0.0,0.0,0.0,-0.005670063,0.0021947622,0.00053966045,0.0,0.08100891,0.0,0.0,nan,0.0,0.0,0.01909101,0.0,0.0,0.0,0.0,0.0,0.0,0.0,0.0
125239571,125238464,0.0,0.0,0.0,-0.012037515,0.013189694,0.0,0.0,0.0,0.0,-0.0023780018,-0.00028455257,0.00043332577,0.0,0.08100891,0.0,0.0,nan,0.0,0.0,0.015403628,0.0,0.0,0.0,0.0,0.0,0.0,0.0,0.0
125739786,125738547,0.0,0.0,0.0,-0.012037515,0.013189694,0.0,0.0,0.0,0.0,-0.0047170967,-0.002860427,0.0018292665,0.0,0.08100891,0.0,0.0,nan,0.0,0.0,0.017586946,0.0,0.0,0.0,0.0,0.0,0.0,0.0,0.0
126239759,126238640,0.0,0.0,0.0,-0.012037515,0.013189694,0.0,0.0,0.0,0.0,-0.0076159984,-0.00087964535,-0.0036344528,0.0,0.08100891,0.0,0.0,nan,0.0,0.0,-0.06296146,0.0,0.0,0.0,0.0,0.0,0.0,0.0,0.0
126739858,126738723,0.0,0.0,0.0,-0.012037515,0.013189694,0.0,0.0,0.0,0.0,-0.0030262768,0.0026513338,0.0045312643,0.0,0.08100891,0.0,0.0,nan,0.0,0.0,0.038214445,0.0,0.0,0.0,0.0,0.0,0.0,0.0,0.0
127240139,127238870,0.0,0.0,0.0,-0.012037515,0.013189694,0.0,0.0,0.0,0.0,-0.0024933517,-0.00021255016,0.001275897,0.0,0.08100891,0.0,0.0,nan,0.0,0.0,0.0032377243,0.0,0.0,0.0,0.0,0.0,0.0,0.0,0.0
127740236,127738892,0.0,0.0,0.0,-0.012037515,0.013189694,0.0,0.0,0.0,0.0,-0.007681638,0.0007555485,-0.0031992197,0.0,0.08100891,0.0,0.0,nan,0.0,0.0,0.0074959993,0.0,0.0,0.0,0.0,0.0,0.0,0.0,0.0
128240300,128238982,0.0,0.0,0.0,-0.012037515,0.013189694,0.0,0.0,0.0,0.0,-0.004033953,0.000741601,0.004300952,0.0,0.08100891,0.0,0.0,nan,0.0,0.0,-5.6028366e-06,0.0,0.0,0.0,0.0,0.0,0.0,0.0,0.0
128740095,128739063,0.0,0.0,0.0,-0.012037515,0.013189694,0.0,0.0,0.0,0.0,-0.006470889,-0.00067925453,-0.00035893917,0.0,0.08100891,0.0,0.0,nan,0.0,0.0,-0.004625678,0.0,0.0,0.0,0.0,0.0,0.0,0.0,0.0
129240267,129239151,0.0,0.0,0.0,-0.012037515,0.013189694,0.0,0.0,0.0,0.0,-0.00990051,0.0011073351,-0.004053235,0.0,0.08100891,0.0,0.0,nan,0.0,0.0,-0.06819105,0.0,0.0,0.0,0.0,0.0,0.0,0.0,0.0
129740155,129739235,0.0,0.0,0.0,-0.012037515,0.013189694,0.0,0.0,0.0,0.0,-0.002659887,0.00608778,0.0036252737,0.0,0.08100891,0.0,0.0,nan,0.0,0.0,0.011141658,0.0,0.0,0.0,0.0,0.0,0.0,0.0,0.0
130240410,130239321,0.0,0.0,0.0,-0.012037515,0.013189694,0.0,0.0,0.0,0.0,-0.002914846,0.0018541813,0.002237916,0.0,0.08100891,0.0,0.0,nan,0.0,0.0,-0.0012866259,0.0,0.0,0.0,0.0,0.0,0.0,0.0,0.0
130740400,130739407,0.0,0.0,0.0,-0.012037515,0.013189694,0.0,0.0,0.0,0.0,-0.005103886,-0.0020105839,-0.0015451908,0.0,0.08100891,0.0,0.0,nan,0.0,0.0,-0.06317067,0.0,0.0,0.0,0.0,0.0,0.0,0.0,0.0
131240555,131239497,0.0,0.0,0.0,-0.012037515,0.013189694,0.0,0.0,0.0,0.0,0.000757277,0.0008431673,-0.00064742565,0.0,0.08100891,0.0,0.0,nan,0.0,0.0,0.009804845,0.0,0.0,0.0,0.0,0.0,0.0,0.0,0.0
131740613,131739580,0.0,0.0,0.0,-0.012037515,0.013189694,0.0,0.0,0.0,0.0,-0.0032951236,-0.00023686886,-0.0007413626,0.0,0.08100891,0.0,0.0,nan,0.0,0.0,-0.007634759,0.0,0.0,0.0,0.0,0.0,0.0,0.0,0.0
132240646,132239666,0.0,0.0,0.0,-0.012037515,0.013189694,0.0,0.0,0.0,0.0,-0.007407725,-0.0016305447,0.0005697012,0.0,0.08100891,0.0,0.0,nan,0.0,0.0,-0.011937857,0.0,0.0,0.0,0.0,0.0,0.0,0.0,0.0
132741095,132739752,0.0,0.0,0.0,-0.012037515,0.013189694,0.0,0.0,0.0,0.0,-0.0016468763,0.0030101538,-0.00061166286,0.0,0.08100891,0.0,0.0,nan,0.0,0.0,0.00095129013,0.0,0.0,0.0,0.0,0.0,0.0,0.0,0.0
133240876,133239894,0.0,0.0,0.0,-0.012037515,0.013189694,0.0,0.0,0.0,0.0,-0.0021497011,0.0006715059,0.0019081831,0.0,0.08100891,0.0,0.0,nan,0.0,0.0,-0.01658988,0.0,0.0,0.0,0.0,0.0,0.0,0.0,0.0
133741025,133739925,0.0,0.0,0.0,-0.012037515,0.013189694,0.0,0.0,0.0,0.0,-0.004962802,-0.002928853,5.2571297e-05,0.0,0.08100891,0.0,0.0,nan,0.0,0.0,-0.08272004,0.0,0.0,0.0,0.0,0.0,0.0,0.0,0.0
134240964,134240011,0.0,0.0,0.0,-0.012037515,0.013189694,0.0,0.0,0.0,0.0,-0.0005506277,0.0016222,0.0006965399,0.0,0.08100891,0.0,0.0,nan,0.0,0.0,-0.015197277,0.0,0.0,0.0,0.0,0.0,0.0,0.0,0.0
134741148,134740100,0.0,0.0,0.0,-0.012037515,0.013189694,0.0,0.0,0.0,0.0,-0.0063276887,0.0027005672,-0.0013540983,0.0,0.08100891,0.0,0.0,nan,0.0,0.0,-0.038749337,0.0,0.0,0.0,0.0,0.0,0.0,0.0,0.0
135241145,135240184,0.0,0.0,0.0,-0.012037515,0.013189694,0.0,0.0,0.0,0.0,-0.0034465194,-0.0063972473,0.007507086,0.0,0.08100891,0.0,0.0,nan,0.0,0.0,-0.017981172,0.0,0.0,0.0,0.0,0.0,0.0,0.0,0.0
135741339,135740274,0.0,0.0,0.0,-0.012037515,0.013189694,0.0,0.0,0.0,0.0,0.0006929636,0.00088238716,-0.0066946745,0.0,0.08100891,0.0,0.0,nan,0.0,0.0,-0.14926386,0.0,0.0,0.0,0.0,0.0,0.0,0.0,0.0
136241348,136240357,0.0,0.0,0.0,-0.012037515,0.013189694,0.0,0.0,0.0,0.0,-0.0012515783,0.00035721064,0.0035800934,0.0,0.08100891,0.0,0.0,nan,0.0,0.0,-0.026497483,0.0,0.0,0.0,0.0,0.0,0.0,0.0,0.0
136741512,136740445,0.0,0.0,0.0,-0.012037515,0.013189694,0.0,0.0,0.0,0.0,-0.0055155754,-0.0006584525,-0.0031820536,0.0,0.08100891,0.0,0.0,nan,0.0,0.0,-0.025157213,0.0,0.0,0.0,0.0,0.0,0.0,0.0,0.0
137241568,137240531,0.0,0.0,0.0,-0.012037515,0.013189694,0.0,0.0,0.0,0.0,-0.004479289,0.00533551,-0.0016367435,0.0,0.08100891,0.0,0.0,nan,0.0,0.0,-0.017223835,0.0,0.0,0.0,0.0,0.0,0.0,0.0,0.0
137741717,137740625,0.0,0.0,0.0,-0.012037515,0.013189694,0.0,0.0,0.0,0.0,-0.0053640604,0.003433168,0.00051510334,0.0,0.08100891,0.0,0.0,nan,0.0,0.0,-0.036904097,0.0,0.0,0.0,0.0,0.0,0.0,0.0,0.0
138241841,138240705,0.0,0.0,0.0,-0.012037515,0.013189694,0.0,0.0,0.0,0.0,-0.00625813,-0.0015723109,0.0036634207,0.0,0.08100891,0.0,0.0,nan,0.0,0.0,-0.105201006,0.0,0.0,0.0,0.0,0.0,0.0,0.0,0.0
138741731,138740808,0.0,0.0,0.0,-0.012037515,0.013189694,0.0,0.0,0.0,0.0,-0.00091564655,0.0034435987,0.0012913942,0.0,0.08100891,0.0,0.0,nan,0.0,0.0,-0.09924114,0.0,0.0,0.0,0.0,0.0,0.0,0.0,0.0
139242044,139240881,0.0,0.0,0.0,-0.012037515,0.013189694,0.0,0.0,0.0,0.0,-0.0003299713,0.0023722053,4.684925e-05,0.0,0.08100891,0.0,0.0,nan,0.0,0.0,-0.03144467,0.0,0.0,0.0,0.0,0.0,0.0,0.0,0.0
139741902,139740971,0.0,0.0,0.0,-0.012037515,0.013189694,0.0,0.0,0.0,0.0,-0.0030264854,-0.0019183755,0.0006104708,0.0,0.08100891,0.0,0.0,nan,0.0,0.0,-0.04019463,0.0,0.0,0.0,0.0,0.0,0.0,0.0,0.0
140242123,140241075,0.0,0.0,0.0,-0.012037515,0.013189694,0.0,0.0,0.0,0.0,-0.004029751,0.0017587245,-0.00086927414,0.0,0.08100891,0.0,0.0,nan,0.0,0.0,-0.040261865,0.0,0.0,0.0,0.0,0.0,0.0,0.0,0.0
140742125,140741143,0.0,0.0,0.0,-0.012037515,0.013189694,0.0,0.0,0.0,0.0,-0.0021908283,-0.0013121068,0.0029841661,0.0,0.08100891,0.0,0.0,nan,0.0,0.0,-0.07017851,0.0,0.0,0.0,0.0,0.0,0.0,0.0,0.0
141242134,141241228,0.0,0.0,0.0,-0.012037515,0.013189694,0.0,0.0,0.0,0.0,-0.0038399696,-0.0031334758,-0.0013524294,0.0,0.08100891,0.0,0.0,nan,0.0,0.0,-0.06353974,0.0,0.0,0.0,0.0,0.0,0.0,0.0,0.0
141742423,141741319,0.0,0.0,0.0,-0.012037515,0.013189694,0.0,0.0,0.0,0.0,-0.005265832,0.0016402304,0.0032681227,0.0,0.08100891,0.0,0.0,nan,0.0,0.0,-0.09706879,0.0,0.0,0.0,0.0,0.0,0.0,0.0,0.0
142242360,142241403,0.0,0.0,0.0,-0.012037515,0.013189694,0.0,0.0,0.0,0.0,-0.0024631023,-0.001483798,0.0031934977,0.0,0.08100891,0.0,0.0,nan,0.0,0.0,-0.07592988,0.0,0.0,0.0,0.0,0.0,0.0,0.0,0.0
142742554,142741492,0.0,0.0,0.0,-0.012037515,0.013189694,0.0,0.0,0.0,0.0,-0.003271222,-0.0019147396,-0.0031706095,0.0,0.08100891,0.0,0.0,nan,0.0,0.0,-0.08125579,0.0,0.0,0.0,0.0,0.0,0.0,0.0,0.0
143242493,143241581,0.0,0.0,0.0,-0.012037515,0.013189694,0.0,0.0,0.0,0.0,-0.004552603,0.0031791925,0.0018724203,0.0,0.08100891,0.0,0.0,nan,0.0,0.0,-0.13511765,0.0,0.0,0.0,0.0,0.0,0.0,0.0,0.0
143742793,143741667,0.0,0.0,0.0,-0.012037515,0.013189694,0.0,0.0,0.0,0.0,-0.0029790401,0.003129065,-6.2823296e-05,0.0,0.08100891,0.0,0.0,nan,0.0,0.0,-0.06832421,0.0,0.0,0.0,0.0,0.0,0.0,0.0,0.0
144242638,144241757,0.0,0.0,0.0,-0.012037515,0.013189694,0.0,0.0,0.0,0.0,-0.0023481846,0.0014590174,-0.0015859604,0.0,0.08100891,0.0,0.0,nan,0.0,0.0,-0.072309256,0.0,0.0,0.0,0.0,0.0,0.0,0.0,0.0
144742913,144741842,0.0,0.0,0.0,-0.012037515,0.013189694,0.0,0.0,0.0,0.0,-0.0034997463,0.0033218414,0.00063705444,0.0,0.08100891,0.0,0.0,nan,0.0,0.0,-0.08830893,0.0,0.0,0.0,0.0,0.0,0.0,0.0,0.0
145242856,145241929,0.0,0.0,0.0,-0.012037515,0.013189694,0.0,0.0,0.0,0.0,-0.0033189058,0.0027636737,0.0040336847,0.0,0.08100891,0.0,0.0,nan,0.0,0.0,-0.08866513,0.0,0.0,0.0,0.0,0.0,0.0,0.0,0.0
145742909,145742017,0.0,0.0,0.0,-0.012037515,0.013189694,0.0,0.0,0.0,0.0,0.0023881197,-0.0031853765,0.00050497055,0.0,0.08100891,0.0,0.0,nan,0.0,0.0,-0.080593824,0.0,0.0,0.0,0.0,0.0,0.0,0.0,0.0
146243139,146242104,0.0,0.0,0.0,-0.012037515,0.013189694,0.0,0.0,0.0,0.0,-0.0016977787,-0.0010184944,-0.0012934208,0.0,0.08100891,0.0,0.0,nan,0.0,0.0,-0.16103613,0.0,0.0,0.0,0.0,0.0,0.0,0.0,0.0
146743169,146742193,0.0,0.0,0.0,-0.012037515,0.013189694,0.0,0.0,0.0,0.0,-0.0042569637,0.0015083551,-0.00024545193,0.0,0.08100891,0.0,0.0,nan,0.0,0.0,-0.07907939,0.0,0.0,0.0,0.0,0.0,0.0,0.0,0.0
147233557,147232278,0.0,0.0,0.0,-0.012037515,0.013189694,0.0,0.0,0.0,0.0,-0.0019236803,0.0015790686,0.00098598,0.0,0.08100891,0.0,0.0,nan,0.0,0.0,-0.103720784,0.0,0.0,0.0,0.0,0.0,0.0,0.0,0.0
147733683,147732373,0.0,0.0,0.0,-0.012037515,0.013189694,0.0,0.0,0.0,0.0,-0.003342867,0.0017920285,0.00058436394,0.0,0.08100891,0.0,0.0,nan,0.0,0.0,-0.19469309,0.0,0.0,0.0,0.0,0.0,0.0,0.0,0.0
148243551,148242457,0.0,0.0,0.0,-0.012037515,0.013189694,0.0,0.0,0.0,0.0,-0.004293442,0.0004703477,-0.000991106,0.0,0.08100891,0.0,0.0,nan,0.0,0.0,-0.10857999,0.0,0.0,0.0,0.0,0.0,0.0,0.0,0.0
148743468,148742544,0.0,0.0,0.0,-0.012037515,0.013189694,0.0,0.0,0.0,0.0,0.001046896,-0.0005772114,-0.0024285316,0.0,0.08100891,0.0,0.0,nan,0.0,0.0,-0.09280014,0.0,0.0,0.0,0.0,0.0,0.0,0.0,0.0
149243752,149242638,0.0,0.0,0.0,-0.012037515,0.013189694,0.0,0.0,0.0,0.0,-0.0018321276,-0.0011599883,-2.8848648e-05,0.0,0.08100891,0.0,0.0,nan,0.0,0.0,-0.19333553,0.0,0.0,0.0,0.0,0.0,0.0,0.0,0.0
149743694,149742721,0.0,0.0,0.0,-0.012037515,0.013189694,0.0,0.0,0.0,0.0,-0.005815029,0.0009719841,-0.0010461807,0.0,0.08100891,0.0,0.0,nan,0.0,0.0,-0.09605992,0.0,0.0,0.0,0.0,0.0,0.0,0.0,0.0
150243844,150242807,0.0,0.0,0.0,-0.012037515,0.013189694,0.0,0.0,0.0,0.0,-0.0023373365,0.0018220171,-0.0005502701,0.0,0.08100891,0.0,0.0,nan,0.0,0.0,-0.10091269,0.0,0.0,0.0,0.0,0.0,0.0,0.0,0.0
150734037,150732894,0.0,0.0,0.0,-0.012037515,0.013189694,0.0,0.0,0.0,0.0,-0.0031020641,0.0019408911,-0.0005159378,0.0,0.08100891,0.0,0.0,nan,0.0,0.0,-0.16032135,0.0,0.0,0.0,0.0,0.0,0.0,0.0,0.0
151234325,151232983,0.0,0.0,0.0,-0.012037515,0.013189694,0.0,0.0,0.0,0.0,-0.0040382743,0.0012022164,0.00046396255,0.0,0.08100891,0.0,0.0,nan,0.0,0.0,-0.08837235,0.0,0.0,0.0,0.0,0.0,0.0,0.0,0.0
151734256,151733069,0.0,0.0,0.0,-0.012037515,0.013189694,0.0,0.0,0.0,0.0,0.0015695691,0.00044830702,0.0013808012,0.0,0.08100891,0.0,0.0,nan,0.0,0.0,-0.081551075,0.0,0.0,0.0,0.0,0.0,0.0,0.0,0.0
152244224,152243207,0.0,0.0,0.0,-0.012037515,0.013189694,0.0,0.0,0.0,0.0,-0.0014051795,-0.00013523176,-0.0023223162,0.0,0.08100891,0.0,0.0,nan,0.0,0.0,-0.17194438,0.0,0.0,0.0,0.0,0.0,0.0,0.0,0.0
152744228,152743248,0.0,0.0,0.0,-0.012037515,0.013189694,0.0,0.0,0.0,0.0,-0.0051205754,0.00068483315,0.0009875298,0.0,0.08100891,0.0,0.0,nan,0.0,0.0,-0.094409466,0.0,0.0,0.0,0.0,0.0,0.0,0.0,0.0
153244255,153243335,0.0,0.0,0.0,-0.012037515,0.013189694,0.0,0.0,0.0,0.0,0.00172925,0.00028989185,0.0021651983,0.0,0.08100891,0.0,0.0,nan,0.0,0.0,-0.08693731,0.0,0.0,0.0,0.0,0.0,0.0,0.0,0.0
153744586,153743427,0.0,0.0,0.0,-0.012037515,0.013189694,0.0,0.0,0.0,0.0,0.00044810772,0.0014907643,-0.00085294247,0.0,0.08100891,0.0,0.0,nan,0.0,0.0,-0.15935075,0.0,0.0,0.0,0.0,0.0,0.0,0.0,0.0
154234885,154233510,0.0,0.0,0.0,-0.012037515,0.013189694,0.0,0.0,0.0,0.0,-0.005205989,0.001189863,-0.0015755892,0.0,0.08100891,0.0,0.0,nan,0.0,0.0,-0.08049452,0.0,0.0,0.0,0.0,0.0,0.0,0.0,0.0
154734799,154733599,0.0,0.0,0.0,-0.012037515,0.013189694,0.0,0.0,0.0,0.0,-0.0013364553,0.0023108842,-0.0007839203,0.0,0.08100891,0.0,0.0,nan,0.0,0.0,-0.05271089,0.0,0.0,0.0,0.0,0.0,0.0,0.0,0.0
155235012,155233687,0.0,0.0,0.0,-0.012037515,0.013189694,0.0,0.0,0.0,0.0,-0.0012092888,0.0022609052,0.0003540516,0.0,0.08100891,0.0,0.0,nan,0.0,0.0,-0.07408512,0.0,0.0,0.0,0.0,0.0,0.0,0.0,0.0
155735113,155733775,0.0,0.0,0.0,-0.012037515,0.013189694,0.0,0.0,0.0,0.0,-0.005630851,0.0006971415,0.0002348423,0.0,0.08100891,0.0,0.0,nan,0.0,0.0,-0.06661928,0.0,0.0,0.0,0.0,0.0,0.0,0.0,0.0
156235168,156233865,0.0,0.0,0.0,-0.012037515,0.013189694,0.0,0.0,0.0,0.0,-0.0021167994,0.00013612583,0.00051021576,0.0,0.08100891,0.0,0.0,nan,0.0,0.0,-0.11557615,0.0,0.0,0.0,0.0,0.0,0.0,0.0,0.0
156744977,156743954,0.0,0.0,0.0,-0.012037515,0.013189694,0.0,0.0,0.0,0.0,-0.0012259185,0.001373196,0.00091838837,0.0,0.08100891,0.0,0.0,nan,0.0,0.0,-0.1585046,0.0,0.0,0.0,0.0,0.0,0.0,0.0,0.0
157245060,157244042,0.0,0.0,0.0,-0.012037515,0.013189694,0.0,0.0,0.0,0.0,-0.004195884,0.00017953198,0.0017045736,0.0,0.08100891,0.0,0.0,nan,0.0,0.0,-0.13892484,0.0,0.0,0.0,0.0,0.0,0.0,0.0,0.0
157735458,157734128,0.0,0.0,0.0,-0.012037515,0.013189694,0.0,0.0,0.0,0.0,-0.0016954839,-0.0006209286,0.0006005764,0.0,0.08100891,0.0,0.0,nan,0.0,0.0,-0.06976175,0.0,0.0,0.0,0.0,0.0,0.0,0.0,0.0
158235413,158234218,0.0,0.0,0.0,-0.012037515,0.013189694,0.0,0.0,0.0,0.0,-0.0009738505,-0.0011447454,2.9683113e-05,0.0,0.08100891,0.0,0.0,nan,0.0,0.0,-0.11284089,0.0,0.0,0.0,0.0,0.0,0.0,0.0,0.0
158735695,158734305,0.0,0.0,0.0,-0.012037515,0.013189694,0.0,0.0,0.0,0.0,-0.0040843487,-0.000104555045,0.0023064613,0.0,0.08100891,0.0,0.0,nan,0.0,0.0,-0.07092118,0.0,0.0,0.0,0.0,0.0,0.0,0.0,0.0
159235527,159234393,0.0,0.0,0.0,-0.012037515,0.013189694,0.0,0.0,0.0,0.0,-0.001837574,0.0018665153,0.0015625954,0.0,0.08100891,0.0,0.0,nan,0.0,0.0,-0.07324624,0.0,0.0,0.0,0.0,0.0,0.0,0.0,0.0
159735814,159734481,0.0,0.0,0.0,-0.012037515,0.013189694,0.0,0.0,0.0,0.0,3.3266842e-05,0.00070675276,0.0020540953,0.0,0.08100891,0.0,0.0,nan,0.0,0.0,-0.13634813,0.0,0.0,0.0,0.0,0.0,0.0,0.0,0.0
160235760,160234571,0.0,0.0,0.0,-0.012037515,0.013189694,0.0,0.0,0.0,0.0,-0.0038308762,-0.0014818567,-0.000346303,0.0,0.08100891,0.0,0.0,nan,0.0,0.0,-0.071983695,0.0,0.0,0.0,0.0,0.0,0.0,0.0,0.0
160745757,160744662,0.0,0.0,0.0,-0.012037515,0.013189694,0.0,0.0,0.0,0.0,-0.0043042153,-0.00011882465,-0.00091040134,0.0,0.08100891,0.0,0.0,nan,0.0,0.0,-0.040596724,0.0,0.0,0.0,0.0,0.0,0.0,0.0,0.0
161236122,161234747,0.0,0.0,0.0,-0.012037515,0.013189694,0.0,0.0,0.0,0.0,-0.0025106277,0.0015519056,-0.0017876625,0.0,0.08100891,0.0,0.0,nan,0.0,0.0,-0.06766844,0.0,0.0,0.0,0.0,0.0,0.0,0.0,0.0
161736112,161734836,0.0,0.0,0.0,-0.012037515,0.013189694,0.0,0.0,0.0,0.0,-0.00183345,0.001298598,0.0020090342,0.0,0.08100891,0.0,0.0,nan,0.0,0.0,-0.061080456,0.0,0.0,0.0,0.0,0.0,0.0,0.0,0.0
162236151,162234925,0.0,0.0,0.0,-0.012037515,0.013189694,0.0,0.0,0.0,0.0,0.00052061304,-0.0014822623,0.0013051033,0.0,0.08100891,0.0,0.0,nan,0.0,0.0,-0.032803774,0.0,0.0,0.0,0.0,0.0,0.0,0.0,0.0
162736133,162735013,0.0,0.0,0.0,-0.012037515,0.013189694,0.0,0.0,0.0,0.0,-0.0005098209,-0.0013296343,-0.0012118816,0.0,0.08100891,0.0,0.0,nan,0.0,0.0,-0.04575479,0.0,0.0,0.0,0.0,0.0,0.0,0.0,0.0
163236433,163235102,0.0,0.0,0.0,-0.012037515,0.013189694,0.0,0.0,0.0,0.0,-0.003790088,0.00044327416,-0.0014365911,0.0,0.08100891,0.0,0.0,nan,0.0,0.0,-0.07526815,0.0,0.0,0.0,0.0,0.0,0.0,0.0,0.0
163736328,163735190,0.0,0.0,0.0,-0.012037515,0.013189694,0.0,0.0,0.0,0.0,-0.0032051355,0.001582982,-0.002580285,0.0,0.08100891,0.0,0.0,nan,0.0,0.0,-0.04227054,0.0,0.0,0.0,0.0,0.0,0.0,0.0,0.0
164236655,164235280,0.0,0.0,0.0,-0.012037515,0.013189694,0.0,0.0,0.0,0.0,-0.000523299,0.0003870353,0.0017197132,0.0,0.08100891,0.0,0.0,nan,0.0,0.0,-0.14147186,0.0,0.0,0.0,0.0,0.0,0.0,0.0,0.0
164736521,164735368,0.0,0.0,0.0,-0.012037515,0.013189694,0.0,0.0,0.0,0.0,-0.00029364228,-0.0019180365,-0.0005861521,0.0,0.08100891,0.0,0.0,nan,0.0,0.0,-0.047919393,0.0,0.0,0.0,0.0,0.0,0.0,0.0,0.0
165236668,165235500,0.0,0.0,0.0,-0.012037515,0.013189694,0.0,0.0,0.0,0.0,-0.0017690212,-0.0019605476,0.0003336668,0.0,0.08100891,0.0,0.0,nan,0.0,0.0,-0.04156339,0.0,0.0,0.0,0.0,0.0,0.0,0.0,0.0
165736875,165735545,0.0,0.0,0.0,-0.012037515,0.013189694,0.0,0.0,0.0,0.0,-0.0038207471,0.00064142793,-0.005504608,0.0,0.08100891,0.0,0.0,nan,0.0,0.0,-0.046633005,0.0,0.0,0.0,0.0,0.0,0.0,0.0,0.0
166236836,166235638,0.0,0.0,0.0,-0.012037515,0.013189694,0.0,0.0,0.0,0.0,-0.0039262474,0.0018435642,0.0070022345,0.0,0.08100891,0.0,0.0,nan,0.0,0.0,-0.055323124,0.0,0.0,0.0,0.0,0.0,0.0,0.0,0.0
166737090,166735724,0.0,0.0,0.0,-0.012037515,0.013189694,0.0,0.0,0.0,0.0,-0.0023430288,-0.0009743236,0.0023242235,0.0,0.08100891,0.0,0.0,nan,0.0,0.0,-0.031231761,0.0,0.0,0.0,0.0,0.0,0.0,0.0,0.0
167237199,167235813,0.0,0.0,0.0,-0.012037515,0.013189694,0.0,0.0,0.0,0.0,-0.003308192,0.00012375787,-0.0038571358,0.0,0.08100891,0.0,0.0,nan,0.0,0.0,-0.00905776,0.0,0.0,0.0,0.0,0.0,0.0,0.0,0.0
167737235,167735900,0.0,0.0,0.0,-0.012037515,0.013189694,0.0,0.0,0.0,0.0,-0.0047418326,0.0037514474,-0.00030457973,0.0,0.08100891,0.0,0.0,nan,0.0,0.0,-0.010980129,0.0,0.0,0.0,0.0,0.0,0.0,0.0,0.0
168237195,168235989,0.0,0.0,0.0,-0.012037515,0.013189694,0.0,0.0,0.0,0.0,-0.0020858198,0.00338641,0.00093352795,0.0,0.08100891,0.0,0.0,nan,0.0,0.0,-0.026634336,0.0,0.0,0.0,0.0,0.0,0.0,0.0,0.0
168737422,168736079,0.0,0.0,0.0,-0.012037515,0.013189694,0.0,0.0,0.0,0.0,-0.00015208125,0.00044479966,0.0013767481,0.0,0.08100891,0.0,0.0,nan,0.0,0.0,-0.07113063,0.0,0.0,0.0,0.0,0.0,0.0,0.0,0.0
169237396,169236167,0.0,0.0,0.0,-0.012037515,0.013189694,0.0,0.0,0.0,0.0,-0.0004480332,-6.806478e-05,-0.05830419,0.0,0.08100891,0.0,0.0,nan,0.0,0.0,-0.034473896,0.0,0.0,0.0,0.0,0.0,0.0,0.0,0.0
169737653,169736256,0.0,0.0,0.0,-0.012037515,0.013189694,0.0,0.0,0.0,0.0,-0.0015374422,-0.00051132124,-0.00054240227,0.0,0.08100891,0.0,0.0,nan,0.0,0.0,-0.10547233,0.0,0.0,0.0,0.0,0.0,0.0,0.0,0.0
170237648,170236344,0.0,0.0,0.0,-0.012037515,0.013189694,0.0,0.0,0.0,0.0,-0.0022372156,0.00104158,0.036734104,0.0,0.08100891,0.0,0.0,nan,0.0,0.0,-0.15322101,0.0,0.0,0.0,0.0,0.0,0.0,0.0,0.0
170737743,170736433,0.0,0.0,0.0,-0.012037515,0.013189694,0.0,0.0,0.0,0.0,-0.004071921,0.0018081889,0.017498314,0.0,0.08100891,0.0,0.0,nan,0.0,0.0,-0.2768662,0.0,0.0,0.0,0.0,0.0,0.0,0.0,0.0
171237680,171236522,0.0,0.0,0.0,-0.012037515,0.013189694,0.0,0.0,0.0,0.0,-0.006753385,0.000638661,0.05521618,0.0,0.08100891,0.0,0.0,nan,0.0,0.0,-0.33648407,0.0,0.0,0.0,0.0,0.0,0.0,0.0,0.0
171737694,171736613,0.0,0.0,0.0,-0.012037515,0.013189694,0.0,0.0,0.0,0.0,0.002421394,-0.003340905,0.0017351806,0.0,0.08100891,0.0,0.0,nan,0.0,0.0,-0.27832294,0.0,0.0,0.0,0.0,0.0,0.0,0.0,0.0
172237826,172236701,0.0,0.0,0.0,-0.012037515,0.013189694,0.0,0.0,0.0,0.0,-0.0007531643,-0.0027997633,-0.017774165,0.0,0.08100891,0.0,0.0,nan,0.0,0.0,-0.34808743,0.0,0.0,0.0,0.0,0.0,0.0,0.0,0.0
172737906,172736791,0.0,0.0,0.0,-0.012037515,0.013189694,0.0,0.0,0.0,0.0,-0.0020937622,-0.00076753786,-0.02032268,0.0,0.08100891,0.0,0.0,nan,0.0,0.0,-0.27094126,0.0,0.0,0.0,0.0,0.0,0.0,0.0,0.0
173238098,173236880,0.0,0.0,0.0,-0.012037515,0.013189694,0.0,0.0,0.0,0.0,-0.001733169,-0.00015901774,-0.014766678,0.0,0.08100891,0.0,0.0,nan,0.0,0.0,-0.25145113,0.0,0.0,0.0,0.0,0.0,0.0,0.0,0.0
173738066,173736972,0.0,0.0,0.0,-0.012037515,0.013189694,0.0,0.0,0.0,0.0,-0.0012397915,0.0006123069,-0.007481605,0.0,0.08100891,0.0,0.0,nan,0.0,0.0,-0.33281457,0.0,0.0,0.0,0.0,0.0,0.0,0.0,0.0
174238246,174237058,0.0,0.0,0.0,-0.012037515,0.013189694,0.0,0.0,0.0,0.0,-0.00057913363,0.0008597113,-0.0013942719,0.0,0.08100891,0.0,0.0,nan,0.0,0.0,-0.24972534,0.0,0.0,0.0,0.0,0.0,0.0,0.0,0.0
