timestamp,timestamp_sample,vibe[0],vibe[1],vibe[2],output_tracking_error[0],output_tracking_error[1],output_tracking_error[2],control_mode_flags,filter_fault_flags,pos_horiz_accuracy,pos_vert_accuracy,mag_test_ratio,vel_test_ratio,pos_test_ratio,hgt_test_ratio,tas_test_ratio,hagl_test_ratio,beta_test_ratio,time_slip,accel_device_id,gyro_device_id,baro_device_id,mag_device_id,gps_check_fail_flags,innovation_check_flags,solution_status_flags,reset_count_vel_ne,reset_count_vel_d,reset_count_pos_ne,reset_count_pod_d,reset_count_quat,pre_flt_fail_innov_heading,pre_flt_fail_innov_vel_horiz,pre_flt_fail_innov_vel_vert,pre_flt_fail_innov_height,pre_flt_fail_mag_field_disturbed,health_flags,timeout_flags
564079219,564078318,5.0744034e-11,8.359578e-06,0.0002194215,0.000143113,6.816589e-05,5.754209e-05,67129363,0,0.044854444,0.03058149,0.039311912,nan,0.006420717,0.00069459114,0.0,0.0,0.0,0.0,3932170,3932170,3997730,396825,0,0,895,1,1,2,1,2,0,0,0,0,0,0,0
564089125,564088325,5.019898e-11,8.313169e-06,0.00022059743,0.00013708466,4.069283e-05,8.87741e-05,67129363,0,0.04536649,0.030906666,0.039311912,nan,0.006420717,0.00069459114,0.0,0.0,0.0,0.0,3932170,3932170,3997730,396825,0,0,895,1,1,2,1,2,0,0,0,0,0,0,0
564279338,564278389,5.115207e-11,8.216759e-06,0.00021639596,0.0001248426,0.00024886781,0.00021741711,67129363,0,0.043741193,0.029885564,0.012379818,nan,0.0059242477,0.0004502429,0.0,0.0,0.0,0.0,3932170,3932170,3997730,396825,0,0,895,1,1,2,1,2,0,0,0,0,0,0,0
564479458,564478447,5.0998067e-11,8.430673e-06,0.00021679298,0.0001064131,0.00029158636,0.00031298507,67129363,0,0.04292097,0.029359294,0.018568356,nan,0.00578138,0.0004475329,0.0,0.0,0.0,0.0,3932170,3932170,3997730,396825,0,0,895,1,1,2,1,2,0,0,0,0,0,0,0
564679471,564678565,5.259224e-11,8.319226e-06,0.00020925449,0.000119597185,0.00021921739,0.00029958534,67129363,0,0.044367373,0.030272333,0.020626724,nan,0.0058675664,0.0005683271,0.0,0.0,0.0,0.0,3932170,3932170,3997730,396825,0,0,895,1,1,2,1,2,0,0,0,0,0,0,0
564879287,564878575,5.438511e-11,8.561498e-06,0.00020509241,0.00014259995,0.00020728925,0.00029294053,67129363,0,0.043829005,0.029919745,0.0079233125,nan,0.0057453127,0.0008251046,0.0,0.0,0.0,0.0,3932170,3932170,3997730,396825,0,0,895,1,1,2,1,2,0,0,0,0,0,0,0
565079391,565078639,5.0680925e-11,8.5336715e-06,0.00020711478,9.519808e-05,0.00021718003,0.00029267778,67129363,0,0.043421518,0.02965005,0.015604727,nan,0.005548828,0.0009761872,0.0,0.0,0.0,0.0,3932170,3932170,3997730,396825,0,0,895,1,1,2,1,2,0,0,0,0,0,0,0
565279524,565278704,4.9317633e-11,8.255961e-06,0.00023195284,9.563781e-05,0.00020891652,0.00028081736,67129363,0,0.043003455,0.029379034,0.028068539,nan,0.005475277,0.00089299184,0.0,0.0,0.0,0.0,3932170,3932170,3997730,396825,0,0,895,1,1,2,1,2,0,0,0,0,0,0,0
565479717,565478768,5.0501967e-11,8.220567e-06,0.00022078857,0.00010258352,0.00018543942,0.0002605094,67129363,0,0.042602047,0.029121356,0.031913146,nan,0.005195139,0.0006962011,0.0,0.0,0.0,0.0,3932170,3932170,3997730,396825,0,0,895,1,1,2,1,2,0,0,0,0,0,0,0
565679615,565678831,4.8742742e-11,8.337002e-06,0.00021806246,0.00012283771,0.00037251128,0.000438152,67129363,0,0.04423302,0.0301591,0.019193092,nan,0.0049403016,0.00053650624,0.0,0.0,0.0,0.0,3932170,3932170,3997730,396825,0,0,895,1,1,2,1,2,0,0,0,0,0,0,0
565879823,565878896,4.836951e-11,8.229664e-06,0.00022439894,9.058745e-05,0.0004502959,0.00052321854,67129363,0,0.043849487,0.029914435,0.01023395,nan,0.004638795,0.00024033517,0.0,0.0,0.0,0.0,3932170,3932170,3997730,396825,0,0,895,1,1,2,1,2,0,0,0,0,0,0,0
566079677,566078960,4.887456e-11,8.339534e-06,0.00021330685,7.713796e-05,0.00051431963,0.00060714205,67129363,0,0.043379765,0.029619008,0.024467504,nan,0.0043549263,8.84167e-05,0.0,0.0,0.0,0.0,3932170,3932170,3997730,396825,0,0,895,1,1,2,1,2,0,0,0,0,0,0,0
566279975,566279025,5.046274e-11,8.43743e-06,0.00023797712,0.00018443092,0.00061422173,0.0007173884,67129363,0,0.042984024,0.029366491,0.018616918,nan,0.004122604,8.757467e-05,0.0,0.0,0.0,0.0,3932170,3932170,3997730,396825,0,0,895,1,1,2,1,2,0,0,0,0,0,0,0
566480061,566479115,4.7417025e-11,8.371729e-06,0.00023544134,0.00027239925,0.00075138005,0.00086237985,67129363,0,0.042588837,0.029114988,0.0122562805,nan,0.004048146,0.00040297743,0.0,0.0,0.0,0.0,3932170,3932170,3997730,396825,0,0,895,1,1,2,1,2,0,0,0,0,0,0,0
566679976,566679155,4.7700805e-11,8.876759e-06,0.00021000096,0.00016899795,0.00090294686,0.0010285467,67129363,0,0.04425949,0.030177759,0.025810286,nan,0.004127897,0.0006162212,0.0,0.0,0.0,0.0,3932170,3932170,3997730,396825,0,0,895,1,1,2,1,2,0,0,0,0,0,0,0
566880101,566879218,4.4087366e-11,8.487825e-06,0.00022238551,9.6570744e-05,0.00097490934,0.0011175399,67129363,0,0.043776784,0.029873958,0.00025868916,nan,0.0041902885,0.00071453984,0.0,0.0,0.0,0.0,3932170,3932170,3997730,396825,0,0,895,1,1,2,1,2,0,0,0,0,0,0,0
567080080,567079283,4.499901e-11,8.462472e-06,0.00022315592,0.00015169727,0.0010083405,0.0011583272,67129363,0,0.0433247,0.029587375,0.02482683,nan,0.004580997,0.0005462547,0.0,0.0,0.0,0.0,3932170,3932170,3997730,396825,0,0,895,1,1,2,1,2,0,0,0,0,0,0,0
567280207,567279347,4.5839874e-11,8.701186e-06,0.00022263745,0.0001599787,0.0010386475,0.0011838003,67129363,0,0.04294465,0.029343182,0.017261168,nan,0.004698295,0.00047680474,0.0,0.0,0.0,0.0,3932170,3932170,3997730,396825,0,0,895,1,1,2,1,2,0,0,0,0,0,0,0
567480554,567479418,4.4123847e-11,8.44579e-06,0.00021347523,0.00012556846,0.0010471444,0.0011832017,67129363,0,0.042528898,0.0290783,0.00934625,nan,0.004824713,0.0005720015,0.0,0.0,0.0,0.0,3932170,3932170,3997730,396825,0,0,895,1,1,2,1,2,0,0,0,0,0,0,0
567680316,567679493,4.694703e-11,8.78233e-06,0.00019989556,0.00016834534,0.0008635547,0.0010121285,67129363,0,0.044215243,0.03015003,0.011649562,nan,0.005167719,0.00057257817,0.0,0.0,0.0,0.0,3932170,3932170,3997730,396825,0,0,895,1,1,2,1,2,0,0,0,0,0,0,0
567880408,567879541,5.089509e-11,9.0330195e-06,0.0002031052,0.00016263746,0.0007416666,0.00087695295,67129363,0,0.04388165,0.029935367,0.019633196,nan,0.0054246746,0.00053416775,0.0,0.0,0.0,0.0,3932170,3932170,3997730,396825,0,0,895,1,1,2,1,2,0,0,0,0,0,0,0
568080306,568079605,5.3695322e-11,9.076307e-06,0.00019199264,9.911441e-05,0.00064347504,0.0007519285,67129363,0,0.04348816,0.02968583,0.01304441,nan,0.0058785407,0.0006262472,0.0,0.0,0.0,0.0,3932170,3932170,3997730,396825,0,0,895,1,1,2,1,2,0,0,0,0,0,0,0
568280517,568279671,5.5191702e-11,9.243477e-06,0.0001930773,0.00017200485,0.0006276084,0.0007014214,67129363,0,0.043053947,0.02941157,0.019769417,nan,0.006380458,0.00069941476,0.0,0.0,0.0,0.0,3932170,3932170,3997730,396825,0,0,895,1,1,2,1,2,0,0,0,0,0,0,0
568480788,568479739,5.3959965e-11,8.980111e-06,0.00018598296,0.00027288977,0.00069560093,0.00074866746,67129363,0,0.04262937,0.029142547,0.0125733,nan,0.006698758,0.000764347,0.0,0.0,0.0,0.0,3932170,3932170,3997730,396825,0,0,895,1,1,2,1,2,0,0,0,0,0,0,0
568680505,568679801,5.4407936e-11,8.772227e-06,0.00019128899,0.00021531235,0.0004215997,0.00052392273,67129363,0,0.044241663,0.030170044,0.013314551,nan,0.006756315,0.0006042063,0.0,0.0,0.0,0.0,3932170,3932170,3997730,396825,0,0,895,1,1,2,1,2,0,0,0,0,0,0,0
568880743,568879865,5.224962e-11,8.735571e-06,0.00019228995,0.00012530613,0.00047795562,0.00059909065,67129363,0,0.043843143,0.029915528,0.013421297,nan,0.0065621864,0.00043590067,0.0,0.0,0.0,0.0,3932170,3932170,3997730,396825,0,0,895,1,1,2,1,2,0,0,0,0,0,0,0
569080629,569079929,5.2533457e-11,8.379216e-06,0.00019418425,0.0001142002,0.0005424698,0.00068136223,67129363,0,0.043455154,0.02966744,0.010166304,nan,0.0062190685,0.00023250656,0.0,0.0,0.0,0.0,3932170,3932170,3997730,396825,0,0,895,1,1,2,1,2,0,0,0,0,0,0,0
569280828,569280053,5.458705e-11,8.550286e-06,0.00020202379,0.00013798538,0.00063279824,0.00078422105,67129363,0,0.043029442,0.029397182,0.02116013,nan,0.0062309187,5.460413e-05,0.0,0.0,0.0,0.0,3932170,3932170,3997730,396825,0,0,895,1,1,2,1,2,0,0,0,0,0,0,0
569481190,569480059,5.5248448e-11,8.865125e-06,0.0002170123,0.00013518857,0.0007208862,0.0008767549,67129363,0,0.04261322,0.029132595,0.008515974,nan,0.0064122817,8.552883e-08,0.0,0.0,0.0,0.0,3932170,3932170,3997730,396825,0,0,895,1,1,2,1,2,0,0,0,0,0,0,0
569680884,569680123,6.05282e-11,9.422379e-06,0.00022535387,0.00013924234,0.00054574164,0.0007335469,67129363,0,0.044316385,0.03021446,0.0030129503,nan,0.0065727304,0.0001542302,0.0,0.0,0.0,0.0,3932170,3932170,3997730,396825,0,0,895,1,1,2,1,2,0,0,0,0,0,0,0
569881079,569880188,5.6821235e-11,9.031075e-06,0.0002111469,0.00014563436,0.00049218093,0.00068022724,67129363,0,0.043941613,0.029975178,0.0034141177,nan,0.0065875896,0.00021500394,0.0,0.0,0.0,0.0,3932170,3932170,3997730,396825,0,0,895,1,1,2,1,2,0,0,0,0,0,0,0
570081200,570080253,5.2384996e-11,8.638366e-06,0.00020176971,0.00021488301,0.00047935755,0.00063373847,67129363,0,0.0434742,0.029680954,0.08334767,nan,0.0067044245,0.00024559794,0.0,0.0,0.0,0.0,3932170,3932170,3997730,396825,0,0,895,1,1,2,1,2,0,0,0,0,0,0,0
570281235,570280317,4.7629012e-11,8.2840725e-06,0.00020857452,0.00012303672,0.00044833496,0.0005708454,67129363,0,0.043037184,0.029403478,0.026067588,nan,0.006294411,0.00047990787,0.0,0.0,0.0,0.0,3932170,3932170,3997730,396825,0,0,895,1,1,2,1,2,0,0,0,0,0,0,0
570481517,570480387,4.5689154e-11,8.2467195e-06,0.00021342844,0.00013713582,0.00041709395,0.00051784754,67129363,0,0.042614594,0.029134698,0.010807832,nan,0.0058513647,0.000810979,0.0,0.0,0.0,0.0,3932170,3932170,3997730,396825,0,0,895,1,1,2,1,2,0,0,0,0,0,0,0
570681234,570680480,4.7411946e-11,8.635828e-06,0.00020051084,9.141756e-05,0.00031643346,0.00041193783,67129363,0,0.044270504,0.030187944,0.033591267,nan,0.005526226,0.0009222914,0.0,0.0,0.0,0.0,3932170,3932170,3997730,396825,0,0,895,1,1,2,1,2,0,0,0,0,0,0,0
570881315,570880512,4.907969e-11,8.636799e-06,0.0002126561,0.00011336655,0.00038805505,0.00047720596,67129363,0,0.04386243,0.029927958,0.020218382,nan,0.00516075,0.001190766,0.0,0.0,0.0,0.0,3932170,3932170,3997730,396825,0,0,895,1,1,2,1,2,0,0,0,0,0,0,0
571081438,571080597,4.684151e-11,8.742281e-06,0.00020093012,8.4830455e-05,0.00045770372,0.00055619085,67129363,0,0.043467242,0.029675603,0.0007823285,nan,0.0046829334,0.0013733879,0.0,0.0,0.0,0.0,3932170,3932170,3997730,396825,0,0,895,1,1,2,1,2,0,0,0,0,0,0,0
571281402,571280644,4.6482977e-11,8.70428e-06,0.00021997267,0.00012872105,0.00049082644,0.0006088193,67129363,0,0.04303668,0.029402232,0.02323713,nan,0.0044220053,0.0012569015,0.0,0.0,0.0,0.0,3932170,3932170,3997730,396825,0,0,895,1,1,2,1,2,0,0,0,0,0,0,0
571481817,571480707,4.4281548e-10,1.6172722e-05,0.000255413,8.266188e-05,0.00048478076,0.00062148715,68177939,0,0.042617112,0.02913553,0.020252585,nan,0.0044063856,0.0011213295,0.0,0.0,0.0,0.0,3932170,3932170,3997730,396825,0,0,895,1,1,2,1,2,0,0,0,0,0,0,0
571681502,571680773,1.921695e-09,3.8170652e-05,0.00044200348,7.404989e-05,0.00064167683,0.0007529676,1069075,0,0.04431873,0.030216275,0.017795345,nan,0.0042044274,0.0010835949,0.0,0.0,0.0,0.0,3932170,3932170,3997730,396825,0,0,895,1,1,2,1,2,0,0,0,0,0,0,0
571881533,571880837,2.4274117e-08,0.000115060546,0.00090904825,7.6896875e-05,0.0006001572,0.0007222156,1069075,0,0.04389594,0.029948292,0.01801646,nan,0.0044130343,0.0010634413,0.0,0.0,0.0,0.0,3932170,3932170,3997730,396825,0,0,895,1,1,2,1,2,0,0,0,0,0,0,0
572081842,572080903,4.725335e-08,0.00022394465,0.0016612423,9.218659e-05,0.0005210936,0.0006492838,1069075,0,0.043448184,0.029664561,0.04784238,nan,0.004435816,0.00097292487,0.0,0.0,0.0,0.0,3932170,3932170,3997730,396825,0,0,895,1,1,2,1,2,0,0,0,0,0,0,0
572281732,572280968,5.8842176e-08,0.0002809313,0.0019498563,0.00014481849,0.0004244005,0.00054564845,1069075,0,0.043022197,0.029393362,0.034546766,nan,0.0046912003,0.0007617864,0.0,0.0,0.0,0.0,3932170,3932170,3997730,396825,0,0,895,1,1,2,1,2,0,0,0,0,0,0,0
572482164,572481032,5.5683454e-08,0.00028962278,0.0020708486,0.00032360008,0.00032456577,0.00041774556,1069075,0,0.0426073,0.029129062,0.023815751,nan,0.004868159,0.00051052734,0.0,0.0,0.0,0.0,3932170,3932170,3997730,396825,0,0,895,1,1,2,1,2,0,0,0,0,0,0,0
572681992,572681100,6.169146e-08,0.00032198385,0.0024709841,0.00023897058,0.0003482514,0.00042286434,1069075,0,0.044270497,0.030186359,0.012010413,nan,0.0053075044,0.0001342362,0.0,0.0,0.0,0.0,3932170,3932170,3997730,396825,0,0,895,1,1,2,1,2,0,0,0,0,0,0,0
572882051,572881162,6.491653e-08,0.0003742013,0.0034894927,0.00019636734,0.00026052326,0.0003331128,1069075,0,0.04391173,0.02995583,0.027433574,nan,0.0053866566,8.3365645e-05,0.0,0.0,0.0,0.0,3932170,3932170,3997730,396825,0,0,895,1,1,2,1,2,0,0,0,0,0,0,0
573082115,573081227,6.595544e-08,0.00036833755,0.0038890224,0.00017588385,0.00026981946,0.00033073625,1069075,0,0.043456662,0.029668812,0.028112369,nan,0.005792748,0.0001451252,0.0,0.0,0.0,0.0,3932170,3932170,3997730,396825,0,0,895,1,1,2,1,2,0,0,0,0,0,0,0
573282035,573281292,1.3937748e-07,0.0006377658,0.004621231,0.000109580185,0.0003593764,0.00042031458,1069203,0,0.043062713,0.029417448,0.007936903,nan,0.006173885,0.0004852473,0.0,0.0,0.0,0.0,3932170,3932170,3997730,396825,0,0,895,1,1,2,1,2,0,0,0,0,0,0,0
573482401,573481357,1.9410987e-07,0.00089113513,0.0051107407,0.00011262111,0.00057753624,0.0006155204,1069203,0,0.042646866,0.02914518,0.029205162,nan,0.0063658007,0.00066783937,0.0,0.0,0.0,0.0,3932170,3932170,3997730,396825,0,0,895,1,1,2,1,2,0,0,0,0,0,0,0
573682283,573681463,1.726821e-07,0.0009173624,0.0047869226,0.000100441204,0.0003837427,0.0004973757,1069203,0,0.04446253,0.030250894,0.037550848,nan,0.0062030144,0.00071464106,0.0,0.0,0.0,0.0,3932170,3932170,3997730,396825,0,0,895,1,1,2,1,2,0,0,0,0,0,0,0
573882220,573881489,1.3656808e-07,0.00081563764,0.004515629,0.0001468834,0.00048512578,0.00058754825,1069203,0,0.044206522,0.029999636,0.010759271,nan,0.0067309113,0.0002759852,0.0,0.0,0.0,0.0,3932170,3932170,3997730,396825,0,0,895,1,1,2,1,2,0,0,0,0,0,0,0
574082410,574081553,2.2006766e-07,0.0007386945,0.0044426126,0.0002258338,0.0006311137,0.0007187543,1069203,0,0.04395901,0.029723804,0.017025232,nan,0.008031533,0.0023926625,0.0,0.0,0.0,0.0,3932170,3932170,3997730,396825,0,0,895,1,1,2,1,2,0,0,0,0,0,0,0
574282364,574281619,1.3167752e-06,0.0008826887,0.0046161218,0.0002219747,0.0029702291,0.0029882486,1069203,0,0.043735877,0.029453313,0.003840787,nan,0.0119993845,0.023742786,0.0,0.0,0.0,0.0,3932170,3932170,3997730,396825,0,0,895,1,1,2,1,2,0,0,0,0,0,0,0
574482609,574481684,1.9222198e-06,0.000921004,0.004926507,0.00023466644,0.011263344,0.011470111,1069203,0,0.04351741,0.0291892,0.07837272,nan,0.013244542,0.071199775,0.0,0.0,0.0,0.0,3932170,3932170,3997730,396825,0,0,895,1,1,2,1,2,0,0,0,0,0,0,0
574682614,574681749,2.7675228e-06,0.001165242,0.005516188,0.00045095832,0.014809316,0.016723732,1069203,0,0.045527034,0.030254398,0.037094094,nan,0.01487106,0.06599852,0.0,0.0,0.0,0.0,3932170,3932170,3997730,396825,0,0,895,1,1,2,1,2,0,0,0,0,0,0,0
574882511,574881815,3.206805e-06,0.0015682783,0.006600569,0.0010315747,0.011480138,0.014858418,1069203,0,0.04517283,0.02997038,0.06848985,nan,0.016285982,0.0064493185,0.0,0.0,0.0,0.0,3932170,3932170,3997730,396825,0,0,895,1,1,2,1,2,0,0,0,0,0,0,0
575082823,575081880,2.5685545e-06,0.0016702412,0.006956514,0.0014056794,0.008507459,0.009792335,1069203,0,0.044759862,0.029722149,0.068953335,nan,0.017589714,0.009251919,0.0,0.0,0.0,0.0,3932170,3932170,3997730,396825,0,0,895,1,1,2,1,2,0,0,0,0,0,0,0
575282846,575281948,1.937217e-06,0.0018347799,0.0072657084,0.0013703249,0.009680058,0.009584223,20627,0,0.044280555,0.029473934,0.05927705,nan,0.018584771,0.029888477,0.0,0.0,0.0,0.0,3932170,3932170,3997730,396825,0,0,895,1,1,2,1,2,0,0,0,0,0,0,0
575483077,575482010,1.5150421e-06,0.0018577579,0.0073778853,0.0011310849,0.01383865,0.0144836195,20627,0,0.04372025,0.029203076,0.048103645,nan,0.014101488,0.04814933,0.0,0.0,0.0,0.0,3932170,3932170,3997730,396825,0,0,895,1,1,2,1,2,0,0,0,0,0,0,0
575682946,575682074,1.1660622e-06,0.0016777599,0.00686764,0.00094538264,0.014513151,0.016904488,20627,0,0.045433104,0.030292578,0.022841148,nan,0.020873303,0.048018552,0.0,0.0,0.0,0.0,3932170,3932170,3997730,396825,0,0,895,1,1,2,1,2,0,0,0,0,0,0,0
575883025,575882140,9.618273e-07,0.0015997324,0.0065308237,0.00075353414,0.016018525,0.019570732,20627,0,0.044850312,0.030023932,0.03607981,nan,0.025107961,0.04369861,0.0,0.0,0.0,0.0,3932170,3932170,3997730,396825,0,0,895,1,1,2,1,2,0,0,0,0,0,0,0
576082976,576082206,7.972485e-07,0.0014150982,0.0063268514,0.0007960737,0.015989749,0.019910749,20627,0,0.04425583,0.029736686,0.005319468,nan,0.02257628,0.035268363,0.0,0.0,0.0,0.0,3932170,3932170,3997730,396825,0,0,895,1,1,2,1,2,0,0,0,0,0,0,0
576283220,576282271,6.6869e-07,0.001346112,0.0060454663,0.0008263219,0.014644884,0.018318197,20627,0,0.043701608,0.029459318,0.043344624,nan,0.026705977,0.020455519,0.0,0.0,0.0,0.0,3932170,3932170,3997730,396825,0,0,895,1,1,2,1,2,0,0,0,0,0,0,0
576483278,576482336,5.4926267e-07,0.0013129035,0.005870229,0.00067468855,0.011830148,0.014637249,20627,0,0.04323024,0.02921502,0.008505894,nan,0.027760645,0.0007916748,0.0,0.0,0.0,0.0,3932170,3932170,3997730,396825,0,0,895,1,1,2,1,2,0,0,0,0,0,0,0
576683373,576682453,4.6617782e-07,0.0011682934,0.0054628276,0.00037846167,0.008891207,0.010870742,20627,0,0.044944406,0.030301774,0.00916682,nan,0.026487263,0.008739083,0.0,0.0,0.0,0.0,3932170,3932170,3997730,396825,0,0,895,1,1,2,1,2,0,0,0,0,0,0,0
576883215,576882466,4.0561102e-07,0.0012561093,0.0057052434,0.0003636313,0.0077785687,0.009454716,20627,0,0.044449482,0.030029662,0.0055421186,nan,0.021039877,0.0068120146,0.0,0.0,0.0,0.0,3932170,3932170,3997730,396825,0,0,895,1,1,2,1,2,0,0,0,0,0,0,0
577083278,577082534,3.318208e-07,0.0011429905,0.0053667966,0.00037545722,0.0065693627,0.008374311,20627,0,0.04396916,0.029761238,0.048876204,nan,0.013334929,0.012904582,0.0,0.0,0.0,0.0,3932170,3932170,3997730,396825,0,0,895,1,1,2,1,2,0,0,0,0,0,0,0
577283439,577282597,2.783122e-07,0.0011792526,0.0054953014,0.0005197303,0.005164637,0.0071363,20627,0,0.043507837,0.0294976,0.0424241,nan,0.0074012685,0.0062664007,0.0,0.0,0.0,0.0,3932170,3932170,3997730,396825,0,0,895,1,1,2,1,2,0,0,0,0,0,0,0
577483602,577482663,5.570083e-07,0.0012258802,0.005595074,0.00065415277,0.0031027205,0.0050469236,20627,0,0.04305722,0.029239623,0.025997652,nan,0.004274587,0.0027697324,0.0,0.0,0.0,0.0,3932170,3932170,3997730,396825,0,0,895,1,1,2,1,2,0,0,0,0,0,0,0
577683428,577682730,1.0645942e-06,0.0014410877,0.00607991,0.0008593434,0.0016883316,0.0016804555,20627,0,0.044696044,0.03028995,0.0406336,nan,0.0021091222,0.031022113,0.0,0.0,0.0,0.0,3932170,3932170,3997730,396825,0,0,895,1,1,2,1,2,0,0,0,0,0,0,0
577883615,577882795,9.50582e-07,0.0012684054,0.00559357,0.0007094154,0.0048089395,0.004440843,20627,0,0.044196732,0.030018134,0.02995876,nan,0.007966435,0.0016393869,0.0,0.0,0.0,0.0,3932170,3932170,3997730,396825,0,0,895,1,1,2,1,2,0,0,0,0,0,0,0
578083691,578082859,7.746538e-07,0.0012607131,0.0055772658,0.00075857155,0.006945413,0.007274528,20627,0,0.04375124,0.029751739,0.0002522753,nan,0.011181553,0.04132619,0.0,0.0,0.0,0.0,3932170,3932170,3997730,396825,0,0,895,1,1,2,1,2,0,0,0,0,0,0,0
578283861,578282924,6.707411e-07,0.0013034841,0.0057242364,0.0010491229,0.011466941,0.012473105,20627,0,0.043308396,0.029467978,0.009728943,nan,0.027081518,0.035375573,0.0,0.0,0.0,0.0,3932170,3932170,3997730,396825,0,0,831,1,1,2,1,2,0,0,0,0,0,0,0
578484068,578483036,5.3251125e-07,0.001167473,0.005277037,0.0013435393,0.011868698,0.013461937,20627,0,0.042918723,0.029219212,0.061711118,nan,0.032530162,0.012623535,0.0,0.0,0.0,0.0,3932170,3932170,3997730,396825,0,0,831,1,1,2,1,2,0,0,0,0,0,0,0
578683905,578683056,4.7314046e-07,0.001274742,0.0057394374,0.0013428136,0.008904222,0.010573545,20627,0,0.044633057,0.03030328,0.09092131,nan,0.029886162,0.0007560772,0.0,0.0,0.0,0.0,3932170,3932170,3997730,396825,0,0,831,1,1,2,1,2,0,0,0,0,0,0,0
578883987,578883120,3.957917e-07,0.0012911119,0.005690538,0.0015389683,0.007575886,0.008402694,20627,0,0.04416854,0.030029286,0.026509065,nan,0.022541123,0.0077261794,0.0,0.0,0.0,0.0,3932170,3932170,3997730,396825,0,0,831,1,1,2,1,2,0,0,0,0,0,0,0
579083951,579083187,3.417059e-07,0.0012970611,0.0057703806,0.0016679197,0.00698613,0.007347725,20627,0,0.043710336,0.02975993,0.07680778,nan,0.027740953,0.0063099945,0.0,0.0,0.0,0.0,3932170,3932170,3997730,396825,0,0,831,1,1,2,1,2,0,0,0,0,0,0,0
579284163,579283251,3.0133538e-07,0.0013433077,0.0058134003,0.0018401381,0.007110374,0.0074766185,20627,0,0.043267474,0.029495915,0.108813494,nan,0.026650928,0.0030206216,0.0,0.0,0.0,0.0,3932170,3932170,3997730,396825,0,0,831,1,1,2,1,2,0,0,0,0,0,0,0
579484424,579483317,2.4976384e-07,0.0012088115,0.0054555666,0.0018725159,0.0079554515,0.008472248,20627,0,0.04284069,0.029237876,0.11331224,nan,0.021323761,0.0013349417,0.0,0.0,0.0,0.0,3932170,3932170,3997730,396825,0,0,831,1,1,2,1,2,0,0,0,0,0,0,0
579684296,579683382,2.2523982e-07,0.0011278514,0.0052332417,0.0017802587,0.007842722,0.008752049,20627,0,0.044531833,0.030316412,0.026497314,nan,0.019972172,0.003958636,0.0,0.0,0.0,0.0,3932170,3932170,3997730,396825,0,0,831,1,1,2,1,2,0,0,0,0,0,0,0
579884342,579883448,2.3068739e-07,0.0012858821,0.0056546265,0.0019851536,0.0046082865,0.0059022834,20627,0,0.05585494,0.037433967,0.10846744,nan,0.019972172,0.003958636,0.0,0.0,0.0,0.0,3932170,3932170,3997730,396825,0,0,831,1,1,2,1,2,0,0,0,0,0,0,0
580084254,580083513,2.3570841e-07,0.0011748458,0.0054037264,0.002049367,0.01076505,0.012135112,20627,0,0.04746785,0.03234141,0.08272665,nan,0.023718737,0.010695408,0.0,0.0,0.0,0.0,3932170,3932170,3997730,396825,0,0,831,1,1,2,1,2,0,0,0,0,0,0,0
580284291,580283578,2.8442227e-07,0.0011135858,0.005177097,0.0017305929,0.010433095,0.012601998,20627,0,0.04505835,0.030803027,0.038964346,nan,0.0185398,0.0040612766,0.0,0.0,0.0,0.0,3932170,3932170,3997730,396825,0,0,831,1,1,2,1,2,0,0,0,0,0,0,0
580484705,580483645,3.8922872e-07,0.0012134364,0.005463118,0.0017165467,0.010055676,0.012038428,20627,0,0.04363787,0.029862873,0.039484914,nan,0.014491603,0.010871376,0.0,0.0,0.0,0.0,3932170,3932170,3997730,396825,0,0,831,1,1,2,1,2,0,0,0,0,0,0,0
580684665,580683712,5.820106e-07,0.0011531129,0.005304337,0.0017647038,0.008865927,0.01094915,20627,0,0.042757332,0.029260552,0.068041064,nan,0.011920273,0.002679493,0.0,0.0,0.0,0.0,3932170,3932170,3997730,396825,0,0,831,1,1,2,1,2,0,0,0,0,0,0,0
580884638,580883776,4.8632387e-07,0.001131663,0.0051963204,0.0018965823,0.007483717,0.009221104,20627,0,0.044180803,0.030139595,0.10766389,nan,0.010895592,0.017167136,0.0,0.0,0.0,0.0,3932170,3932170,3997730,396825,0,0,831,1,1,2,1,2,0,0,0,0,0,0,0
581084743,581083840,3.9510468e-07,0.0011381308,0.0052427407,0.0020358397,0.006708352,0.008221656,20627,0,0.043703783,0.029806826,0.07267075,nan,0.0064603123,0.018721318,0.0,0.0,0.0,0.0,3932170,3932170,3997730,396825,0,0,831,1,1,2,1,2,0,0,0,0,0,0,0
581284733,581283907,3.642765e-07,0.0011952367,0.0055114483,0.0020367615,0.0051952736,0.0065776957,20627,0,0.04330866,0.029537747,0.09337211,nan,0.0065822154,0.01018088,0.0,0.0,0.0,0.0,3932170,3932170,3997730,396825,0,0,831,1,1,2,1,2,0,0,0,0,0,0,0
581485033,581483971,2.9519776e-07,0.001180193,0.005338038,0.0018847052,0.0031388416,0.004162245,20627,0,0.04293573,0.02929589,0.09933817,nan,0.009103985,0.0009831827,0.0,0.0,0.0,0.0,3932170,3932170,3997730,396825,0,0,831,1,1,2,1,2,0,0,0,0,0,0,0
581685040,581684038,2.8578276e-07,0.0013394656,0.005910934,0.0016500643,0.0029688857,0.0030833182,20627,0,0.042562645,0.029063005,0.011689728,nan,0.015416738,0.0022014289,0.0,0.0,0.0,0.0,3932170,3932170,3997730,396825,0,0,831,1,1,2,1,2,0,0,0,0,0,0,0
581884980,581884103,2.3609704e-07,0.0011552303,0.005386465,0.0016638094,0.0035575903,0.003790951,20627,0,0.0441972,0.030108811,0.08398605,nan,0.018792478,0.0022849191,0.0,0.0,0.0,0.0,3932170,3932170,3997730,396825,0,0,831,1,1,2,1,2,0,0,0,0,0,0,0
582085079,582084167,2.0824386e-07,0.0011192616,0.005267003,0.001932267,0.004923936,0.005311535,20627,0,0.043725576,0.029820304,0.10536039,nan,0.019898564,0.0017136853,0.0,0.0,0.0,0.0,3932170,3932170,3997730,396825,0,0,831,1,1,2,1,2,0,0,0,0,0,0,0
582285067,582284235,2.0551967e-07,0.0010723722,0.005054455,0.0017239883,0.005734952,0.0062382165,20627,0,0.04331153,0.029563759,0.06515287,nan,0.017660633,0.0006126136,0.0,0.0,0.0,0.0,3932170,3932170,3997730,396825,0,0,831,1,1,2,1,2,0,0,0,0,0,0,0
582485424,582484303,2.0239759e-07,0.0011942864,0.0054311235,0.0017827488,0.0060380828,0.0066044442,20627,0,0.042906,0.02930973,0.116364345,nan,0.018114207,0.0022785666,0.0,0.0,0.0,0.0,3932170,3932170,3997730,396825,0,0,831,1,1,2,1,2,0,0,0,0,0,0,0
582685317,582684368,2.0121585e-07,0.0012006911,0.0054062973,0.0018515703,0.0059078736,0.0064496435,20627,0,0.04247071,0.02903525,0.017084947,nan,0.01782154,0.0054054973,0.0,0.0,0.0,0.0,3932170,3932170,3997730,396825,0,0,831,1,1,2,1,2,0,0,0,0,0,0,0
582885179,582884432,1.705382e-07,0.0011825042,0.0053509227,0.0017764728,0.0045769345,0.0050908537,20627,0,0.044101685,0.030071283,0.111185096,nan,0.016769363,0.006336827,0.0,0.0,0.0,0.0,3932170,3932170,3997730,396825,0,0,831,1,1,2,1,2,0,0,0,0,0,0,0
583085308,583084495,1.9437616e-07,0.0012093843,0.005513515,0.001549801,0.004165605,0.004498324,20627,0,0.043688502,0.029805884,0.080361776,nan,0.013203495,0.0071425894,0.0,0.0,0.0,0.0,3932170,3932170,3997730,396825,0,0,831,1,1,2,1,2,0,0,0,0,0,0,0
583285291,583284561,1.9316884e-07,0.0012006649,0.005483143,0.0014407889,0.0038552852,0.0040713735,20627,0,0.043285523,0.029546468,0.074262135,nan,0.0087005235,0.006173432,0.0,0.0,0.0,0.0,3932170,3932170,3997730,396825,0,0,831,1,1,2,1,2,0,0,0,0,0,0,0
583485658,583484626,2.0538707e-07,0.0011529825,0.005254521,0.0015865094,0.0037225478,0.003929767,20627,0,0.0428919,0.029293306,0.009622508,nan,0.006177607,0.00048829,0.0,0.0,0.0,0.0,3932170,3932170,3997730,396825,0,0,831,1,1,2,1,2,0,0,0,0,0,0,0
583685694,583684697,2.1906541e-07,0.0013017567,0.0057115536,0.0017413512,0.0037816977,0.004160001,20627,0,0.04250415,0.029046718,0.08696329,nan,0.0071875723,0.0019483083,0.0,0.0,0.0,0.0,3932170,3932170,3997730,396825,0,0,831,1,1,2,1,2,0,0,0,0,0,0,0
583885457,583884758,2.9465042e-07,0.0012796251,0.0056993966,0.0018480817,0.0034432192,0.004031351,20627,0,0.0441255,0.03008022,0.09285537,nan,0.006592613,0.00020458477,0.0,0.0,0.0,0.0,3932170,3932170,3997730,396825,0,0,831,1,1,2,1,2,0,0,0,0,0,0,0
584085769,584084824,2.9694314e-07,0.0010802984,0.0051626074,0.0016721515,0.0029674536,0.003735437,20627,0,0.04370039,0.029811662,0.04508691,nan,0.0019343008,0.002110516,0.0,0.0,0.0,0.0,3932170,3932170,3997730,396825,0,0,831,1,1,2,1,2,0,0,0,0,0,0,0
584285648,584284889,5.3566725e-07,0.0012811036,0.005800964,0.0014217631,0.002514785,0.0035653408,20627,0,0.043294534,0.029552856,0.08680979,nan,0.0056152153,0.00033196693,0.0,0.0,0.0,0.0,3932170,3932170,3997730,396825,0,0,831,1,1,2,1,2,0,0,0,0,0,0,0
584486056,584484953,9.578536e-07,0.0013446872,0.0058597247,0.0014219858,0.0048739896,0.0055678994,20627,0,0.042890504,0.029297678,0.091578156,nan,0.015886448,0.007043405,0.0,0.0,0.0,0.0,3932170,3932170,3997730,396825,0,0,831,1,1,2,1,2,0,0,0,0,0,0,0
584686144,584685020,1.0024979e-06,0.0011663599,0.0054668947,0.0013808599,0.009471461,0.010025633,20627,0,0.042492542,0.029049246,0.08604362,nan,0.03100567,0.0028247961,0.0,0.0,0.0,0.0,3932170,3932170,3997730,396825,0,0,831,1,1,2,1,2,0,0,0,0,0,0,0
584885888,584885086,7.8839463e-07,0.0010823767,0.005132969,0.0016157911,0.013111529,0.014044991,20627,0,0.044120993,0.030081164,0.0075048856,nan,0.0459134,0.022352343,0.0,0.0,0.0,0.0,3932170,3932170,3997730,396825,0,0,831,1,1,2,1,2,0,0,0,0,0,0,0
585086057,585085151,7.9676283e-07,0.0012298079,0.005515284,0.0020800538,0.021653429,0.022624101,20627,0,0.04369128,0.02978765,0.106810845,nan,0.06618146,0.01686028,0.0,0.0,0.0,0.0,3932170,3932170,3997730,396825,0,0,831,1,1,2,1,2,0,0,0,0,0,0,0
585286029,585285215,8.01289e-07,0.0012116696,0.005512453,0.0025728159,0.02882601,0.030324921,20627,0,0.04328443,0.029509036,0.11926633,nan,0.08573064,0.0033490856,0.0,0.0,0.0,0.0,3932170,3932170,3997730,396825,0,0,831,1,1,2,1,2,0,0,0,0,0,0,0
585486221,585485280,1.0212201e-06,0.0012684199,0.0055905315,0.0034472402,0.032864686,0.035017896,20627,0,0.042926796,0.029266438,0.12235242,nan,0.09485064,0.0038904697,0.0,0.0,0.0,0.0,3932170,3932170,3997730,396825,0,0,831,1,1,2,1,2,0,0,0,0,0,0,0
585686475,585685346,1.2781677e-06,0.0011822868,0.005346802,0.0041990015,0.031855877,0.03467117,20627,0,0.04252084,0.029003501,0.07839895,nan,0.08634884,0.011061701,0.0,0.0,0.0,0.0,3932170,3932170,3997730,396825,0,0,831,1,1,2,1,2,0,0,0,0,0,0,0
585886175,585885427,1.7609368e-06,0.0014021709,0.0058954624,0.004307848,0.02184601,0.02657665,20627,0,0.044157848,0.030045385,0.14975828,nan,0.06536511,0.042627923,0.0,0.0,0.0,0.0,3932170,3932170,3997730,396825,0,0,831,1,1,2,1,2,0,0,0,0,0,0,0
586086303,586085479,1.3580806e-06,0.0012295502,0.006191311,0.0041620554,0.018091805,0.022280026,20627,0,0.043685548,0.029786505,0.18325062,nan,0.06878537,0.038243763,0.0,0.0,0.0,0.0,3932170,3932170,3997730,396825,0,0,831,1,1,2,1,2,0,0,0,0,0,0,0
586276558,586275540,1.0803554e-06,0.0012376112,0.0064085494,0.0036486299,0.025320694,0.025964864,20627,0,0.042671278,0.029171344,0.1615347,nan,0.08015623,0.0003537036,0.0,0.0,0.0,0.0,3932170,3932170,3997730,396825,0,0,831,1,1,2,1,2,0,0,0,0,0,0,0
586486677,586485609,9.552632e-07,0.0012376413,0.0062504355,0.0042131627,0.03851562,0.038149223,20627,0,0.042813085,0.029246908,0.21935216,nan,0.108273454,0.02994059,0.0,0.0,0.0,0.0,3932170,3932170,3997730,396825,0,0,831,1,1,2,1,2,0,0,0,0,0,0,0
586686733,586685673,8.4824245e-07,0.0011734259,0.005878821,0.005468329,0.05459688,0.0549446,20627,0,0.042484835,0.028990006,0.21762162,nan,0.16031946,0.03881139,0.0,0.0,0.0,0.0,3932170,3932170,3997730,396825,0,0,831,1,1,2,1,2,0,0,0,0,0,0,0
586886502,586885741,1.1014098e-06,0.0012616017,0.0059123253,0.0068265344,0.057988886,0.061215755,20627,0,0.04425078,0.030037822,0.25477996,nan,0.16751567,0.04097637,0.0,0.0,0.0,0.0,3932170,3932170,3997730,396825,0,0,831,1,1,2,1,2,0,0,0,0,0,0,0
587086553,587085806,1.1513768e-06,0.0013735737,0.006254915,0.00803943,0.06453276,0.06938274,20627,0,0.04394519,0.029787121,0.23105145,nan,0.14650907,0.03683644,0.0,0.0,0.0,0.0,3932170,3932170,3997730,396825,0,0,831,1,1,2,1,2,0,0,0,0,0,0,0
587286816,587285869,1.1809032e-06,0.0014934909,0.006597867,0.009055696,0.062404208,0.06913668,20627,0,0.04355139,0.029515134,0.24219914,nan,0.10298521,0.011573253,0.0,0.0,0.0,0.0,3932170,3932170,3997730,396825,0,0,831,1,1,2,1,2,0,0,0,0,0,0,0
587476797,587475932,1.2278937e-06,0.0016674579,0.007070634,0.008306266,0.047624312,0.05722282,20627,0,0.04478374,0.030290525,0.23598091,nan,0.09480701,0.0062138047,0.0,0.0,0.0,0.0,3932170,3932170,3997730,396825,0,0,831,1,1,2,1,2,0,0,0,0,0,0,0
587676824,587676056,1.0920708e-06,0.0016091523,0.0068640243,0.006548495,0.030622054,0.041364014,20627,0,0.04427859,0.030019253,0.22602718,nan,0.06580143,0.021498889,0.0,0.0,0.0,0.0,3932170,3932170,3997730,396825,0,0,831,1,1,2,1,2,0,0,0,0,0,0,0
587886827,587886066,8.774182e-07,0.0013867066,0.0062053064,0.0046294774,0.014194,0.02219194,20627,0,0.044319227,0.030091727,0.18889345,nan,0.05148681,0.028008856,0.0,0.0,0.0,0.0,3932170,3932170,3997730,396825,0,0,831,1,1,2,1,2,0,0,0,0,0,0,0
588086890,588086130,7.347299e-07,0.0013998272,0.006255877,0.0033300126,0.02415963,0.02256643,20627,0,0.04384278,0.029816464,0.18751477,nan,0.08304486,0.023814123,0.0,0.0,0.0,0.0,3932170,3932170,3997730,396825,0,0,831,1,1,2,1,2,0,0,0,0,0,0,0
588287104,588286195,7.350023e-07,0.0012828759,0.006012884,0.0035175418,0.042306516,0.040796045,20627,0,0.043483064,0.029575936,0.18810862,nan,0.095376134,0.019727334,0.0,0.0,0.0,0.0,3932170,3932170,3997730,396825,0,0,831,1,1,2,1,2,0,0,0,0,0,0,0
588487268,588486262,7.810666e-07,0.0012740092,0.0058376105,0.0044566896,0.057787057,0.059303943,20627,0,0.043125547,0.029313063,0.12027438,nan,0.1442915,0.032483127,0.0,0.0,0.0,0.0,3932170,3932170,3997730,396825,0,0,831,1,1,2,1,2,0,0,0,0,0,0,0
588677121,588676323,8.6715625e-07,0.0011973555,0.0055561434,0.005442617,0.061420172,0.06590904,20627,0,0.044312302,0.030021848,0.10890495,nan,0.16890089,0.022040427,0.0,0.0,0.0,0.0,3932170,3932170,3997730,396825,0,0,831,1,1,2,1,2,0,0,0,0,0,0,0
588877189,588876388,6.860761e-07,0.0010360301,0.0050546993,0.006557349,0.067255214,0.072545685,20627,0,0.043970387,0.02977762,0.087233566,nan,0.1794469,0.026695032,0.0,0.0,0.0,0.0,3932170,3932170,3997730,396825,0,0,831,1,1,2,1,2,0,0,0,0,0,0,0
589077359,589076455,5.673608e-07,0.0010332738,0.004989651,0.006305968,0.061050043,0.069619045,20627,0,0.043612182,0.029532902,0.04250609,nan,0.14122972,0.04270515,0.0,0.0,0.0,0.0,3932170,3932170,3997730,396825,0,0,831,1,1,2,1,2,0,0,0,0,0,0,0
589287325,589286522,8.836774e-07,0.0011487067,0.005312372,0.0047228592,0.04807858,0.058671445,20627,0,0.043664083,0.029575268,0.035909373,nan,0.104437485,0.031819124,0.0,0.0,0.0,0.0,3932170,3932170,3997730,396825,0,0,831,1,1,2,1,2,0,0,0,0,0,0,0
589487536,589486590,7.351955e-07,0.0013309823,0.005961828,0.0031997429,0.038807765,0.048017953,20627,0,0.043180067,0.02930835,0.029286329,nan,0.112807564,0.02035902,0.0,0.0,0.0,0.0,3932170,3932170,3997730,396825,0,0,831,1,1,2,1,2,0,0,0,0,0,0,0
589687614,589686657,8.3002647e-07,0.0014702112,0.0064208577,0.0022145421,0.035997763,0.04138311,20627,0,0.042622924,0.029025244,0.025891364,nan,0.11010312,0.077226475,0.0,0.0,0.0,0.0,3932170,3932170,3997730,396825,0,0,831,1,1,2,1,2,0,0,0,0,0,0,0
589887550,589886747,1.0377078e-06,0.0016620995,0.0069033117,0.0023659132,0.034833442,0.03917526,20627,0,0.04415959,0.030075215,0.030476235,nan,0.117924996,0.095530905,0.0,0.0,0.0,0.0,3932170,3932170,3997730,396825,0,0,831,1,1,2,1,2,0,0,0,0,0,0,0
590077726,590076782,1.1784085e-06,0.0016705046,0.006917342,0.0031511497,0.04779263,0.052226815,20627,0,0.04313481,0.029481016,0.10567797,nan,0.09553212,0.09472633,0.0,0.0,0.0,0.0,3932170,3932170,3997730,396825,0,0,831,1,1,2,1,2,0,0,0,0,0,0,0
590277799,590276852,1.2596961e-06,0.0016232159,0.0067255665,0.0031248052,0.05361739,0.060245574,20627,0,0.042704083,0.029218737,0.105234526,nan,0.13442318,0.031982873,0.0,0.0,0.0,0.0,3932170,3932170,3997730,396825,0,0,831,1,1,2,1,2,0,0,0,0,0,0,0
590477721,590476912,1.0722811e-06,0.0015047003,0.006404319,0.0025322032,0.05196872,0.05889753,20627,0,0.044465676,0.030294852,0.14269605,nan,0.14258096,0.0116779115,0.0,0.0,0.0,0.0,3932170,3932170,3997730,396825,0,0,831,1,1,2,1,2,0,0,0,0,0,0,0
590688055,590686980,8.6356135e-07,0.0013281764,0.0058544343,0.0027886943,0.06758388,0.07307069,20627,0,0.04256512,0.029033344,0.25670412,nan,0.15878636,0.07169982,0.0,0.0,0.0,0.0,3932170,3932170,3997730,396825,0,0,831,1,1,2,1,2,0,0,0,0,0,0,0
590887999,590887044,8.42416e-07,0.0011882765,0.0054981895,0.0031358355,0.068497024,0.07684121,20627,0,0.04425787,0.030066252,0.40603033,nan,0.19501826,0.075056106,0.0,0.0,0.0,0.0,3932170,3932170,3997730,396825,0,0,831,1,1,2,1,2,0,0,0,0,0,0,0
591087879,591087123,9.223752e-07,0.0012504322,0.005855164,0.004229185,0.07359406,0.08393172,20627,0,0.043830283,0.029797612,0.38757482,nan,0.19637546,0.049957696,0.0,0.0,0.0,0.0,3932170,3932170,3997730,396825,0,0,831,1,1,2,1,2,0,0,0,0,0,0,0
591277957,591277173,2.0042085e-06,0.0016278183,0.018485274,0.0059731742,0.06431341,0.07677272,20627,0,0.04499842,0.030556856,0.4584906,nan,0.17322917,0.050996292,0.0,0.0,0.0,0.0,3932170,3932170,3997730,396825,0,0,831,1,1,2,1,2,0,0,0,0,0,0,0
591477941,591477237,2.7248043e-06,0.001677845,0.03364897,0.008440484,0.0630368,0.0750095,20627,0,0.04594376,0.03116119,0.5720739,nan,0.12561977,0.21081695,0.0,0.0,0.0,0.0,3932170,3932170,3997730,396825,0,0,831,1,1,2,1,2,0,0,0,0,0,0,0
591678174,591677301,4.260862e-06,0.0020853418,0.03178192,0.010087118,0.05248032,0.06529089,20627,0,0.045007374,0.030330723,0.49052197,nan,0.07209376,0.08630265,0.0,0.0,0.0,0.0,3932170,3932170,3997730,396825,0,0,831,1,1,2,1,2,0,0,0,0,0,0,0
591878082,591877393,3.873893e-06,0.0022220495,0.02509497,0.009936491,0.028657358,0.042825513,20627,0,0.044399604,0.029551554,0.5410138,nan,0.012770153,0.059495278,0.0,0.0,0.0,0.0,3932170,3932170,3997730,396825,0,0,831,1,1,2,1,2,0,0,0,0,0,0,0
592088136,592087435,2.661483e-06,0.0017164082,0.018061623,0.0095049,0.009838359,0.018626131,20627,0,0.044484355,0.029101318,0.52283,nan,0.032939594,0.022849418,0.0,0.0,0.0,0.0,3932170,3932170,3997730,396825,0,0,831,1,1,2,1,2,0,0,0,0,0,0,0
592288242,592287548,1.8361667e-06,0.0014313137,0.01447823,0.009133465,0.014659808,0.012769688,20627,0,0.044229917,0.028507348,0.5991118,nan,0.039317764,0.00035333258,0.0,0.0,0.0,0.0,3932170,3932170,3997730,396825,0,0,831,1,1,2,1,2,0,0,0,0,0,0,0
592478490,592477562,1.2749601e-06,0.0012224943,0.012387664,0.009152499,0.020933427,0.020628493,20627,0,0.045744646,0.028940473,0.49837425,nan,0.041980296,0.0132643245,0.0,0.0,0.0,0.0,3932170,3932170,3997730,396825,0,0,831,1,1,2,1,2,0,0,0,0,0,0,0
592678554,592677626,8.8662773e-07,0.0010396246,0.010236022,0.009335296,0.026134374,0.02871914,1069075,0,0.045534942,0.028602365,0.4679461,nan,0.04033983,0.024551596,0.0,0.0,0.0,0.0,3932170,3932170,3997730,396825,0,0,895,1,1,2,1,2,0,0,0,0,0,0,0
592878451,592877691,6.1927176e-07,0.0008517078,0.008672857,0.009039172,0.027668903,0.032694776,1069075,0,0.045263827,0.028449565,0.4869147,nan,0.034366313,0.030028023,0.0,0.0,0.0,0.0,3932170,3932170,3997730,396825,0,0,895,1,1,2,1,2,0,0,0,0,0,0,0
593078619,593077766,4.4383225e-07,0.0007156361,0.006674548,0.00882825,0.026809426,0.033266854,1069075,0,0.044801585,0.028394245,0.48259312,nan,0.026219467,0.031422485,0.0,0.0,0.0,0.0,3932170,3932170,3997730,396825,0,0,895,1,1,2,1,2,0,0,0,0,0,0,0
593278880,593277822,3.1626962e-07,0.0005871363,0.0054910686,0.009198437,0.02414377,0.03119745,1069075,0,0.04430633,0.028427232,0.49360117,nan,0.022003591,0.029771298,0.0,0.0,0.0,0.0,3932170,3932170,3997730,396825,0,0,895,1,1,2,1,2,0,0,0,0,0,0,0
593489020,593487891,2.3344778e-07,0.0005276423,0.0046053277,0.0091413865,0.020309744,0.027242772,1069075,0,0.04424039,0.028749976,0.47459054,nan,0.019047122,0.025755644,0.0,0.0,0.0,0.0,3932170,3932170,3997730,396825,0,0,895,1,1,2,1,2,0,0,0,0,0,0,0
593678829,593677952,1.9196514e-07,0.0005174902,0.003924047,0.009121287,0.016242057,0.02263263,1069075,0,0.04533721,0.029686995,0.45215595,nan,0.016097233,0.021458676,0.0,0.0,0.0,0.0,3932170,3932170,3997730,396825,0,0,895,1,1,2,1,2,0,0,0,0,0,0,0
593878849,593878018,1.4468242e-07,0.00044905854,0.0036579354,0.008859368,0.013528191,0.0189886,1069075,0,0.044725746,0.029644772,0.4677914,nan,0.012985685,0.015886739,0.0,0.0,0.0,0.0,3932170,3932170,3997730,396825,0,0,895,1,1,2,1,2,0,0,0,0,0,0,0
594078802,594078083,1.2594128e-07,0.00045819703,0.0033143575,0.008581958,0.01153442,0.015917173,1069075,0,0.044142824,0.02953791,0.45406216,nan,0.009635229,0.010430882,0.0,0.0,0.0,0.0,3932170,3932170,3997730,396825,0,0,895,1,1,2,1,2,0,0,0,0,0,0,0
594279214,594278146,1.1344715e-07,0.00043654532,0.0030388124,0.008846778,0.010329699,0.013779647,1069075,0,0.043594014,0.029374763,0.44447193,nan,0.013766389,0.005054828,0.0,0.0,0.0,0.0,3932170,3932170,3997730,396825,0,0,895,1,1,2,1,2,0,0,0,0,0,0,0
594479109,594478212,7.953495e-08,0.00034888738,0.0024604895,0.008690908,0.0097402325,0.012500664,1069075,0,0.04307946,0.029169861,0.45611435,nan,0.016193511,0.00071650406,0.0,0.0,0.0,0.0,3932170,3932170,3997730,396825,0,0,895,1,1,2,1,2,0,0,0,0,0,0,0
594679152,594678276,5.456949e-08,0.00027430832,0.0021443851,0.008838297,0.008668413,0.011157073,20499,0,0.044708125,0.030254008,0.46179307,nan,0.017791193,0.002525326,0.0,0.0,0.0,0.0,3932170,3932170,3997730,396825,0,0,895,1,1,2,1,2,0,0,0,0,0,0,0
594879169,594878341,3.812357e-08,0.00022698943,0.0017224282,0.008610686,0.008596752,0.010887373,20499,0,0.04420734,0.029989589,0.44371122,nan,0.018447336,0.005750315,0.0,0.0,0.0,0.0,3932170,3932170,3997730,396825,0,0,895,1,1,2,1,2,0,0,0,0,0,0,0
595079211,595078406,2.9579793e-08,0.00022785261,0.0016065189,0.008269246,0.008532635,0.010705964,20499,0,0.04368292,0.029690322,0.42884362,nan,0.018512988,0.008134092,0.0,0.0,0.0,0.0,3932170,3932170,3997730,396825,0,0,895,1,1,2,1,2,0,0,0,0,0,0,0
595279346,595278469,2.0902869e-08,0.00019434618,0.0012909096,0.008608241,0.008224386,0.010327271,20499,0,0.04323871,0.029425725,0.45445707,nan,0.017725047,0.00964296,0.0,0.0,0.0,0.0,3932170,3932170,3997730,396825,0,0,895,1,1,2,1,2,0,0,0,0,0,0,0
595479336,595478534,1.4426462e-08,0.00014705297,0.00096274354,0.008249874,0.0068133296,0.008933977,20499,0,0.044864684,0.030460525,0.4343859,nan,0.017051544,0.010539411,0.0,0.0,0.0,0.0,3932170,3932170,3997730,396825,0,0,895,1,1,2,1,2,0,0,0,0,0,0,0
595679376,595678599,9.757717e-09,0.000105512656,0.00073899655,0.0079157995,0.006385604,0.008321159,20499,0,0.044313274,0.030126711,0.40464213,nan,0.01585907,0.010921498,0.0,0.0,0.0,0.0,3932170,3932170,3997730,396825,0,0,895,1,1,2,1,2,0,0,0,0,0,0,0
595879615,595878665,6.56205e-09,7.4813644e-05,0.0005651474,0.008199851,0.0056611095,0.0074002887,20499,0,0.043926198,0.029889267,0.42144302,nan,0.014772318,0.010876963,0.0,0.0,0.0,0.0,3932170,3932170,3997730,396825,0,0,895,1,1,2,1,2,0,0,0,0,0,0,0
596079527,596078757,4.4097104e-09,5.3101285e-05,0.00043803593,0.007936025,0.005060969,0.006516532,20499,0,0.043448973,0.02959979,0.39768332,nan,0.013485411,0.010521767,0.0,0.0,0.0,0.0,3932170,3932170,3997730,396825,0,0,895,1,1,2,1,2,0,0,0,0,0,0,0
596279745,596278793,2.9642753e-09,3.8415266e-05,0.00036728388,0.00811932,0.0042964704,0.005495111,20499,0,0.043044094,0.0293521,0.4334679,nan,0.011847437,0.009836465,0.0,0.0,0.0,0.0,3932170,3932170,3997730,396825,0,0,895,1,1,2,1,2,0,0,0,0,0,0,0
596479998,596478859,2.0005428e-09,2.8539898e-05,0.0003347111,0.00796659,0.0036116152,0.004538396,20499,0,0.042604893,0.029084008,0.41746727,nan,0.01038157,0.009150576,0.0,0.0,0.0,0.0,3932170,3932170,3997730,396825,0,0,895,1,1,2,1,2,0,0,0,0,0,0,0
596679829,596678923,1.3517124e-09,2.1850647e-05,0.0003234831,0.0077671236,0.0022692992,0.0030319714,20499,0,0.044239044,0.030128948,0.46513477,nan,0.009349695,0.008500053,0.0,0.0,0.0,0.0,3932170,3932170,3997730,396825,0,0,895,1,1,2,1,2,0,0,0,0,0,0,0
596879828,596878987,9.1861774e-10,1.7672724e-05,0.0002801949,0.007872453,0.001675137,0.002252936,20499,0,0.043854564,0.02989251,0.39812857,nan,0.008128136,0.007849012,0.0,0.0,0.0,0.0,3932170,3932170,3997730,396825,0,0,895,1,1,2,1,2,0,0,0,0,0,0,0
597079802,597079052,6.287668e-10,1.4513289e-05,0.00024465247,0.0073791477,0.0012564573,0.0017040137,20499,0,0.04342628,0.029628908,0.35902193,nan,0.007208729,0.006937119,0.0,0.0,0.0,0.0,3932170,3932170,3997730,396825,0,0,895,1,1,2,1,2,0,0,0,0,0,0,0
597279866,597279117,4.349055e-10,1.2620541e-05,0.00025380345,0.007118681,0.00097343494,0.0013855463,20499,0,0.043015335,0.029373422,0.35889268,nan,0.006283368,0.0060517034,0.0,0.0,0.0,0.0,3932170,3932170,3997730,396825,0,0,895,1,1,2,1,2,0,0,0,0,0,0,0
597480264,597479181,3.1036987e-10,1.16801575e-05,0.00023370437,0.007244867,0.00090058165,0.0013329192,20499,0,0.04257459,0.029098606,0.353432,nan,0.005698788,0.0050378796,0.0,0.0,0.0,0.0,3932170,3932170,3997730,396825,0,0,895,1,1,2,1,2,0,0,0,0,0,0,0
597679955,597679245,2.2241273e-10,1.0520746e-05,0.00023486264,0.0069260034,0.0008759306,0.0014473865,67129363,0,0.044208884,0.030141296,0.38368243,nan,0.005160513,0.004502299,0.0,0.0,0.0,0.0,3932170,3932170,3997730,396825,0,0,895,1,1,2,1,2,0,0,0,0,0,0,0
597880190,597879311,1.6151756e-10,9.885449e-06,0.00021707307,0.007307454,0.0010624164,0.0016738554,67129363,0,0.043784622,0.029874492,0.34616256,nan,0.0045389766,0.0037744162,0.0,0.0,0.0,0.0,3932170,3932170,3997730,396825,0,0,895,1,1,2,1,2,0,0,0,0,0,0,0
598080064,598079374,1.2297698e-10,9.310813e-06,0.00020734752,0.0070869154,0.0012565887,0.0019046622,67129363,0,0.04342096,0.029642915,0.3380506,nan,0.003953606,0.0034446018,0.0,0.0,0.0,0.0,3932170,3932170,3997730,396825,0,0,895,1,1,2,1,2,0,0,0,0,0,0,0
598280301,598279440,9.8328845e-11,9.194081e-06,0.00021001,0.0067794695,0.0014116367,0.0020751117,67129363,0,0.04301158,0.029384179,0.39485583,nan,0.00421739,0.0033453333,0.0,0.0,0.0,0.0,3932170,3932170,3997730,396825,0,0,895,1,1,2,1,2,0,0,0,0,0,0,0
598480659,598479505,8.243388e-11,8.914391e-06,0.00019928603,0.0069110896,0.0015279978,0.0021932363,67129363,0,0.04257164,0.029106287,0.3211186,nan,0.0041647744,0.0030624738,0.0,0.0,0.0,0.0,3932170,3932170,3997730,396825,0,0,895,1,1,2,1,2,0,0,0,0,0,0,0
598680349,598679571,6.7743394e-11,8.609795e-06,0.00020049888,0.00657715,0.0016346991,0.0023060443,67129363,0,0.044244442,0.030170495,0.33380938,nan,0.004010994,0.00268312,0.0,0.0,0.0,0.0,3932170,3932170,3997730,396825,0,0,895,1,1,2,1,2,0,0,0,0,0,0,0
598880653,598879638,6.6913725e-11,9.0994545e-06,0.00020183281,0.0066226143,0.0016802193,0.0023328443,67129363,0,0.04385096,0.029920023,0.32949752,nan,0.0037370438,0.00230648,0.0,0.0,0.0,0.0,3932170,3932170,3997730,396825,0,0,895,1,1,2,1,2,0,0,0,0,0,0,0
599080678,599079699,6.3727565e-11,9.226843e-06,0.00021891762,0.006410895,0.0017027366,0.0023322166,67129363,0,0.043418188,0.02964589,0.3718217,nan,0.0035746563,0.0018813517,0.0,0.0,0.0,0.0,3932170,3932170,3997730,396825,0,0,895,1,1,2,1,2,0,0,0,0,0,0,0
