timestamp,timestamp_sample,states[0],states[1],states[2],states[3],states[4],states[5],states[6],states[7],states[8],states[9],states[10],states[11],states[12],states[13],states[14],states[15],states[16],states[17],states[18],states[19],states[20],states[21],states[22],states[23],covariances[0],covariances[1],covariances[2],covariances[3],covariances[4],covariances[5],covariances[6],covariances[7],covariances[8],covariances[9],covariances[10],covariances[11],covariances[12],covariances[13],covariances[14],covariances[15],covariances[16],covariances[17],covariances[18],covariances[19],covariances[20],covariances[21],covariances[22],covariances[23],n_states
85739331,85738621,-0.59226316,-0.022003472,-0.004789812,-0.8054299,-0.00077257835,0.0006292319,-0.0013836306,0.066101745,0.084000714,-0.20051771,3.3922006e-05,4.4097145e-05,-1.25148445e-05,0.0,0.0,-0.00016866036,0.24835166,3.8754018e-09,0.3067867,0.0,0.0,0.0,0.0,0.0,2.3720786e-05,2.6233947e-06,2.640919e-06,1.3747375e-05,0.0024737245,0.0024739401,0.0018361858,0.0010279864,0.0010280041,0.0009202225,1.856702e-11,1.857227e-11,3.3488386e-11,4.0000004e-06,4.0000004e-06,5e-08,0.0,0.0,0.0,0.0,0.0,0.0,0.0,0.0,24
85753169,85751870,-0.5922627,-0.02202021,-0.0048074815,-0.80542964,-0.0008021808,0.00054607383,-0.0015499558,0.06609146,0.08400839,-0.20053686,3.3922006e-05,4.4097145e-05,-1.25148445e-05,0.0,0.0,-0.00016866036,0.24835166,3.8754018e-09,0.3067867,0.0,0.0,0.0,0.0,0.0,2.3739127e-05,2.6319933e-06,2.6495513e-06,1.375707e-05,0.0025128468,0.002513065,0.001857957,0.0010524803,0.0010524988,0.0009399127,1.857702e-11,1.8582271e-11,3.3498385e-11,4.0000004e-06,4.0000004e-06,5.000009e-08,0.0,0.0,0.0,0.0,0.0,0.0,0.0,0.0,24
86744500,86744008,-0.5920737,-0.023083854,-0.004236358,-0.805542,-0.044295937,-0.006624879,0.0012073921,0.059706673,0.08312597,-0.20179898,3.400021e-05,4.4067052e-05,-1.2610254e-05,1.1969983e-06,6.5999775e-06,-0.00017172121,0.24835166,3.8754018e-09,0.3067867,0.0,0.0,0.0,0.0,0.0,2.3696393e-05,2.6174625e-06,2.636879e-06,1.3646693e-05,0.003917545,0.0039200084,0.0018085298,0.0009881527,0.0009881905,0.0008783451,1.8559576e-11,1.8564289e-11,3.3427046e-11,3.9957963e-06,3.9957954e-06,5.0000178e-08,0.0,0.0,0.0,0.0,0.0,0.0,0.0,0.0,24
87736889,87736406,-0.6392346,-0.017579347,0.0003316346,-0.76881087,0.034645125,-0.011873721,-0.1539564,0.07030142,0.08532469,-0.22946315,3.439621e-05,4.4020817e-05,-1.2398093e-05,0.00017692726,0.0011367342,-0.00015318017,0.24835166,3.8754018e-09,0.3067867,0.0,0.0,0.0,0.0,0.0,2.1584592e-05,3.0933982e-06,3.104765e-06,1.5720487e-05,0.00952181,0.009528329,0.0018039566,0.0016634802,0.0016642817,0.000862065,1.9092165e-11,1.90958e-11,3.339702e-11,1.2255045e-06,1.2254926e-06,5.000009e-08,0.0,0.0,0.0,0.0,0.0,0.0,0.0,0.0,24
88742648,88737438,-0.76581395,-0.024959547,0.0010765338,-0.64257675,0.040961936,-0.090958305,-0.30260453,0.12069085,0.007124964,-0.6777513,3.444837e-05,4.407264e-05,-1.1397105e-05,0.0001982446,0.0010978185,-0.00011270915,0.24835166,3.8754018e-09,0.3067867,0.0,0.0,0.0,0.0,0.0,1.5101186e-05,3.9992456e-06,4.023904e-06,2.2131448e-05,0.003682963,0.003683146,0.0017827586,0.001225237,0.0012253682,0.0008588518,2.0072112e-11,2.0074008e-11,3.3358545e-11,3.3255353e-07,3.326546e-07,5e-08,0.0,0.0,0.0,0.0,0.0,0.0,0.0,0.0,24
89734965,89734216,-0.7499651,-0.018454751,-0.00041748732,-0.66121984,0.09394917,-0.004896176,-0.13468884,0.17858174,-0.0052835657,-0.78331155,3.4648117e-05,4.4044584e-05,-9.327028e-06,1.2043628e-05,0.0010913406,-0.00022615089,0.24835166,3.8754018e-09,0.3067867,0.0,0.0,0.0,0.0,0.0,1.6123186e-05,4.9279433e-06,4.944902e-06,2.103886e-05,0.0025084794,0.0025078538,0.0017794536,0.0010254029,0.0010252965,0.00085699937,2.10022e-11,2.1002564e-11,3.3324076e-11,2.0634636e-07,2.0642678e-07,5e-08,0.0,0.0,0.0,0.0,0.0,0.0,0.0,0.0,24
90740321,90739797,-0.74375606,-0.023345597,-0.0026117065,-0.66803837,0.049200557,-0.056452602,-0.093271494,0.2479316,-0.04020584,-0.9393222,3.4634857e-05,4.420644e-05,-6.3454113e-06,2.6000387e-05,0.0010759337,-0.00020499458,0.24835166,3.8754018e-09,0.3067867,0.0,0.0,0.0,0.0,0.0,1.6636463e-05,5.8465694e-06,5.8742394e-06,2.0447229e-05,0.0021768066,0.0021767714,0.0017814428,0.0009472994,0.0009472623,0.0008575507,2.1824634e-11,2.1824471e-11,3.329336e-11,1.7601165e-07,1.7605544e-07,5.000009e-08,0.0,0.0,0.0,0.0,0.0,0.0,0.0,0.0,24
91737067,91736530,-0.73781717,-0.01998181,-0.0021248995,-0.67470145,-0.0437851,0.009454107,-0.08230779,0.23457713,-0.047270216,-1.0500726,3.463473e-05,4.4758446e-05,-3.2789226e-06,1.9116278e-06,0.0010439582,-0.00018238995,0.24835166,3.8754018e-09,0.3067867,0.0,0.0,0.0,0.0,0.0,1.7172473e-05,6.6473945e-06,6.6694156e-06,1.9916894e-05,0.0021039366,0.0021043674,0.0017820717,0.0009234336,0.0009234835,0.0008591444,2.2370387e-11,2.2367932e-11,3.329128e-11,1.7004113e-07,1.7006602e-07,5.000009e-08,0.0,0.0,0.0,0.0,0.0,0.0,0.0,0.0,24
92735051,92733414,-0.7401574,-0.013834947,-0.0015341,-0.67228967,-0.027488632,-0.030302301,-0.008960067,0.22798763,-0.042537272,-1.0780451,3.4954446e-05,4.5132463e-05,-1.548864e-07,-5.988732e-06,0.0010498705,-0.00017911052,0.24835166,3.8754018e-09,0.3067867,0.0,0.0,0.0,0.0,0.0,1.7227208e-05,7.2249804e-06,7.2391936e-06,1.9810921e-05,0.002101552,0.0021015012,0.001780487,0.0009194139,0.0009194166,0.0008597796,2.2548257e-11,2.2544041e-11,3.3270844e-11,1.6957074e-07,1.6958384e-07,5e-08,0.0,0.0,0.0,0.0,0.0,0.0,0.0,0.0,24
93744853,93743574,-0.7344911,-0.023517715,0.0020461448,-0.67820764,-0.043487355,0.02717483,-0.012663442,0.20438267,-0.056281436,-1.1342806,3.493978e-05,4.54577e-05,2.8978623e-06,-2.819405e-06,0.0010584479,-0.0001478998,0.24835166,3.8754018e-09,0.3067867,0.0,0.0,0.0,0.0,0.0,1.7684923e-05,7.565404e-06,7.5930634e-06,1.9292958e-05,0.0021108924,0.0021105676,0.001782735,0.00092301244,0.000923006,0.0008603038,2.2433243e-11,2.2428665e-11,3.3250725e-11,1.6932108e-07,1.693276e-07,5.000009e-08,0.0,0.0,0.0,0.0,0.0,0.0,0.0,0.0,24
94731645,94731225,-0.73346376,-0.026864296,0.0006468217,-0.67919725,-0.005732848,0.016525766,-0.014961827,0.1935842,-0.025983598,-1.1385012,3.521701e-05,4.555839e-05,5.9570057e-06,-8.876639e-07,0.001056168,-0.0001512237,0.24835166,3.8754018e-09,0.3067867,0.0,0.0,0.0,0.0,0.0,1.7903581e-05,7.770293e-06,7.802819e-06,1.9054318e-05,0.0022077018,0.0022078152,0.0018501333,0.0009922413,0.0009922408,0.00092010264,2.2192824e-11,2.2190614e-11,3.3246617e-11,1.6851803e-07,1.6852341e-07,5.0000363e-08,0.0,0.0,0.0,0.0,0.0,0.0,0.0,0.0,24
95737307,95736785,-0.7335399,-0.018309817,-0.0013624887,-0.6793983,-0.015199393,0.019648107,0.04910197,0.16754948,0.0036930633,-1.1648692,3.5237204e-05,4.557646e-05,8.875407e-06,-2.639812e-06,0.0010598212,-0.00014700733,0.24835166,3.8754018e-09,0.3067867,0.0,0.0,0.0,0.0,0.0,1.8030283e-05,7.795355e-06,7.812982e-06,1.8856275e-05,0.0021214306,0.0021213903,0.0017836781,0.000924486,0.00092447724,0.00086036394,2.1786626e-11,2.1786309e-11,3.3220794e-11,1.6710072e-07,1.6710666e-07,5.000009e-08,0.0,0.0,0.0,0.0,0.0,0.0,0.0,0.0,24
96738526,96737990,-0.72969127,-0.03212613,0.0002034476,-0.6830216,-0.019523956,0.010317697,-0.06866579,0.15780155,-0.009925024,-1.1832404,3.5147954e-05,4.555888e-05,1.1533935e-05,-6.934316e-06,0.0010660068,-0.00012832212,0.24835166,3.8754018e-09,0.3067867,0.0,0.0,0.0,0.0,0.0,1.832935e-05,7.77977e-06,7.823616e-06,1.8500621e-05,0.0021415686,0.0021415353,0.0017851073,0.00092916726,0.00092915475,0.0008626784,2.1411036e-11,2.1411215e-11,3.320603e-11,1.6551033e-07,1.6551601e-07,5.0000093e-08,0.0,0.0,0.0,0.0,0.0,0.0,0.0,0.0,24
97739848,97739271,-0.7268005,-0.013027266,-0.0003739204,-0.6867251,0.008807519,0.03251817,0.00511782,0.1247855,0.049784407,-1.1982864,3.52251e-05,4.5829525e-05,1.4191664e-05,-7.8167903e-07,0.0010701802,-0.00014531467,0.24835166,3.8754018e-09,0.3067867,0.0,0.0,0.0,0.0,0.0,1.8615594e-05,7.712226e-06,7.723087e-06,1.8191784e-05,0.0021440457,0.0021441926,0.0017843583,0.00092730316,0.00092727976,0.00086112926,2.1028712e-11,2.1029402e-11,3.3197126e-11,1.6378472e-07,1.6379089e-07,5.000009e-08,0.0,0.0,0.0,0.0,0.0,0.0,0.0,0.0,24
98741203,98740601,-0.72867733,-0.022263646,-0.0018315866,-0.68449277,0.04574315,-0.060624905,0.02435004,0.16413504,-0.00036324564,-1.1869693,3.5121626e-05,4.5296463e-05,1.6861562e-05,-2.2427019e-05,0.001068014,-0.00014602732,0.24835166,3.8754018e-09,0.3067867,0.0,0.0,0.0,0.0,0.0,1.8633107e-05,7.620113e-06,7.644846e-06,1.8183177e-05,0.0020989825,0.0020988802,0.0017733948,0.00091870525,0.00091873604,0.00085597625,2.0678197e-11,2.068123e-11,3.3205817e-11,1.6210367e-07,1.621087e-07,5e-08,0.0,0.0,0.0,0.0,0.0,0.0,0.0,0.0,24
99742153,99741653,-0.73342675,-0.022674372,0.0020390453,-0.6793873,0.048968505,-0.030483648,0.0395449,0.1998406,-0.06590575,-1.1684053,3.470148e-05,4.527725e-05,1.890294e-05,-3.182987e-05,0.0010821134,-0.00013716877,0.24835166,3.8754018e-09,0.3067867,0.0,0.0,0.0,0.0,0.0,1.8435137e-05,7.552769e-06,7.58244e-06,1.8343131e-05,0.0021147116,0.0021144599,0.0017815554,0.0009230961,0.0009231021,0.0008590107,2.0390831e-11,2.0395675e-11,3.319413e-11,1.6067304e-07,1.6067706e-07,5.0000093e-08,0.0,0.0,0.0,0.0,0.0,0.0,0.0,0.0,24
100738971,100738419,-0.72584677,-0.015458171,-0.0028318856,-0.6876769,-0.03001735,0.104005195,0.002251783,0.22316399,-0.008416581,-1.2057357,3.476607e-05,4.5867793e-05,2.0676203e-05,-1.5421803e-05,0.0010876508,-0.000119702374,0.24835166,3.8754018e-09,0.3067867,0.0,0.0,0.0,0.0,0.0,1.888496e-05,7.4481727e-06,7.460971e-06,1.7865095e-05,0.0021158294,0.0021156513,0.00177967,0.0009257703,0.0009256584,0.0008594555,2.0104253e-11,2.0110087e-11,3.3190426e-11,1.5933338e-07,1.5933763e-07,5.0000093e-08,0.0,0.0,0.0,0.0,0.0,0.0,0.0,0.0,24
101736387,101734998,-0.7262153,-0.022370169,-0.0060799853,-0.6870764,-0.022344472,0.008527307,0.0018626912,0.21724787,0.045209777,-1.1921909,3.4979093e-05,4.593647e-05,2.2645072e-05,-1.3056638e-05,0.0010837697,-0.00013561205,0.24835166,3.8754018e-09,0.3067867,0.0,0.0,0.0,0.0,0.0,1.8886301e-05,7.394038e-06,7.4100153e-06,1.7793063e-05,0.002200832,0.0022004137,0.0018487554,0.0009928598,0.0009929211,0.0009202145,1.9905626e-11,1.9909073e-11,3.3178064e-11,1.5819265e-07,1.581984e-07,5.0000363e-08,0.0,0.0,0.0,0.0,0.0,0.0,0.0,0.0,24
102741548,102740761,-0.726666,-0.02414233,0.0006721835,-0.68656635,-0.027363304,-0.018845288,-0.013563351,0.17822827,0.035368424,-1.193587,3.483832e-05,4.598948e-05,2.444964e-05,-1.4612742e-05,0.0010900766,-0.00012848231,0.24835166,3.8754018e-09,0.3067867,0.0,0.0,0.0,0.0,0.0,1.8910803e-05,7.2744915e-06,7.296459e-06,1.7766313e-05,0.0021068512,0.0021065504,0.0017750384,0.00091833004,0.00091824686,0.000855858,1.9663044e-11,1.9662353e-11,3.3181662e-11,1.571136e-07,1.5712095e-07,5e-08,0.0,0.0,0.0,0.0,0.0,0.0,0.0,0.0,24
103733556,103732948,-0.72906953,-0.025135305,0.0015641522,-0.6839762,0.00930175,-0.014326908,-0.009784932,0.16216357,0.029061317,-1.1921074,3.4879962e-05,4.6049354e-05,2.6046413e-05,-1.4382543e-05,0.0010908587,-0.00012631374,0.24835166,3.8754018e-09,0.3067867,0.0,0.0,0.0,0.0,0.0,1.8802284e-05,7.1886543e-06,7.214734e-06,1.7849292e-05,0.0021245903,0.002124941,0.0017788442,0.0009229941,0.0009230218,0.000860032,1.9479513e-11,1.947875e-11,3.3176635e-11,1.5616962e-07,1.5617736e-07,5e-08,0.0,0.0,0.0,0.0,0.0,0.0,0.0,0.0,24
104743714,104738618,-0.7319955,-0.03345806,1.61453e-05,-0.6804875,0.035764843,-0.012124377,-0.043373317,0.19316828,-0.0026758339,-1.1703162,3.487188e-05,4.5833982e-05,2.7362836e-05,-2.0611464e-05,0.0010909006,-0.000116457464,0.24835166,3.8754018e-09,0.3067867,0.0,0.0,0.0,0.0,0.0,1.8631908e-05,7.123368e-06,7.1713175e-06,1.7986773e-05,0.0021137127,0.002113673,0.0017760544,0.0009191185,0.000919162,0.00085688033,1.9330237e-11,1.9332992e-11,3.3171844e-11,1.5544782e-07,1.5545365e-07,5e-08,0.0,0.0,0.0,0.0,0.0,0.0,0.0,0.0,24
105736984,105735475,-0.7299597,-0.020664018,5.1098014e-06,-0.6831778,-0.020124285,0.11116041,0.037128262,0.18532412,0.059602734,-1.195114,3.478824e-05,4.6107416e-05,2.8385432e-05,-1.550102e-05,0.0010943005,-0.0001179192,0.24835166,3.8754018e-09,0.3067867,0.0,0.0,0.0,0.0,0.0,1.8761279e-05,7.093226e-06,7.112125e-06,1.7887885e-05,0.0022042582,0.0022033278,0.0018609477,0.0010222947,0.0010221459,0.0009470706,1.9230152e-11,1.923522e-11,3.318259e-11,1.5481189e-07,1.5481709e-07,5.000036e-08,0.0,0.0,0.0,0.0,0.0,0.0,0.0,0.0,24
106741545,106741078,-0.7275077,-0.023476174,-0.001064171,-0.685697,-0.020031057,0.07492799,-0.024514547,0.17340906,0.15284264,-1.2061014,3.4981927e-05,4.6018864e-05,2.9769977e-05,-1.7405451e-05,0.0010909865,-0.00012032651,0.24835166,3.8754018e-09,0.3067867,0.0,0.0,0.0,0.0,0.0,1.8870922e-05,6.9916414e-06,7.0104916e-06,1.7721706e-05,0.0021244192,0.0021243584,0.0017805512,0.0009170691,0.00091707776,0.00085537654,1.907267e-11,1.9077503e-11,3.3172142e-11,1.5421665e-07,1.5422147e-07,5.000009e-08,0.0,0.0,0.0,0.0,0.0,0.0,0.0,0.0,24
107742844,107742242,-0.7294297,-0.02008104,-0.0025233142,-0.6837564,-0.00503686,0.043501094,0.00263686,0.15583858,0.20644252,-1.2068529,3.4996425e-05,4.5786757e-05,3.112088e-05,-2.2749442e-05,0.0010904763,-0.00013191428,0.24835166,3.8754018e-09,0.3067867,0.0,0.0,0.0,0.0,0.0,1.8805878e-05,6.9360094e-06,6.9503008e-06,1.7834267e-05,0.0020900609,0.0020897822,0.0017763972,0.0009168011,0.0009167692,0.00085577014,1.8969671e-11,1.8972933e-11,3.3192296e-11,1.5371633e-07,1.5372123e-07,5e-08,0.0,0.0,0.0,0.0,0.0,0.0,0.0,0.0,24
108739490,108738988,-0.7291305,-0.025782786,0.0014814192,-0.68388724,0.012999999,0.07448315,-0.016739065,0.16120422,0.23409596,-1.1957192,3.4856086e-05,4.55923e-05,3.23672e-05,-2.8545079e-05,0.0010923254,-0.00012773363,0.24835166,3.8754018e-09,0.3067867,0.0,0.0,0.0,0.0,0.0,1.8775347e-05,6.896996e-06,6.9239013e-06,1.7783337e-05,0.0021258013,0.00212577,0.0017844492,0.0009259729,0.00092599593,0.0008630044,1.8892067e-11,1.8895562e-11,3.316578e-11,1.5331035e-07,1.5331554e-07,5.000009e-08,0.0,0.0,0.0,0.0,0.0,0.0,0.0,0.0,24
109740781,109735641,-0.72912353,-0.024507146,0.00253139,-0.6839385,0.016059982,0.095181026,0.0052186856,0.16723934,0.3152592,-1.2078413,3.475105e-05,4.5440574e-05,3.3599972e-05,-3.26615e-05,0.0010945862,-0.00012952939,0.24835166,3.8754018e-09,0.3067867,0.0,0.0,0.0,0.0,0.0,1.8798872e-05,6.8369923e-06,6.8616687e-06,1.780855e-05,0.0021044007,0.0021042584,0.0017793392,0.0009231112,0.0009230899,0.0008611902,1.880489e-11,1.8810618e-11,3.3186436e-11,1.5291461e-07,1.5291903e-07,5e-08,0.0,0.0,0.0,0.0,0.0,0.0,0.0,0.0,24
110733283,110732547,-0.73092645,-0.018486695,-0.0031962853,-0.68219835,0.0135890525,0.08476383,-0.0011675252,0.17885706,0.40605217,-1.1988262,3.473817e-05,4.5234367e-05,3.509286e-05,-3.6886864e-05,0.0010950534,-0.00013261508,0.24835166,3.8754018e-09,0.3067867,0.0,0.0,0.0,0.0,0.0,1.8704462e-05,6.7939536e-06,6.807107e-06,1.7871016e-05,0.0020784661,0.002078441,0.0017599289,0.00090025587,0.00090025016,0.00084183307,1.8732597e-11,1.8739156e-11,3.3177166e-11,1.526049e-07,1.5260882e-07,5e-08,0.0,0.0,0.0,0.0,0.0,0.0,0.0,0.0,24
111743444,111742726,-0.73058176,-0.022993555,-0.0014636065,-0.68243635,0.008653989,0.11805548,0.0046927626,0.18580772,0.49104315,-1.2047817,3.462886e-05,4.509872e-05,3.6732297e-05,-4.0515177e-05,0.0010971844,-0.00013361464,0.24835166,3.8754018e-09,0.3067867,0.0,0.0,0.0,0.0,0.0,1.8728695e-05,6.7693686e-06,6.789902e-06,1.7832217e-05,0.00212789,0.0021278658,0.0018002635,0.00094347954,0.00094347895,0.00087890984,1.869181e-11,1.8697934e-11,3.3175553e-11,1.5232838e-07,1.5233245e-07,5.000009e-08,0.0,0.0,0.0,0.0,0.0,0.0,0.0,0.0,24
112735488,112734761,-0.72965044,-0.026413485,0.0005524779,-0.68330985,-0.004121633,0.091179766,-0.00022517855,0.1871204,0.5886494,-1.1930742,3.4560602e-05,4.5047647e-05,3.841919e-05,-4.166663e-05,0.0010991918,-0.00014175921,0.24835166,3.8754018e-09,0.3067867,0.0,0.0,0.0,0.0,0.0,1.8822437e-05,6.7237634e-06,6.750614e-06,1.7790206e-05,0.0020783816,0.0020783052,0.001761035,0.0009006051,0.0009006,0.0008417125,1.8628765e-11,1.8634231e-11,3.3197535e-11,1.521074e-07,1.5211141e-07,5e-08,0.0,0.0,0.0,0.0,0.0,0.0,0.0,0.0,24
113741087,113740542,-0.732466,-0.020330794,-0.004784566,-0.6804832,0.0023305381,0.096052654,0.008384603,0.18890098,0.7062662,-1.1771455,3.4624198e-05,4.5177272e-05,4.0450243e-05,-4.0279472e-05,0.0010996795,-0.00014871781,0.24835166,3.8754018e-09,0.3067867,0.0,0.0,0.0,0.0,0.0,1.869934e-05,6.6992407e-06,6.7147625e-06,1.788167e-05,0.0021141104,0.002114015,0.0017833133,0.00092341943,0.00092341617,0.00086164946,1.859241e-11,1.859698e-11,3.3185493e-11,1.5188974e-07,1.5189372e-07,5.000009e-08,0.0,0.0,0.0,0.0,0.0,0.0,0.0,0.0,24
114738439,114737229,-0.73265755,-0.022800107,-0.002243423,-0.6802119,-0.016549407,0.13996163,-0.003294103,0.17793947,0.8144165,-1.1824104,3.4634115e-05,4.5290944e-05,4.2415355e-05,-3.945708e-05,0.0011009136,-0.00013851216,0.24835166,3.8754018e-09,0.3067867,0.0,0.0,0.0,0.0,0.0,1.8714954e-05,6.660637e-06,6.681484e-06,1.7858743e-05,0.0021271415,0.0021270667,0.0017871351,0.0009279822,0.00092798343,0.0008649343,1.8552809e-11,1.8556432e-11,3.318406e-11,1.5169233e-07,1.5169668e-07,5.0000093e-08,0.0,0.0,0.0,0.0,0.0,0.0,0.0,0.0,24
115730278,115729624,-0.73221827,-0.024984255,0.00030805552,-0.68061155,-0.003008959,0.083904035,-0.02314021,0.17057836,0.92126304,-1.1940914,3.472331e-05,4.5220604e-05,4.446993e-05,-4.035267e-05,0.0011005836,-0.00013247393,0.24835166,3.8754018e-09,0.3067867,0.0,0.0,0.0,0.0,0.0,1.8782936e-05,6.6129805e-06,6.6380294e-06,1.781488e-05,0.0020643582,0.0020641957,0.0017546297,0.00089433463,0.00089432567,0.00083671225,1.8503837e-11,1.8507206e-11,3.319467e-11,1.5152663e-07,1.515314e-07,5e-08,0.0,0.0,0.0,0.0,0.0,0.0,0.0,0.0,24
116740315,116739793,-0.73425037,-0.01869794,-0.0046995184,-0.67860496,-0.007144447,0.11023272,0.00144862,0.1577089,1.0403143,-1.1907703,3.4629746e-05,4.5320834e-05,4.6654415e-05,-3.975218e-05,0.0011029529,-0.00013998718,0.24835166,3.8754018e-09,0.3067867,0.0,0.0,0.0,0.0,0.0,1.8701236e-05,6.61104e-06,6.6258553e-06,1.7866716e-05,0.002108863,0.0021088498,0.0017830974,0.00092158,0.0009215766,0.0008604479,1.849314e-11,1.8496815e-11,3.318132e-11,1.5140765e-07,1.5141278e-07,5.000009e-08,0.0,0.0,0.0,0.0,0.0,0.0,0.0,0.0,24
117741451,117740817,-0.7347117,-0.022679025,-0.0031604825,-0.677993,-0.02221642,0.10315638,-0.0044433107,0.14242241,1.1319897,-1.1959698,3.453214e-05,4.5368528e-05,4.8562295e-05,-3.9514445e-05,0.0011049621,-0.00013724693,0.24835166,3.8754018e-09,0.3067867,0.0,0.0,0.0,0.0,0.0,1.8688632e-05,6.588315e-06,6.6104335e-06,1.7871165e-05,0.002107779,0.002107751,0.0017808512,0.0009212117,0.00092120434,0.0008599201,1.8467575e-11,1.8471454e-11,3.317876e-11,1.5129885e-07,1.5130414e-07,5.000009e-08,0.0,0.0,0.0,0.0,0.0,0.0,0.0,0.0,24
118739184,118737700,-0.7372182,-0.015121582,-0.0019022689,-0.67548287,0.011852618,0.04090379,0.05746592,0.1263018,1.2166663,-1.1872241,3.4604356e-05,4.541195e-05,5.0227034e-05,-3.8958788e-05,0.0011046536,-0.00014500038,0.24835166,3.8754018e-09,0.3067867,0.0,0.0,0.0,0.0,0.0,1.8594745e-05,6.5678587e-06,6.5803797e-06,1.8027602e-05,0.0020875768,0.002087435,0.00177676,0.0009177405,0.000917728,0.00085764326,1.8443943e-11,1.8447471e-11,3.319812e-11,1.512018e-07,1.5120736e-07,5.0000093e-08,0.0,0.0,0.0,0.0,0.0,0.0,0.0,0.0,24
119739434,119738728,-0.7321841,-0.027518207,-0.003079189,-0.6805437,-0.04096185,0.10407086,-0.06279762,0.12575899,1.2771491,-1.1901734,3.449808e-05,4.5513487e-05,5.174465e-05,-3.8127822e-05,0.0011065699,-0.00012187878,0.24835166,3.8754018e-09,0.3067867,0.0,0.0,0.0,0.0,0.0,1.8836967e-05,6.550381e-06,6.584574e-06,1.7767514e-05,0.0021256714,0.0021254935,0.0017812888,0.0009253442,0.00092533644,0.0008619053,1.8427853e-11,1.843177e-11,3.319413e-11,1.5112296e-07,1.5112892e-07,5e-08,0.0,0.0,0.0,0.0,0.0,0.0,0.0,0.0,24
120740801,120739939,-0.72869366,-0.01558693,-0.0042092158,-0.68464947,-0.06158236,0.104838826,0.01600021,0.059814572,1.3990083,-1.2063267,3.445354e-05,4.561862e-05,5.284181e-05,-3.688052e-05,0.0011075583,-0.00013638372,0.24835166,3.8754018e-09,0.3067867,0.0,0.0,0.0,0.0,0.0,1.9000223e-05,6.516062e-06,6.5281442e-06,1.7611013e-05,0.0020866941,0.0020866448,0.0017759595,0.000917217,0.0009172043,0.0008568489,1.8400559e-11,1.84044e-11,3.3193486e-11,1.5102223e-07,1.5102836e-07,5e-08,0.0,0.0,0.0,0.0,0.0,0.0,0.0,0.0,24
121737444,121736891,-0.7318929,-0.024514826,-0.0051728925,-0.6809589,-0.015087842,0.017997937,-0.003221365,0.03894464,1.4349327,-1.1870272,3.4647128e-05,4.5369834e-05,5.3660777e-05,-3.795292e-05,0.0011045275,-0.00013611634,0.24835166,3.8754018e-09,0.3067867,0.0,0.0,0.0,0.0,0.0,1.8769373e-05,6.5020517e-06,6.5279e-06,1.7828745e-05,0.0021039026,0.0021037403,0.0017792842,0.0009223203,0.00092229276,0.0008611404,1.8390938e-11,1.839473e-11,3.3190443e-11,1.5093535e-07,1.5094156e-07,5e-08,0.0,0.0,0.0,0.0,0.0,0.0,0.0,0.0,24
122739748,122737854,-0.72979647,-0.01935123,-0.003704749,-0.68338054,-0.05303823,0.053687237,0.004343762,-0.013315096,1.4820698,-1.1991758,3.4468158e-05,4.553612e-05,5.42143e-05,-3.754871e-05,0.0011069134,-0.00012749387,0.24835166,3.8754018e-09,0.3067867,0.0,0.0,0.0,0.0,0.0,1.8821394e-05,6.5136087e-06,6.53306e-06,1.7776963e-05,0.0022031765,0.0022030133,0.0018558693,0.0010054555,0.0010054386,0.0009340689,1.8412475e-11,1.841635e-11,3.3185597e-11,1.5085735e-07,1.508638e-07,5e-08,0.0,0.0,0.0,0.0,0.0,0.0,0.0,0.0,24
123739959,123739068,-0.72791344,-0.0194435,-0.005106573,-0.6853743,-0.07289652,0.03180454,-0.0032279599,-0.06677443,1.5248978,-1.2049936,3.450676e-05,4.5473884e-05,5.4512566e-05,-3.7855185e-05,0.0011064574,-0.00012680818,0.24835166,3.8754018e-09,0.3067867,0.0,0.0,0.0,0.0,0.0,1.8859182e-05,6.469308e-06,6.4883347e-06,1.7767434e-05,0.0020788691,0.0020788137,0.001761446,0.0009018161,0.00090180046,0.0008441214,1.8364393e-11,1.8368942e-11,3.3194815e-11,1.5080474e-07,1.5081167e-07,5e-08,0.0,0.0,0.0,0.0,0.0,0.0,0.0,0.0,24
124740782,124740285,-0.72853065,-0.01815045,-0.0030138716,-0.6847662,-0.044511855,-0.015361271,-0.004105013,-0.12230007,1.5241746,-1.2047035,3.4617206e-05,4.52908e-05,5.4719705e-05,-3.872959e-05,0.0011051657,-0.00012915184,0.24835166,3.8754018e-09,0.3067867,0.0,0.0,0.0,0.0,0.0,1.8730683e-05,6.4699616e-06,6.488098e-06,1.7863313e-05,0.0021311438,0.002131114,0.0017948109,0.0009303251,0.0009303137,0.00086697994,1.8369103e-11,1.8373778e-11,3.3181003e-11,1.5075939e-07,1.5076674e-07,5.000009e-08,0.0,0.0,0.0,0.0,0.0,0.0,0.0,0.0,24
125737903,125736984,-0.72625333,-0.02008441,-0.00092564046,-0.6871331,-0.055608034,-0.015134434,-0.00040609037,-0.17908749,1.499226,-1.1994615,3.449446e-05,4.5196593e-05,5.4854492e-05,-3.962245e-05,0.0011057322,-0.00013162957,0.24835166,3.8754018e-09,0.3067867,0.0,0.0,0.0,0.0,0.0,1.876496e-05,6.450179e-06,6.4721453e-06,1.7822531e-05,0.002104991,0.0021048675,0.0017801791,0.0009200525,0.00092004,0.00085965305,1.8354094e-11,1.8359435e-11,3.317668e-11,1.5072169e-07,1.5072881e-07,5e-08,0.0,0.0,0.0,0.0,0.0,0.0,0.0,0.0,24
126734833,126733991,-0.7294126,-0.02117968,-0.007990202,-0.68369937,-0.037074216,-0.037042335,0.026036626,-0.21236749,1.4792753,-1.1770036,3.4376346e-05,4.509363e-05,5.4650365e-05,-4.0305094e-05,0.0011062308,-0.00013909423,0.24835166,3.8754018e-09,0.3067867,0.0,0.0,0.0,0.0,0.0,1.8512112e-05,6.441057e-06,6.4638048e-06,1.80999e-05,0.002080611,0.002080553,0.001763356,0.0009012,0.000901201,0.00084313133,1.834186e-11,1.8349522e-11,3.3183456e-11,1.5069769e-07,1.5070444e-07,5e-08,0.0,0.0,0.0,0.0,0.0,0.0,0.0,0.0,24
127740871,127739411,-0.73166525,-0.015822176,-1.2117153e-05,-0.68148047,-0.06023524,-0.037707597,0.031303007,-0.2882164,1.441418,-1.1859455,3.406287e-05,4.5039757e-05,5.4298853e-05,-4.083367e-05,0.0011080782,-0.0001403637,0.24835166,3.8754018e-09,0.3067867,0.0,0.0,0.0,0.0,0.0,1.8307872e-05,6.4256474e-06,6.441479e-06,1.8333862e-05,0.0020947726,0.0020947082,0.001778245,0.00091952586,0.00091951137,0.0008590143,1.8335854e-11,1.8343977e-11,3.3190267e-11,1.5066597e-07,1.5067245e-07,5e-08,0.0,0.0,0.0,0.0,0.0,0.0,0.0,0.0,24
128736866,128736115,-0.72618395,-0.019460643,0.0011646606,-0.687224,-0.09969545,-0.025674311,-0.005378786,-0.3856509,1.4000235,-1.1877477,3.389037e-05,4.504203e-05,5.4113832e-05,-4.0508883e-05,0.001108892,-0.00013677633,0.24835166,3.8754018e-09,0.3067867,0.0,0.0,0.0,0.0,0.0,1.8502355e-05,6.4141277e-06,6.43382e-06,1.8131916e-05,0.0020999275,0.0020998013,0.00177728,0.00091820385,0.0009182006,0.0008575793,1.8329347e-11,1.8336832e-11,3.3187612e-11,1.5064322e-07,1.5064948e-07,5e-08,0.0,0.0,0.0,0.0,0.0,0.0,0.0,0.0,24
129742381,129741998,-0.7227601,-0.018739972,-0.0077177705,-0.69080186,-0.07764368,-0.06302607,0.0051579596,-0.45984027,1.3687179,-1.1738137,3.390722e-05,4.492737e-05,5.3709155e-05,-4.0858173e-05,0.0011090365,-0.0001431112,0.24835166,3.8754018e-09,0.3067867,0.0,0.0,0.0,0.0,0.0,1.8580291e-05,6.4116643e-06,6.4290816e-06,1.8048819e-05,0.0021024707,0.00210236,0.0017825541,0.00092108303,0.00092107966,0.00086037186,1.8327971e-11,1.8336473e-11,3.3184108e-11,1.5062886e-07,1.5063489e-07,5.0000093e-08,0.0,0.0,0.0,0.0,0.0,0.0,0.0,0.0,24
130740758,130738594,-0.72302943,-0.021669554,3.7913553e-05,-0.6904773,-0.06693182,-0.057503708,-0.008212722,-0.54830813,1.2930573,-1.1982931,3.3917822e-05,4.4823977e-05,5.3307696e-05,-4.1225223e-05,0.0011088356,-0.00013382116,0.24835166,3.8754018e-09,0.3067867,0.0,0.0,0.0,0.0,0.0,1.8467328e-05,6.392199e-06,6.4163864e-06,1.8153682e-05,0.0021038412,0.0021038374,0.0017843136,0.0009253962,0.0009253825,0.00086327817,1.8320604e-11,1.8329099e-11,3.3179678e-11,1.5060678e-07,1.5061295e-07,5.000009e-08,0.0,0.0,0.0,0.0,0.0,0.0,0.0,0.0,24
131741462,131739848,-0.72149706,-0.018575951,-0.0024128421,-0.6921642,-0.11549654,-0.07383578,-0.004528821,-0.6443626,1.2279575,-1.2041646,3.3910936e-05,4.484578e-05,5.285395e-05,-4.1110223e-05,0.0011089392,-0.00013439958,0.24835166,3.8754018e-09,0.3067867,0.0,0.0,0.0,0.0,0.0,1.8455803e-05,6.3824014e-06,6.40192e-06,1.816366e-05,0.0020758403,0.0020758128,0.0017737977,0.00091551314,0.00091550406,0.0008563347,1.8314968e-11,1.8323296e-11,3.317601e-11,1.5059138e-07,1.5059753e-07,5e-08,0.0,0.0,0.0,0.0,0.0,0.0,0.0,0.0,24
132741716,132740976,-0.72311085,-0.018389352,-0.009300382,-0.69042456,-0.072666936,-0.09050642,0.0067386725,-0.7142311,1.1583827,-1.2040601,3.4010292e-05,4.486579e-05,5.241016e-05,-4.070786e-05,0.0011088712,-0.00013437362,0.24835166,3.8754018e-09,0.3067867,0.0,0.0,0.0,0.0,0.0,1.8278837e-05,6.3802913e-06,6.397821e-06,1.8333341e-05,0.0020712828,0.0020711955,0.0017619077,0.00090759125,0.0009075898,0.0008489977,1.8308594e-11,1.8317367e-11,3.3172007e-11,1.5058532e-07,1.5059146e-07,5.0000093e-08,0.0,0.0,0.0,0.0,0.0,0.0,0.0,0.0,24
133742711,133742189,-0.7237206,-0.02074069,0.00067686936,-0.6897811,-0.06141113,-0.082600996,-0.0020319894,-0.7989761,1.0573219,-1.2046812,3.3820896e-05,4.4862834e-05,5.1877036e-05,-4.0690655e-05,0.0011095386,-0.00012876587,0.24835166,3.8754018e-09,0.3067867,0.0,0.0,0.0,0.0,0.0,1.8165301e-05,6.390151e-06,6.4141054e-06,1.8465598e-05,0.0021449174,0.0021448878,0.001803467,0.0009413794,0.0009413687,0.0008773938,1.8326224e-11,1.8335208e-11,3.3177246e-11,1.5058097e-07,1.5058714e-07,5.000009e-08,0.0,0.0,0.0,0.0,0.0,0.0,0.0,0.0,24
134739586,134739113,-0.72791386,-0.01952269,-0.00073842256,-0.68539023,-0.0795716,-0.1502144,0.04376829,-0.88622785,0.95191085,-1.1862216,3.365568e-05,4.484969e-05,5.110805e-05,-4.0595038e-05,0.0011101946,-0.00013823977,0.24835166,3.8754018e-09,0.3067867,0.0,0.0,0.0,0.0,0.0,1.78321e-05,6.37754e-06,6.399967e-06,1.8767383e-05,0.0021079397,0.0021076421,0.0017843854,0.00092326757,0.0009232491,0.00086255296,1.831445e-11,1.8323556e-11,3.3163125e-11,1.5057543e-07,1.5058161e-07,5.000009e-08,0.0,0.0,0.0,0.0,0.0,0.0,0.0,0.0,24
135741427,135740110,-0.72752786,-0.012713621,-0.00765025,-0.6859178,-0.074397705,-0.09457638,0.03405352,-0.9615576,0.8622315,-1.1929054,3.3616878e-05,4.5062825e-05,5.0205726e-05,-3.9364208e-05,0.0011096927,-0.00012688499,0.24835166,3.8754018e-09,0.3067867,0.0,0.0,0.0,0.0,0.0,1.7781735e-05,6.3722514e-06,6.3841712e-06,1.8876775e-05,0.002092701,0.0020925936,0.0017802545,0.00092105236,0.0009210312,0.0008595044,1.8308575e-11,1.8317714e-11,3.3180438e-11,1.50558e-07,1.5056453e-07,5.000009e-08,0.0,0.0,0.0,0.0,0.0,0.0,0.0,0.0,24
136742104,136741325,-0.7257049,-0.017473953,0.003761572,-0.68777394,-0.099300146,-0.04248694,0.0012506181,-1.0746198,0.7870027,-1.2056743,3.3547814e-05,4.4994355e-05,4.911861e-05,-3.8976435e-05,0.0011102662,-0.0001216152,0.24835166,3.8754018e-09,0.3067867,0.0,0.0,0.0,0.0,0.0,1.7732482e-05,6.362984e-06,6.3796556e-06,1.8856797e-05,0.0021263019,0.0021260062,0.0017909775,0.00092851825,0.0009284936,0.00086548825,1.830745e-11,1.831643e-11,3.31568e-11,1.5053149e-07,1.5053783e-07,5.0000093e-08,0.0,0.0,0.0,0.0,0.0,0.0,0.0,0.0,24
137738803,137738080,-0.7273408,-0.019991938,-0.00021403906,-0.68598515,-0.074429154,-0.088450894,-0.0021448263,-1.1563346,0.7124083,-1.2022344,3.3591292e-05,4.4753906e-05,4.812086e-05,-4.0069222e-05,0.0011109652,-0.000131467,0.24835166,3.8754018e-09,0.3067867,0.0,0.0,0.0,0.0,0.0,1.7570157e-05,6.3424586e-06,6.3632983e-06,1.906802e-05,0.0020961002,0.002096084,0.0017798841,0.0009223796,0.00092238165,0.00086127414,1.8296269e-11,1.830605e-11,3.317501e-11,1.505127e-07,1.5051862e-07,5e-08,0.0,0.0,0.0,0.0,0.0,0.0,0.0,0.0,24
138744257,138743758,-0.72352123,-0.019098215,-0.007261878,-0.6899997,-0.04070417,-0.09038218,-0.008610641,-1.1979785,0.63623023,-1.2003736,3.356116e-05,4.47154e-05,4.6902493e-05,-3.9830404e-05,0.0011113668,-0.00013136893,0.24835166,3.8754018e-09,0.3067867,0.0,0.0,0.0,0.0,0.0,1.7657903e-05,6.3478933e-06,6.366939e-06,1.8968813e-05,0.0021129085,0.0021128587,0.0017819552,0.0009207701,0.00092080317,0.00086032104,1.8300448e-11,1.8311592e-11,3.3168995e-11,1.5050578e-07,1.505118e-07,5.000009e-08,0.0,0.0,0.0,0.0,0.0,0.0,0.0,0.0,24
139740831,139740465,-0.72323436,-0.021270357,0.0021295927,-0.69027185,-0.038582943,-0.088583365,0.0058688046,-1.25023,0.5377691,-1.1955278,3.3376135e-05,4.473832e-05,4.554806e-05,-3.9442555e-05,0.0011116224,-0.00013407214,0.24835166,3.8754018e-09,0.3067867,0.0,0.0,0.0,0.0,0.0,1.7557282e-05,6.3437788e-06,6.3694497e-06,1.9059176e-05,0.0021216916,0.0021216727,0.0017893747,0.00092896126,0.0009289458,0.00086672127,1.8302037e-11,1.8312763e-11,3.316412e-11,1.505057e-07,1.5051211e-07,5.0000093e-08,0.0,0.0,0.0,0.0,0.0,0.0,0.0,0.0,24
140737905,140737219,-0.72569036,-0.023805024,-0.0015248695,-0.6876078,-0.03857904,-0.09694521,-0.014501632,-1.2779224,0.44616833,-1.1880316,3.3346427e-05,4.474828e-05,4.3936077e-05,-3.934341e-05,0.0011116291,-0.00013043781,0.24835166,3.8754018e-09,0.3067867,0.0,0.0,0.0,0.0,0.0,1.7304095e-05,6.33495e-06,6.3660523e-06,1.9302046e-05,0.0021043369,0.0021043646,0.0017776933,0.0009207241,0.0009207197,0.0008602069,1.8296049e-11,1.8305862e-11,3.3161182e-11,1.5050875e-07,1.505155e-07,5e-08,0.0,0.0,0.0,0.0,0.0,0.0,0.0,0.0,24
141734481,141734086,-0.7291757,-0.020976206,-0.00090091967,-0.6840045,-0.012997707,-0.08789025,0.013962123,-1.3095578,0.3689793,-1.1732256,3.331042e-05,4.477135e-05,4.198416e-05,-3.8907612e-05,0.0011118493,-0.00014023713,0.24835166,3.8754018e-09,0.3067867,0.0,0.0,0.0,0.0,0.0,1.6990425e-05,6.3422785e-06,6.3674256e-06,1.9614034e-05,0.0021101942,0.002110215,0.001782514,0.000920479,0.00092048064,0.00086009514,1.8300958e-11,1.8309926e-11,3.3159142e-11,1.5050864e-07,1.5051575e-07,5.000009e-08,0.0,0.0,0.0,0.0,0.0,0.0,0.0,0.0,24
142744732,142744259,-0.72354114,-0.024309501,0.0032796392,-0.68984526,-0.021807479,-0.037778094,-0.012246854,-1.3364283,0.3032938,-1.1989605,3.32392e-05,4.483441e-05,3.996041e-05,-3.7445683e-05,0.0011119354,-0.00012957079,0.24835166,3.8754018e-09,0.3067867,0.0,0.0,0.0,0.0,0.0,1.7146696e-05,6.335234e-06,6.3649163e-06,1.9447012e-05,0.0021130336,0.0021129495,0.0017866514,0.00092652667,0.0009265276,0.0008637786,1.8298354e-11,1.8306913e-11,3.31572e-11,1.5049045e-07,1.5049837e-07,5.000009e-08,0.0,0.0,0.0,0.0,0.0,0.0,0.0,0.0,24
143733604,143731937,-0.72222424,-0.022667248,-0.001088832,-0.6912867,0.005589926,-0.04501897,-0.0175659,-1.342787,0.26078293,-1.203692,3.318721e-05,4.4752887e-05,3.7887457e-05,-3.7603495e-05,0.0011119223,-0.00013582007,0.24835166,3.8754018e-09,0.3067867,0.0,0.0,0.0,0.0,0.0,1.711547e-05,6.3224566e-06,6.3489038e-06,1.9532055e-05,0.0020911957,0.0020912439,0.0017745087,0.00091726606,0.00091727346,0.000856731,1.8290312e-11,1.8299227e-11,3.317642e-11,1.5048302e-07,1.504917e-07,5e-08,0.0,0.0,0.0,0.0,0.0,0.0,0.0,0.0,24
144738120,144737529,-0.72291774,-0.016810643,0.00032504453,-0.69072956,0.022016725,-0.043371532,-0.00092230417,-1.3376858,0.21949744,-1.2030799,3.3114437e-05,4.464108e-05,3.5719866e-05,-3.7508373e-05,0.0011120801,-0.00014473233,0.24835166,3.8754018e-09,0.3067867,0.0,0.0,0.0,0.0,0.0,1.6930086e-05,6.327606e-06,6.345034e-06,1.9657484e-05,0.0021213358,0.002121343,0.0017800482,0.0009197705,0.0009197751,0.00085895706,1.8295388e-11,1.83042e-11,3.3151943e-11,1.5048813e-07,1.504973e-07,5e-08,0.0,0.0,0.0,0.0,0.0,0.0,0.0,0.0,24
145739094,145738745,-0.7250356,-0.026849136,-3.7923946e-05,-0.6881879,0.030392637,-0.03747116,0.00029469756,-1.2911173,0.1551336,-1.1991007,3.312657e-05,4.449863e-05,3.341185e-05,-3.824805e-05,0.0011113295,-0.00013905382,0.24835166,3.8754018e-09,0.3067867,0.0,0.0,0.0,0.0,0.0,1.6701608e-05,6.3231055e-06,6.360651e-06,1.9922545e-05,0.002093869,0.0020938974,0.0017727691,0.0009144662,0.00091446226,0.0008549174,1.8293478e-11,1.8301844e-11,3.316843e-11,1.504943e-07,1.5050362e-07,5.000009e-08,0.0,0.0,0.0,0.0,0.0,0.0,0.0,0.0,24
146745156,146744473,-0.7255855,-0.020108784,-0.00023121134,-0.68783814,0.050014455,-0.026825769,0.013167044,-1.2645711,0.13091393,-1.1916997,3.309353e-05,4.4448363e-05,3.084945e-05,-3.8022747e-05,0.0011115172,-0.00013857702,0.24835166,3.8754018e-09,0.3067867,0.0,0.0,0.0,0.0,0.0,1.6531414e-05,6.331895e-06,6.3557054e-06,2.0064526e-05,0.002133982,0.002134005,0.0018050532,0.0009453096,0.00094531605,0.0008802313,1.8306202e-11,1.8313472e-11,3.3156387e-11,1.504911e-07,1.5050027e-07,5.0000093e-08,0.0,0.0,0.0,0.0,0.0,0.0,0.0,0.0,24
147741826,147741405,-0.72706497,-0.016096419,0.0032530986,-0.68637234,0.06001624,-0.03400208,-0.006051061,-1.2119585,0.09630964,-1.1924373,3.3072072e-05,4.429646e-05,2.8102138e-05,-3.8545146e-05,0.0011115829,-0.00013345272,0.24835166,3.8754018e-09,0.3067867,0.0,0.0,0.0,0.0,0.0,1.6330843e-05,6.316625e-06,6.3336315e-06,2.0294661e-05,0.0021147327,0.0021147276,0.0017892888,0.00092908624,0.00092908816,0.00086672563,1.8297452e-11,1.8304046e-11,3.3166466e-11,1.5047706e-07,1.5048607e-07,5.0000093e-08,0.0,0.0,0.0,0.0,0.0,0.0,0.0,0.0,24
148743931,148742445,-0.7276567,-0.022697672,-0.0017630457,-0.6855637,0.06773971,-0.027760368,0.010525297,-1.1311235,0.064917825,-1.1934072,3.299669e-05,4.4246255e-05,2.5493822e-05,-3.8233895e-05,0.0011118738,-0.00013908501,0.24835166,3.8754018e-09,0.3067867,0.0,0.0,0.0,0.0,0.0,1.6166381e-05,6.30669e-06,6.3361495e-06,2.0443576e-05,0.0020867854,0.0020868164,0.001773054,0.0009146274,0.0009146322,0.00085500465,1.8292718e-11,1.8299178e-11,3.316397e-11,1.5046213e-07,1.5047083e-07,5e-08,0.0,0.0,0.0,0.0,0.0,0.0,0.0,0.0,24
149739707,149739227,-0.7330644,-0.01824857,0.00044060178,-0.67991424,0.095420025,-0.008197575,0.002685951,-1.0626963,0.05420229,-1.1889291,3.289629e-05,4.420629e-05,2.2895321e-05,-3.7569105e-05,0.0011124306,-0.000139732,0.24835166,3.8754018e-09,0.3067867,0.0,0.0,0.0,0.0,0.0,1.5771646e-05,6.3107536e-06,6.3322386e-06,2.0838932e-05,0.0021034142,0.0021034612,0.0017828528,0.0009230678,0.0009230709,0.00086136546,1.8298424e-11,1.8304308e-11,3.3163486e-11,1.5044427e-07,1.5045224e-07,5.000009e-08,0.0,0.0,0.0,0.0,0.0,0.0,0.0,0.0,24
150740945,150740322,-0.73642975,-0.016240394,0.004722805,-0.67630255,0.09405657,-0.012385863,0.0028286248,-0.9694313,0.041069947,-1.1878994,3.2815944e-05,4.4004286e-05,2.0367761e-05,-3.769878e-05,0.0011134418,-0.00014102961,0.24835166,3.8754018e-09,0.3067867,0.0,0.0,0.0,0.0,0.0,1.548888e-05,6.3072157e-06,6.3249195e-06,2.1118269e-05,0.002097265,0.0020972786,0.0017811964,0.0009207495,0.0009207539,0.00086018763,1.830008e-11,1.8305888e-11,3.3162473e-11,1.5040196e-07,1.504096e-07,5.0000093e-08,0.0,0.0,0.0,0.0,0.0,0.0,0.0,0.0,24
151742231,151741587,-0.73716545,-0.023408895,-0.00095954916,-0.6753061,0.09939925,-0.014696273,-0.013148922,-0.8559419,0.022866875,-1.191803,3.276924e-05,4.3812768e-05,1.786646e-05,-3.802886e-05,0.0011147424,-0.00014241807,0.24835166,3.8754018e-09,0.3067867,0.0,0.0,0.0,0.0,0.0,1.5343001e-05,6.3002253e-06,6.3322927e-06,2.1249267e-05,0.002100602,0.0021006756,0.0017795052,0.0009190156,0.0009190196,0.0008580016,1.830385e-11,1.8309299e-11,3.3161293e-11,1.5031857e-07,1.5032566e-07,5.000009e-08,0.0,0.0,0.0,0.0,0.0,0.0,0.0,0.0,24
152735409,152733786,-0.73239756,-0.018899783,0.0016296116,-0.68061304,0.1341976,-0.014869362,0.003606374,-0.75561047,0.011801913,-1.189283,3.2760363e-05,4.373056e-05,1.5498552e-05,-3.818959e-05,0.0011153631,-0.00014975654,0.24835166,3.8754018e-09,0.3067867,0.0,0.0,0.0,0.0,0.0,1.551441e-05,6.2926233e-06,6.3158172e-06,2.107976e-05,0.0021095802,0.0021096675,0.0017844343,0.000926047,0.00092605245,0.00086409843,1.830792e-11,1.8312121e-11,3.31613e-11,1.5025012e-07,1.5025627e-07,5e-08,0.0,0.0,0.0,0.0,0.0,0.0,0.0,0.0,24
153740233,153739472,-0.7309368,-0.018343963,0.0020933913,-0.6821954,0.08846679,-0.010746747,-0.01161748,-0.6406086,0.0028909633,-1.2035784,3.2619268e-05,4.3688724e-05,1.3184606e-05,-3.8423503e-05,0.001114771,-0.00014414109,0.24835166,3.8754018e-09,0.3067867,0.0,0.0,0.0,0.0,0.0,1.5526835e-05,6.28705e-06,6.3093494e-06,2.1094056e-05,0.0020818736,0.0020820347,0.0017583661,0.0008977739,0.0008977803,0.0008402644,1.8302547e-11,1.8306317e-11,3.317111e-11,1.5024015e-07,1.5024624e-07,5e-08,0.0,0.0,0.0,0.0,0.0,0.0,0.0,0.0,24
154736934,154736352,-0.72805744,-0.02304567,-0.0019513527,-0.6851259,0.12239369,-0.0089387745,0.00272319,-0.5184273,-0.0019715524,-1.2036688,3.2580232e-05,4.3661068e-05,1.1046286e-05,-3.807794e-05,0.0011152638,-0.00015201108,0.24835166,3.8754018e-09,0.3067867,0.0,0.0,0.0,0.0,0.0,1.5622252e-05,6.2923127e-06,6.323634e-06,2.1015561e-05,0.0021032966,0.002103324,0.0017823258,0.0009221654,0.0009221717,0.000860858,1.8312043e-11,1.8315127e-11,3.3180483e-11,1.5024696e-07,1.5025306e-07,5e-08,0.0,0.0,0.0,0.0,0.0,0.0,0.0,0.0,24
155742591,155737395,-0.72319347,-0.022252398,0.001801963,-0.69028467,0.123245366,-0.0064727855,-0.0021999192,-0.41256088,-0.010928736,-1.2037774,3.2507232e-05,4.361658e-05,8.9287e-06,-3.7688456e-05,0.0011158331,-0.00015019931,0.24835166,3.8754018e-09,0.3067867,0.0,0.0,0.0,0.0,0.0,1.5819249e-05,6.293958e-06,6.3226767e-06,2.0815436e-05,0.0020964046,0.0020964365,0.0017781502,0.0009192186,0.0009192205,0.0008591091,1.8309663e-11,1.8311894e-11,3.31793e-11,1.50246e-07,1.5025222e-07,5e-08,0.0,0.0,0.0,0.0,0.0,0.0,0.0,0.0,24
156743644,156743125,-0.7245162,-0.019555932,0.0006104435,-0.68898016,0.08949147,0.0033561666,0.003249405,-0.29966342,-0.00817853,-1.2020868,3.246591e-05,4.3506367e-05,6.6611938e-06,-3.770417e-05,0.0011153767,-0.00014709884,0.24835166,3.8754018e-09,0.3067867,0.0,0.0,0.0,0.0,0.0,1.5693853e-05,6.297739e-06,6.321563e-06,2.0940968e-05,0.0020929968,0.0020930474,0.0017797572,0.00091921666,0.00091921893,0.00085862074,1.8308117e-11,1.8310143e-11,3.3178335e-11,1.5022738e-07,1.5023384e-07,5.000009e-08,0.0,0.0,0.0,0.0,0.0,0.0,0.0,0.0,24
157740229,157739876,-0.7214427,-0.025805864,-0.002781797,-0.69198763,0.09020495,0.0054133544,-0.003317874,-0.19325459,-0.011305009,-1.2051917,3.2441956e-05,4.3323114e-05,4.744407e-06,-3.724255e-05,0.0011150554,-0.00014221294,0.24835166,3.8754018e-09,0.3067867,0.0,0.0,0.0,0.0,0.0,1.5808386e-05,6.29698e-06,6.3326497e-06,2.0814725e-05,0.0021285694,0.002128597,0.0017952211,0.00095069443,0.00095069635,0.0008871904,1.8309673e-11,1.8311384e-11,3.317759e-11,1.5021385e-07,1.5022016e-07,5.0000093e-08,0.0,0.0,0.0,0.0,0.0,0.0,0.0,0.0,24
158741404,158741046,-0.7160291,-0.023028132,-0.00046707073,-0.6976904,0.07343096,0.017556353,0.0062865745,-0.12571599,-0.0013589779,-1.1966141,3.2339765e-05,4.3241937e-05,2.7149383e-06,-3.7270802e-05,0.0011149619,-0.00014212086,0.24835166,3.8754018e-09,0.3067867,0.0,0.0,0.0,0.0,0.0,1.6051466e-05,6.294682e-06,6.322941e-06,2.0572976e-05,0.0021127006,0.0021127034,0.0017867679,0.0009235675,0.0009235706,0.000862333,1.8306918e-11,1.8308004e-11,3.3176746e-11,1.50209e-07,1.5021541e-07,5.0000093e-08,0.0,0.0,0.0,0.0,0.0,0.0,0.0,0.0,24
159738266,159737754,-0.7224704,-0.0217757,-0.00063071423,-0.6910585,0.035988156,0.0011995889,-0.010481229,-0.06553321,0.0015898454,-1.2012684,3.2232067e-05,4.315024e-05,8.299351e-07,-3.8201164e-05,0.0011142482,-0.0001387553,0.24835166,3.8754018e-09,0.3067867,0.0,0.0,0.0,0.0,0.0,1.5694333e-05,6.290058e-06,6.3155653e-06,2.092885e-05,0.0021106785,0.0021106421,0.0017825494,0.00092216645,0.0009221587,0.0008608887,1.8301253e-11,1.8301867e-11,3.3174755e-11,1.5019123e-07,1.5019782e-07,5.000009e-08,0.0,0.0,0.0,0.0,0.0,0.0,0.0,0.0,24
160744122,160743686,-0.7253861,-0.021296607,-0.0014955266,-0.6880111,0.053100333,0.022258956,0.010322652,-0.021977413,0.015970262,-1.2003863,3.2151063e-05,4.3151373e-05,-1.1930128e-06,-3.770829e-05,0.0011150275,-0.00014421892,0.24835166,3.8754018e-09,0.3067867,0.0,0.0,0.0,0.0,0.0,1.5523796e-05,6.297556e-06,6.3225098e-06,2.1124042e-05,0.0021347676,0.0021348526,0.0018027518,0.00094370486,0.00094370864,0.00087990914,1.8310454e-11,1.831088e-11,3.3182113e-11,1.5018902e-07,1.5019559e-07,5.0000093e-08,0.0,0.0,0.0,0.0,0.0,0.0,0.0,0.0,24
161731956,161731344,-0.72862834,-0.022561263,0.0006323029,-0.68453735,0.057695482,-0.010125002,0.017508712,0.033115935,0.014848462,-1.1812431,3.214123e-05,4.2967786e-05,-2.8290913e-06,-3.8237864e-05,0.0011150759,-0.0001429782,0.24835166,3.8754018e-09,0.3067867,0.0,0.0,0.0,0.0,0.0,1.5344953e-05,6.2849213e-06,6.312791e-06,2.130042e-05,0.0020709473,0.0020709506,0.001754535,0.0008956583,0.0008956649,0.0008383892,1.8291717e-11,1.8292997e-11,3.3179667e-11,1.50191e-07,1.5019755e-07,5e-08,0.0,0.0,0.0,0.0,0.0,0.0,0.0,0.0,24
162742129,162741527,-0.72923595,-0.02369034,-0.002265167,-0.68384844,0.030930733,0.011474828,-0.0022458127,0.07501156,0.017157601,-1.1900529,3.2084492e-05,4.2975415e-05,-4.335329e-06,-3.854922e-05,0.0011141766,-0.00013080012,0.24835166,3.8754018e-09,0.3067867,0.0,0.0,0.0,0.0,0.0,1.532636e-05,6.279757e-06,6.311295e-06,2.1341899e-05,0.002091363,0.0020913407,0.0017770783,0.00092130364,0.00092130335,0.0008597251,1.8298753e-11,1.8300054e-11,3.3186762e-11,1.501681e-07,1.5017474e-07,5e-08,0.0,0.0,0.0,0.0,0.0,0.0,0.0,0.0,24
163743248,163742635,-0.7273851,-0.022226516,-0.0023891996,-0.68586534,0.04645973,0.003928277,0.0024727178,0.11179132,0.028019905,-1.1916606,3.2067615e-05,4.293575e-05,-5.913179e-06,-3.915563e-05,0.0011136952,-0.00013398984,0.24835166,3.8754018e-09,0.3067867,0.0,0.0,0.0,0.0,0.0,1.5398797e-05,6.287533e-06,6.315937e-06,2.12099e-05,0.0021321229,0.0021321683,0.0017879668,0.00092494074,0.0009249418,0.00086306187,1.8310872e-11,1.8312237e-11,3.3163354e-11,1.5014714e-07,1.5015378e-07,5.000009e-08,0.0,0.0,0.0,0.0,0.0,0.0,0.0,0.0,24
164739814,164739390,-0.7240463,-0.023132311,-0.0009994942,-0.68936265,0.013840106,0.0003162832,-0.0052193007,0.13523152,0.021723103,-1.1913259,3.1914366e-05,4.2849806e-05,-7.3065207e-06,-3.9232626e-05,0.0011136022,-0.00013142316,0.24835166,3.8754018e-09,0.3067867,0.0,0.0,0.0,0.0,0.0,1.5605794e-05,6.2798267e-06,6.3100274e-06,2.1057567e-05,0.0020968993,0.0020968711,0.0017759183,0.0009149811,0.0009149775,0.000854585,1.8306225e-11,1.8307678e-11,3.3181593e-11,1.5014386e-07,1.5015056e-07,5.000009e-08,0.0,0.0,0.0,0.0,0.0,0.0,0.0,0.0,24
165737482,165736046,-0.7251984,-0.016468173,-0.0019242945,-0.6883404,-0.0019663195,-0.004667382,0.026049236,0.13344482,0.026457133,-1.1917777,3.18428e-05,4.291157e-05,-8.627646e-06,-3.951635e-05,0.0011133637,-0.00013571633,0.24835166,3.8754018e-09,0.3067867,0.0,0.0,0.0,0.0,0.0,1.5570044e-05,6.284824e-06,6.303373e-06,2.1098893e-05,0.002087825,0.0020877959,0.0017756621,0.0009165513,0.00091654935,0.00085673865,1.8306868e-11,1.8307918e-11,3.3179137e-11,1.5015176e-07,1.5015844e-07,5e-08,0.0,0.0,0.0,0.0,0.0,0.0,0.0,0.0,24
166742521,166741774,-0.72635955,-0.023787268,0.0003991135,-0.68690306,-0.019097488,-0.0059423796,-0.038366962,0.13600618,0.014248378,-1.1970838,3.1927073e-05,4.3010037e-05,-9.86254e-06,-3.948409e-05,0.0011133342,-0.00012291793,0.24835166,3.8754018e-09,0.3067867,0.0,0.0,0.0,0.0,0.0,1.5522775e-05,6.286002e-06,6.316743e-06,2.1133674e-05,0.0021082836,0.0021082968,0.0017755443,0.00091720786,0.00091720576,0.000856236,1.8306365e-11,1.8306882e-11,3.3175573e-11,1.5015704e-07,1.5016371e-07,5e-08,0.0,0.0,0.0,0.0,0.0,0.0,0.0,0.0,24
167739206,167738682,-0.72837424,-0.019642329,-0.0014926955,-0.68489635,-0.006080613,0.00057948485,0.005539955,0.12793843,0.027870052,-1.1977862,3.2086333e-05,4.3129996e-05,-1.0839654e-05,-3.9439557e-05,0.0011131098,-0.00013548233,0.24835166,3.8754018e-09,0.3067867,0.0,0.0,0.0,0.0,0.0,1.5460682e-05,6.2789827e-06,6.302568e-06,2.1199037e-05,0.0020940506,0.0020940737,0.0017778635,0.0009178225,0.00091782043,0.00085748336,1.8304462e-11,1.8305234e-11,3.3173263e-11,1.5016454e-07,1.5017123e-07,5.000009e-08,0.0,0.0,0.0,0.0,0.0,0.0,0.0,0.0,24
168735741,168735191,-0.7275571,-0.023232898,-0.0010723271,-0.6856528,0.0085899355,-0.009295296,-0.007547327,0.14134596,0.015377671,-1.2024106,3.2229167e-05,4.3053307e-05,-1.17363725e-05,-3.9754766e-05,0.0011129956,-0.00013218666,0.24835166,3.8754018e-09,0.3067867,0.0,0.0,0.0,0.0,0.0,1.5550691e-05,6.2742956e-06,6.3052144e-06,2.1131056e-05,0.0020817472,0.0020817658,0.0017627489,0.00090261694,0.00090262067,0.0008437765,1.8299397e-11,1.8300928e-11,3.3180625e-11,1.501725e-07,1.5017922e-07,5e-08,0.0,0.0,0.0,0.0,0.0,0.0,0.0,0.0,24
169741796,169740921,-0.7235261,-0.022968812,0.00028148058,-0.6899148,0.0016163072,0.0018106911,0.8003166,0.14757286,0.013086931,-0.72795314,3.220909e-05,4.304836e-05,-1.31504485e-05,-3.990502e-05,0.0011125517,-0.0003065245,0.24835166,3.8754018e-09,0.3067867,0.0,0.0,0.0,0.0,0.0,1.5756817e-05,6.3478856e-06,6.3780635e-06,2.08916e-05,0.0020222622,0.0020222357,0.0017821703,0.0009092642,0.0009092613,0.0008605208,1.8336693e-11,1.8338754e-11,3.3165908e-11,1.5013151e-07,1.5013826e-07,5.0000093e-08,0.0,0.0,0.0,0.0,0.0,0.0,0.0,0.0,24
170742721,170742139,-0.7221639,-0.023315523,-0.00037070218,-0.6913289,0.008826796,0.0039217602,0.54735136,0.15341179,0.020570772,-0.21812566,3.2231368e-05,4.296015e-05,-1.698538e-05,-4.059258e-05,0.0011135892,-0.00014936355,0.24835166,3.8754018e-09,0.3067867,0.0,0.0,0.0,0.0,0.0,1.5721944e-05,6.45797e-06,6.4888964e-06,2.0982186e-05,0.0020967638,0.0020967592,0.0017748112,0.00091373606,0.00091373397,0.0008545706,1.8355487e-11,1.8358037e-11,3.318419e-11,1.5003071e-07,1.500376e-07,5e-08,0.0,0.0,0.0,0.0,0.0,0.0,0.0,0.0,24
171734959,171734379,-0.70547974,-0.018076634,-0.0036207403,-0.7084903,-0.0017805733,-0.012205033,-0.09945281,0.18130386,-0.0016442263,-0.2204212,3.2236632e-05,4.2852083e-05,-2.3530567e-05,-3.9414474e-05,0.001114784,-8.066131e-05,0.24835166,3.8754018e-09,0.3067867,0.0,0.0,0.0,0.0,0.0,1.628193e-05,5.971064e-06,5.9936892e-06,2.0383688e-05,0.0030150705,0.0030148986,0.0014325915,0.0010546945,0.0010546814,0.0008550491,1.8329706e-11,1.8332212e-11,3.3158084e-11,1.5003161e-07,1.500385e-07,5.0001226e-08,0.0,0.0,0.0,0.0,0.0,0.0,0.0,0.0,24
172736343,172735801,-0.6968914,-0.01904392,-0.0031633545,-0.7169169,0.024019616,0.009373067,-0.045361366,0.18838528,0.008954738,-0.23428974,3.1984295e-05,4.2783537e-05,-3.0281373e-05,-4.2083193e-05,0.0011145222,-0.00013268238,0.24835166,3.8754018e-09,0.3067867,0.0,0.0,0.0,0.0,0.0,1.6432832e-05,3.965189e-06,3.9850743e-06,2.0228352e-05,0.0030184328,0.003018091,0.0017434778,0.0011432325,0.0011431731,0.0008450529,1.8573414e-11,1.8575884e-11,3.3156096e-11,1.4978855e-07,1.497954e-07,5.0000363e-08,0.0,0.0,0.0,0.0,0.0,0.0,0.0,0.0,24
173738140,173736779,-0.68846756,-0.019436259,-0.0039868783,-0.72499573,0.046119742,0.0123561155,-0.00047285738,0.200117,0.012005209,-0.21106876,3.1451193e-05,4.2477037e-05,-3.652602e-05,-4.2083193e-05,0.0011145222,-0.00022600024,0.24835166,3.8754018e-09,0.3067867,0.0,0.0,0.0,0.0,0.0,1.6639211e-05,2.9095074e-06,2.928578e-06,2.0075931e-05,0.0024987606,0.002499113,0.0019222777,0.0010747724,0.001074802,0.000926222,1.918099e-11,1.9184892e-11,3.3174963e-11,1.4978855e-07,1.497954e-07,5.000036e-08,0.0,0.0,0.0,0.0,0.0,0.0,0.0,0.0,24
