timestamp,roll_body,pitch_body,yaw_body,yaw_sp_move_rate,q_d[0],q_d[1],q_d[2],q_d[3],thrust_body[0],thrust_body[1],thrust_body[2],roll_reset_integral,pitch_reset_integral,yaw_reset_integral,fw_control_yaw,apply_flaps
438341077,0.0,-0.0,1.6941134,0.0,0.6621915,0.0,0.0,0.74933463,0.0,0.0,-0.001,0,0,0,0,0
438351501,0.0,-0.0,1.6941166,0.0,0.6621903,0.0,0.0,0.7493357,0.0,0.0,-0.001,0,0,0,0,0
438401192,0.0,-0.0,1.6941009,0.0,0.6621962,0.0,0.0,0.74933046,0.0,0.0,-0.001,0,0,0,0,0
438451019,0.0,-0.0,1.694088,0.0,0.66220105,0.0,0.0,0.7493262,0.0,0.0,-0.001,0,0,0,0,0
438501300,0.0,-0.0,1.694053,0.0,0.66221416,0.0,0.0,0.7493146,0.0,0.0,-0.001,0,0,0,0,0
438541195,0.0,-0.0,1.6940316,0.0,0.66222215,0.0,0.0,0.74930763,0.0,0.0,-0.001,0,0,0,0,0
438601242,0.0,-0.0,1.6940149,0.0,0.6622284,0.0,0.0,0.74930215,0.0,0.0,-0.001,0,0,0,0,0
438651369,0.0,-0.0,1.694012,0.0,0.6622295,0.0,0.0,0.74930114,0.0,0.0,-0.001,0,0,0,0,0
438701167,0.0,-0.0,1.693988,0.0,0.66223854,0.0,0.0,0.7492931,0.0,0.0,-0.001,0,0,0,0,0
438751294,0.0,-0.0,1.6939504,0.0,0.6622526,0.0,0.0,0.74928075,0.0,0.0,-0.001,0,0,0,0,0
438801306,0.0,-0.0,1.693937,0.0,0.6622576,0.0,0.0,0.7492762,0.0,0.0,-0.001,0,0,0,0,0
438851410,0.0,-0.0,1.6939247,0.0,0.66226226,0.0,0.0,0.74927205,0.0,0.0,-0.001,0,0,0,0,0
438901311,0.0,-0.0,1.6939393,0.0,0.6622568,0.0,0.0,0.74927694,0.0,0.0,-0.001,0,0,0,0,0
438951299,0.0,-0.0,1.693926,0.0,0.6622617,0.0,0.0,0.7492726,0.0,0.0,-0.001,0,0,0,0,0
439001259,0.0,-0.0,1.6939325,0.0,0.6622593,0.0,0.0,0.74927473,0.0,0.0,-0.001,0,0,0,0,0
439051287,0.0,-0.0,1.6938993,0.0,0.66227174,0.0,0.0,0.74926376,0.0,0.0,-0.001,0,0,0,0,0
439101430,0.0,-0.0,1.693875,0.0,0.66228086,0.0,0.0,0.7492557,0.0,0.0,-0.001,0,0,0,0,0
439151238,0.0,-0.0,1.693841,0.0,0.66229355,0.0,0.0,0.7492445,0.0,0.0,-0.001,0,0,0,0,0
439201314,0.0,-0.0,1.6938316,0.0,0.6622971,0.0,0.0,0.74924123,0.0,0.0,-0.001,0,0,0,0,0
439251415,0.0,-0.0,1.6938269,0.0,0.66229886,0.0,0.0,0.74923974,0.0,0.0,-0.001,0,0,0,0,0
439301365,0.0,-0.0,1.6938298,0.0,0.6622978,0.0,0.0,0.74924076,0.0,0.0,-0.001,0,0,0,0,0
439351451,0.0,-0.0,1.6938113,0.0,0.6623047,0.0,0.0,0.7492346,0.0,0.0,-0.001,0,0,0,0,0
439401482,0.0,-0.0,1.6938237,0.0,0.66230005,0.0,0.0,0.7492388,0.0,0.0,-0.001,0,0,0,0,0
439451371,0.0,-0.0,1.6938217,0.0,0.6623008,0.0,0.0,0.7492381,0.0,0.0,-0.001,0,0,0,0,0
439501439,0.0,-0.0,1.6938325,0.0,0.6622968,0.0,0.0,0.7492416,0.0,0.0,-0.001,0,0,0,0,0
439551409,0.0,-0.0,1.6938324,0.0,0.6622968,0.0,0.0,0.74924165,0.0,0.0,-0.001,0,0,0,0,0
439601673,0.0,-0.0,1.6938627,0.0,0.66228545,0.0,0.0,0.7492516,0.0,0.0,-0.001,0,0,0,0,0
439651624,0.0,-0.0,1.6938843,0.0,0.6622774,0.0,0.0,0.74925876,0.0,0.0,-0.001,0,0,0,0,0
439701591,0.0,-0.0,1.6938753,0.0,0.66228074,0.0,0.0,0.7492558,0.0,0.0,-0.001,0,0,0,0,0
439751376,0.0,-0.0,1.6938629,0.0,0.6622854,0.0,0.0,0.74925166,0.0,0.0,-0.001,0,0,0,0,0
439801611,0.0,-0.0,1.6938615,0.0,0.6622859,0.0,0.0,0.74925125,0.0,0.0,-0.001,0,0,0,0,0
439851770,0.0,-0.0,1.6938906,0.0,0.662275,0.0,0.0,0.74926084,0.0,0.0,-0.001,0,0,0,0,0
439901492,0.0,-0.0,1.6938913,0.0,0.6622747,0.0,0.0,0.7492611,0.0,0.0,-0.001,0,0,0,0,0
439941554,0.0,-0.0,1.693882,0.0,0.66227823,0.0,0.0,0.7492581,0.0,0.0,-0.001,0,0,0,0,0
440001701,0.0,-0.0,1.6938492,0.0,0.6622905,0.0,0.0,0.74924713,0.0,0.0,-0.001,0,0,0,0,0
440051517,0.0,-0.0,1.6938595,0.0,0.6622867,0.0,0.0,0.74925053,0.0,0.0,-0.001,0,0,0,0,0
440101941,0.0,-0.0,1.6938468,0.0,0.6622914,0.0,0.0,0.74924636,0.0,0.0,-0.001,0,0,0,0,0
440151489,0.0,-0.0,1.6938373,0.0,0.662295,0.0,0.0,0.74924326,0.0,0.0,-0.001,0,0,0,0,0
440201699,0.0,-0.0,1.6938529,0.0,0.66228914,0.0,0.0,0.74924845,0.0,0.0,-0.001,0,0,0,0,0
440251714,0.0,-0.0,1.6938552,0.0,0.66228825,0.0,0.0,0.74924916,0.0,0.0,-0.001,0,0,0,0,0
440301605,0.0,-0.0,1.6938372,0.0,0.66229504,0.0,0.0,0.74924314,0.0,0.0,-0.001,0,0,0,0,0
440351859,0.0,-0.0,1.6938297,0.0,0.66229784,0.0,0.0,0.7492407,0.0,0.0,-0.001,0,0,0,0,0
440401839,0.0,-0.0,1.6938299,0.0,0.6622977,0.0,0.0,0.7492408,0.0,0.0,-0.001,0,0,0,0,0
440451566,0.0,-0.0,1.6938095,0.0,0.66230536,0.0,0.0,0.749234,0.0,0.0,-0.001,0,0,0,0,0
440501636,0.0,-0.0,1.6937995,0.0,0.6623091,0.0,0.0,0.7492307,0.0,0.0,-0.001,0,0,0,0,0
440551845,0.0,-0.0,1.6937814,0.0,0.6623159,0.0,0.0,0.7492247,0.0,0.0,-0.001,0,0,0,0,0
440601979,0.0,-0.0,1.6937529,0.0,0.6623266,0.0,0.0,0.74921525,0.0,0.0,-0.001,0,0,0,0,0
440642154,0.0,-0.0,1.6937699,0.0,0.6623202,0.0,0.0,0.7492209,0.0,0.0,-0.001,0,0,0,0,0
440701983,0.0,-0.0,1.6938056,0.0,0.66230685,0.0,0.0,0.74923277,0.0,0.0,-0.001,0,0,0,0,0
440751736,0.0,-0.0,1.6938276,0.0,0.66229856,0.0,0.0,0.74924004,0.0,0.0,-0.001,0,0,0,0,0
440791689,0.0,-0.0,1.6938324,0.0,0.6622968,0.0,0.0,0.74924165,0.0,0.0,-0.001,0,0,0,0,0
440852034,0.0,-0.0,1.6938715,0.0,0.66228217,0.0,0.0,0.74925447,0.0,0.0,-0.001,0,0,0,0,0
440901736,0.0,-0.0,1.6939093,0.0,0.662268,0.0,0.0,0.74926704,0.0,0.0,-0.001,0,0,0,0,0
440951938,0.0,-0.0,1.693939,0.0,0.6622569,0.0,0.0,0.7492769,0.0,0.0,-0.001,0,0,0,0,0
440991702,0.0,-0.0,1.6939694,0.0,0.66224545,0.0,0.0,0.749287,0.0,0.0,-0.001,0,0,0,0,0
441051728,0.0,-0.0,1.6940168,0.0,0.6622277,0.0,0.0,0.74930274,0.0,0.0,-0.001,0,0,0,0,0
441102294,0.0,-0.0,1.6940237,0.0,0.6622251,0.0,0.0,0.74930495,0.0,0.0,-0.001,0,0,0,0,0
441142034,0.0,-0.0,1.694014,0.0,0.66222876,0.0,0.0,0.7493018,0.0,0.0,-0.001,0,0,0,0,0
441201928,0.0,-0.0,1.6940348,0.0,0.66222095,0.0,0.0,0.7493087,0.0,0.0,-0.001,0,0,0,0,0
441251952,0.0,-0.0,1.694054,0.0,0.6622138,0.0,0.0,0.74931496,0.0,0.0,-0.001,0,0,0,0,0
441302040,0.0,-0.0,1.6940714,0.0,0.66220725,0.0,0.0,0.74932075,0.0,0.0,-0.001,0,0,0,0,0
441342050,0.0,-0.0,1.6940932,0.0,0.6621991,0.0,0.0,0.74932796,0.0,0.0,-0.001,0,0,0,0,0
441402121,0.0,-0.0,1.6941292,0.0,0.6621856,0.0,0.0,0.7493398,0.0,0.0,-0.001,0,0,0,0,0
441451958,0.0,-0.0,1.6941717,0.0,0.6621697,0.0,0.0,0.74935395,0.0,0.0,-0.001,0,0,0,0,0
441492073,0.0,-0.0,1.6942103,0.0,0.6621552,0.0,0.0,0.7493667,0.0,0.0,-0.001,0,0,0,0,0
441552028,0.0,-0.0,1.6942388,0.0,0.66214454,0.0,0.0,0.74937624,0.0,0.0,-0.001,0,0,0,0,0
441602196,0.0,-0.0,1.6942586,0.0,0.66213715,0.0,0.0,0.7493828,0.0,0.0,-0.001,0,0,0,0,0
441642420,0.0,-0.0,1.6942726,0.0,0.66213185,0.0,0.0,0.7493873,0.0,0.0,-0.001,0,0,0,0,0
441692011,0.0,-0.0,1.6943158,0.0,0.6621157,0.0,0.0,0.7494016,0.0,0.0,-0.001,0,0,0,0,0
441751993,0.0,-0.0,1.6943948,0.0,0.66208607,0.0,0.0,0.7494278,0.0,0.0,-0.001,0,0,0,0,0
441802023,0.0,-0.0,1.6944776,0.0,0.6620551,0.0,0.0,0.7494552,0.0,0.0,-0.001,0,0,0,0,0
441842197,0.0,-0.0,1.6945157,0.0,0.66204077,0.0,0.0,0.74946785,0.0,0.0,-0.001,0,0,0,0,0
441902086,0.0,-0.0,1.6945709,0.0,0.6620201,0.0,0.0,0.7494862,0.0,0.0,-0.001,0,0,0,0,0
441952089,0.0,-0.0,1.6946124,0.0,0.66200453,0.0,0.0,0.7494999,0.0,0.0,-0.001,0,0,0,0,0
441992154,0.0,-0.0,1.6946319,0.0,0.66199726,0.0,0.0,0.7495063,0.0,0.0,-0.001,0,0,0,0,0
442042301,0.0,-0.0,1.6946633,0.0,0.6619855,0.0,0.0,0.74951667,0.0,0.0,-0.001,0,0,0,0,0
442102427,0.0,-0.0,1.6947156,0.0,0.66196585,0.0,0.0,0.749534,0.0,0.0,-0.001,0,0,0,0,0
442152222,0.0,-0.0,1.6947203,0.0,0.6619641,0.0,0.0,0.74953556,0.0,0.0,-0.001,0,0,0,0,0
442192286,0.0,-0.0,1.6947249,0.0,0.6619624,0.0,0.0,0.74953705,0.0,0.0,-0.001,0,0,0,0,0
442252324,0.0,-0.0,1.6947159,0.0,0.6619658,0.0,0.0,0.7495341,0.0,0.0,-0.001,0,0,0,0,0
442302336,0.0,-0.0,1.6947182,0.0,0.6619649,0.0,0.0,0.74953485,0.0,0.0,-0.001,0,0,0,0,0
442352346,0.0,-0.0,1.6947109,0.0,0.66196764,0.0,0.0,0.7495325,0.0,0.0,-0.001,0,0,0,0,0
442402435,0.0,-0.0,1.6946834,0.0,0.66197795,0.0,0.0,0.74952334,0.0,0.0,-0.001,0,0,0,0,0
442452312,0.0,-0.0,1.6946781,0.0,0.6619799,0.0,0.0,0.7495217,0.0,0.0,-0.001,0,0,0,0,0
442502322,0.0,-0.0,1.6946937,0.0,0.6619741,0.0,0.0,0.7495268,0.0,0.0,-0.001,0,0,0,0,0
442542278,0.0,-0.0,1.6946975,0.0,0.66197264,0.0,0.0,0.749528,0.0,0.0,-0.001,0,0,0,0,0
442602707,0.0,-0.0,1.6946906,0.0,0.66197526,0.0,0.0,0.74952567,0.0,0.0,-0.001,0,0,0,0,0
442652472,0.0,-0.0,1.6947073,0.0,0.661969,0.0,0.0,0.74953127,0.0,0.0,-0.001,0,0,0,0,0
442692390,0.0,-0.0,1.6947298,0.0,0.66196054,0.0,0.0,0.7495387,0.0,0.0,-0.001,0,0,0,0,0
442742385,0.0,-0.0,1.6947374,0.0,0.6619577,0.0,0.0,0.74954116,0.0,0.0,-0.001,0,0,0,0,0
442802444,0.0,-0.0,1.6947414,0.0,0.66195625,0.0,0.0,0.7495425,0.0,0.0,-0.001,0,0,0,0,0
442852714,0.0,-0.0,1.6947277,0.0,0.6619614,0.0,0.0,0.74953806,0.0,0.0,-0.001,0,0,0,0,0
442892724,0.0,-0.0,1.6947414,0.0,0.66195625,0.0,0.0,0.7495425,0.0,0.0,-0.001,0,0,0,0,0
442952428,0.0,-0.0,1.694739,0.0,0.6619571,0.0,0.0,0.74954176,0.0,0.0,-0.001,0,0,0,0,0
443002584,0.0,-0.0,1.694734,0.0,0.661959,0.0,0.0,0.7495401,0.0,0.0,-0.001,0,0,0,0,0
443042571,0.0,-0.0,1.6947162,0.0,0.66196567,0.0,0.0,0.74953413,0.0,0.0,-0.001,0,0,0,0,0
443102715,0.0,-0.0,1.6947163,0.0,0.6619656,0.0,0.0,0.74953425,0.0,0.0,-0.001,0,0,0,0,0
443152497,0.0,-0.0,1.6947306,0.0,0.66196024,0.0,0.0,0.7495389,0.0,0.0,-0.001,0,0,0,0,0
443202604,0.0,-0.0,1.694698,0.0,0.66197246,0.0,0.0,0.7495281,0.0,0.0,-0.001,0,0,0,0,0
443242659,0.0,-0.0,1.6946882,0.0,0.6619761,0.0,0.0,0.74952495,0.0,0.0,-0.001,0,0,0,0,0
443302617,0.0,-0.0,1.6946934,0.0,0.6619742,0.0,0.0,0.7495267,0.0,0.0,-0.001,0,0,0,0,0
443352717,0.0,-0.0,1.6947093,0.0,0.66196823,0.0,0.0,0.7495319,0.0,0.0,-0.001,0,0,0,0,0
443392635,0.0,-0.0,1.694724,0.0,0.66196275,0.0,0.0,0.7495367,0.0,0.0,-0.001,0,0,0,0,0
443442972,0.0,-0.0,1.6947274,0.0,0.66196144,0.0,0.0,0.74953794,0.0,0.0,-0.001,0,0,0,0,0
443502562,0.0,-0.0,1.6947284,0.0,0.6619611,0.0,0.0,0.7495382,0.0,0.0,-0.001,0,0,0,0,0
443542565,0.0,-0.0,1.6947435,0.0,0.6619554,0.0,0.0,0.74954325,0.0,0.0,-0.001,0,0,0,0,0
443592555,0.0,-0.0,1.694731,0.0,0.6619601,0.0,0.0,0.74953914,0.0,0.0,-0.001,0,0,0,0,0
443652667,0.0,-0.0,1.6947799,0.0,0.66194177,0.0,0.0,0.7495553,0.0,0.0,-0.001,0,0,0,0,0
443702716,0.0,-0.0,1.6947963,0.0,0.6619356,0.0,0.0,0.7495607,0.0,0.0,-0.001,0,0,0,0,0
443742685,0.0,-0.0,1.6947925,0.0,0.66193706,0.0,0.0,0.7495594,0.0,0.0,-0.001,0,0,0,0,0
443802668,0.0,-0.0,1.6947653,0.0,0.66194725,0.0,0.0,0.7495505,0.0,0.0,-0.001,0,0,0,0,0
443852943,0.0,-0.0,1.6947598,0.0,0.6619493,0.0,0.0,0.7495486,0.0,0.0,-0.001,0,0,0,0,0
443892855,0.0,-0.0,1.6947452,0.0,0.66195476,0.0,0.0,0.74954385,0.0,0.0,-0.001,0,0,0,0,0
443943060,0.0,-0.0,1.6947433,0.0,0.66195554,0.0,0.0,0.7495431,0.0,0.0,-0.001,0,0,0,0,0
444002834,0.0,-0.0,1.6947333,0.0,0.66195923,0.0,0.0,0.74953985,0.0,0.0,-0.001,0,0,0,0,0
444052799,0.0,-0.0,1.6947085,0.0,0.6619685,0.0,0.0,0.74953175,0.0,0.0,-0.001,0,0,0,0,0
444092795,0.0,-0.0,1.694715,0.0,0.6619661,0.0,0.0,0.7495338,0.0,0.0,-0.001,0,0,0,0,0
444142999,0.0,-0.0,1.6946837,0.0,0.6619778,0.0,0.0,0.74952346,0.0,0.0,-0.001,0,0,0,0,0
444202964,0.0,-0.0,1.6946667,0.0,0.6619842,0.0,0.0,0.7495178,0.0,0.0,-0.001,0,0,0,0,0
444252749,0.0,-0.0,1.6946428,0.0,0.66199315,0.0,0.0,0.74950993,0.0,0.0,-0.001,0,0,0,0,0
444292795,0.0,-0.0,1.6946198,0.0,0.6620018,0.0,0.0,0.74950236,0.0,0.0,-0.001,0,0,0,0,0
444342942,0.0,-0.0,1.6945826,0.0,0.66201574,0.0,0.0,0.7494899,0.0,0.0,-0.001,0,0,0,0,0
444402869,0.0,-0.0,1.6945505,0.0,0.6620277,0.0,0.0,0.7494794,0.0,0.0,-0.001,0,0,0,0,0
444442911,0.0,-0.0,1.6945019,0.0,0.66204596,0.0,0.0,0.74946326,0.0,0.0,-0.001,0,0,0,0,0
444502933,0.0,-0.0,1.6944784,0.0,0.6620548,0.0,0.0,0.74945545,0.0,0.0,-0.001,0,0,0,0,0
444552838,0.0,-0.0,1.6944488,0.0,0.66206586,0.0,0.0,0.7494457,0.0,0.0,-0.001,0,0,0,0,0
444592956,0.0,-0.0,1.6944431,0.0,0.662068,0.0,0.0,0.74944377,0.0,0.0,-0.001,0,0,0,0,0
444643317,0.0,-0.0,1.6944097,0.0,0.6620805,0.0,0.0,0.7494327,0.0,0.0,-0.001,0,0,0,0,0
444702982,0.0,-0.0,1.694395,0.0,0.662086,0.0,0.0,0.7494279,0.0,0.0,-0.001,0,0,0,0,0
444753040,0.0,-0.0,1.6944106,0.0,0.66208017,0.0,0.0,0.74943304,0.0,0.0,-0.001,0,0,0,0,0
444793074,0.0,-0.0,1.694414,0.0,0.6620789,0.0,0.0,0.7494341,0.0,0.0,-0.001,0,0,0,0,0
444843013,0.0,-0.0,1.694387,0.0,0.66208905,0.0,0.0,0.7494252,0.0,0.0,-0.001,0,0,0,0,0
444903151,0.0,-0.0,1.6943595,0.0,0.6620993,0.0,0.0,0.7494161,0.0,0.0,-0.001,0,0,0,0,0
444943394,0.0,-0.0,1.694337,0.0,0.66210777,0.0,0.0,0.7494086,0.0,0.0,-0.001,0,0,0,0,0
444992993,0.0,-0.0,1.6943153,0.0,0.6621159,0.0,0.0,0.7494015,0.0,0.0,-0.001,0,0,0,0,0
445053138,0.0,-0.0,1.6943007,0.0,0.66212136,0.0,0.0,0.74939674,0.0,0.0,-0.001,0,0,0,0,0
445093038,0.0,-0.0,1.6942621,0.0,0.6621358,0.0,0.0,0.7493839,0.0,0.0,-0.001,0,0,0,0,0
445143328,0.0,-0.0,1.6942481,0.0,0.6621411,0.0,0.0,0.74937916,0.0,0.0,-0.001,0,0,0,0,0
445203217,0.0,-0.0,1.6941994,0.0,0.66215926,0.0,0.0,0.7493631,0.0,0.0,-0.001,0,0,0,0,0
445253037,0.0,-0.0,1.6941711,0.0,0.66216993,0.0,0.0,0.74935377,0.0,0.0,-0.001,0,0,0,0,0
445293047,0.0,-0.0,1.6941379,0.0,0.66218233,0.0,0.0,0.74934274,0.0,0.0,-0.001,0,0,0,0,0
445343091,0.0,-0.0,1.6941184,0.0,0.66218966,0.0,0.0,0.7493363,0.0,0.0,-0.001,0,0,0,0,0
445403148,0.0,-0.0,1.6940976,0.0,0.6621974,0.0,0.0,0.74932945,0.0,0.0,-0.001,0,0,0,0,0
445443185,0.0,-0.0,1.6940757,0.0,0.66220564,0.0,0.0,0.7493221,0.0,0.0,-0.001,0,0,0,0,0
445493237,0.0,-0.0,1.6940708,0.0,0.6622075,0.0,0.0,0.7493205,0.0,0.0,-0.001,0,0,0,0,0
445543354,0.0,-0.0,1.6940376,0.0,0.66221994,0.0,0.0,0.74930954,0.0,0.0,-0.001,0,0,0,0,0
445603637,0.0,-0.0,1.6940154,0.0,0.6622282,0.0,0.0,0.74930227,0.0,0.0,-0.001,0,0,0,0,0
445643638,0.0,-0.0,1.6939856,0.0,0.66223943,0.0,0.0,0.7492923,0.0,0.0,-0.001,0,0,0,0,0
445693312,0.0,-0.0,1.6939731,0.0,0.6622441,0.0,0.0,0.7492882,0.0,0.0,-0.001,0,0,0,0,0
445753319,0.0,-0.0,1.6939298,0.0,0.66226035,0.0,0.0,0.74927384,0.0,0.0,-0.001,0,0,0,0,0
445793454,0.0,-0.0,1.693884,0.0,0.66227746,0.0,0.0,0.7492588,0.0,0.0,-0.001,0,0,0,0,0
445843388,0.0,-0.0,1.693846,0.0,0.6622917,0.0,0.0,0.7492462,0.0,0.0,-0.001,0,0,0,0,0
445903474,0.0,-0.0,1.6938266,0.0,0.662299,0.0,0.0,0.7492396,0.0,0.0,-0.001,0,0,0,0,0
445953240,0.0,-0.0,1.6938287,0.0,0.6622982,0.0,0.0,0.74924034,0.0,0.0,-0.001,0,0,0,0,0
445993350,0.0,-0.0,1.6938052,0.0,0.66230696,0.0,0.0,0.74923265,0.0,0.0,-0.001,0,0,0,0,0
446043413,0.0,-0.0,1.6938102,0.0,0.6623051,0.0,0.0,0.74923426,0.0,0.0,-0.001,0,0,0,0,0
446103576,0.0,-0.0,1.6938612,0.0,0.662286,0.0,0.0,0.7492512,0.0,0.0,-0.001,0,0,0,0,0
446143619,0.0,-0.0,1.6938804,0.0,0.6622788,0.0,0.0,0.74925756,0.0,0.0,-0.001,0,0,0,0,0
446193463,0.0,-0.0,1.6939034,0.0,0.6622702,0.0,0.0,0.74926513,0.0,0.0,-0.001,0,0,0,0,0
446243517,0.0,-0.0,1.6938854,0.0,0.6622769,0.0,0.0,0.74925923,0.0,0.0,-0.001,0,0,0,0,0
446303422,0.0,-0.0,1.6938878,0.0,0.662276,0.0,0.0,0.74926,0.0,0.0,-0.001,0,0,0,0,0
446343527,0.0,-0.0,1.6938643,0.0,0.66228485,0.0,0.0,0.74925214,0.0,0.0,-0.001,0,0,0,0,0
446393820,0.0,-0.0,1.6938701,0.0,0.6622827,0.0,0.0,0.74925405,0.0,0.0,-0.001,0,0,0,0,0
446453510,0.0,-0.0,1.6938509,0.0,0.6622899,0.0,0.0,0.7492477,0.0,0.0,-0.001,0,0,0,0,0
446493449,0.0,-0.0,1.6938419,0.0,0.6622932,0.0,0.0,0.7492448,0.0,0.0,-0.001,0,0,0,0,0
446543664,0.0,-0.0,1.6938266,0.0,0.662299,0.0,0.0,0.7492396,0.0,0.0,-0.001,0,0,0,0,0
446593365,0.0,-0.0,1.6937934,0.0,0.6623114,0.0,0.0,0.7492287,0.0,0.0,-0.001,0,0,0,0,0
446653783,0.0,-0.0,1.6937846,0.0,0.6623147,0.0,0.0,0.74922574,0.0,0.0,-0.001,0,0,0,0,0
446693574,0.0,-0.0,1.6937499,0.0,0.6623277,0.0,0.0,0.74921435,0.0,0.0,-0.001,0,0,0,0,0
446743510,0.0,-0.0,1.6937293,0.0,0.66233546,0.0,0.0,0.7492074,0.0,0.0,-0.001,0,0,0,0,0
446803757,0.0,-0.0,1.6937207,0.0,0.6623387,0.0,0.0,0.74920464,0.0,0.0,-0.001,0,0,0,0,0
446843783,0.0,-0.0,1.6937262,0.0,0.6623366,0.0,0.0,0.7492064,0.0,0.0,-0.001,0,0,0,0,0
446893828,0.0,-0.0,1.6937068,0.0,0.66234386,0.0,0.0,0.7492,0.0,0.0,-0.001,0,0,0,0,0
446943557,0.0,-0.0,1.6937194,0.0,0.66233915,0.0,0.0,0.74920416,0.0,0.0,-0.001,0,0,0,0,0
446993758,0.0,-0.0,1.6937219,0.0,0.6623382,0.0,0.0,0.749205,0.0,0.0,-0.001,0,0,0,0,0
447043634,0.0,-0.0,1.6937327,0.0,0.66233414,0.0,0.0,0.7492086,0.0,0.0,-0.001,0,0,0,0,0
447093788,0.0,-0.0,1.6937238,0.0,0.6623375,0.0,0.0,0.74920565,0.0,0.0,-0.001,0,0,0,0,0
447153686,0.0,-0.0,1.6937342,0.0,0.6623336,0.0,0.0,0.74920905,0.0,0.0,-0.001,0,0,0,0,0
447193579,0.0,-0.0,1.6937325,0.0,0.6623342,0.0,0.0,0.7492085,0.0,0.0,-0.001,0,0,0,0,0
447243881,0.0,-0.0,1.6937276,0.0,0.66233605,0.0,0.0,0.74920696,0.0,0.0,-0.001,0,0,0,0,0
447303724,0.0,-0.0,1.6936804,0.0,0.66235375,0.0,0.0,0.7491912,0.0,0.0,-0.001,0,0,0,0,0
447343666,0.0,-0.0,1.6936502,0.0,0.662365,0.0,0.0,0.7491813,0.0,0.0,-0.001,0,0,0,0,0
447394106,0.0,-0.0,1.6936364,0.0,0.6623702,0.0,0.0,0.7491767,0.0,0.0,-0.001,0,0,0,0,0
447443878,0.0,-0.0,1.6936564,0.0,0.6623627,0.0,0.0,0.7491834,0.0,0.0,-0.001,0,0,0,0,0
447503901,0.0,-0.0,1.6936799,0.0,0.66235393,0.0,0.0,0.74919105,0.0,0.0,-0.001,0,0,0,0,0
447543804,0.0,-0.0,1.6936736,0.0,0.66235626,0.0,0.0,0.749189,0.0,0.0,-0.001,0,0,0,0,0
447593849,0.0,-0.0,1.6937002,0.0,0.6623463,0.0,0.0,0.7491979,0.0,0.0,-0.001,0,0,0,0,0
447644154,0.0,-0.0,1.6937261,0.0,0.66233665,0.0,0.0,0.7492064,0.0,0.0,-0.001,0,0,0,0,0
447694002,0.0,-0.0,1.6937207,0.0,0.6623387,0.0,0.0,0.74920464,0.0,0.0,-0.001,0,0,0,0,0
447743801,0.0,-0.0,1.693745,0.0,0.66232955,0.0,0.0,0.7492127,0.0,0.0,-0.001,0,0,0,0,0
447793871,0.0,-0.0,1.6937491,0.0,0.662328,0.0,0.0,0.749214,0.0,0.0,-0.001,0,0,0,0,0
447843984,0.0,-0.0,1.6937371,0.0,0.6623325,0.0,0.0,0.7492101,0.0,0.0,-0.001,0,0,0,0,0
447894126,0.0,-0.0,1.6937045,0.0,0.6623447,0.0,0.0,0.7491993,0.0,0.0,-0.001,0,0,0,0,0
447943970,0.0,-0.0,1.6936978,0.0,0.6623472,0.0,0.0,0.749197,0.0,0.0,-0.001,0,0,0,0,0
448003893,0.0,-0.0,1.6936738,0.0,0.6623562,0.0,0.0,0.7491891,0.0,0.0,-0.001,0,0,0,0,0
448043867,0.0,-0.0,1.6936479,0.0,0.6623659,0.0,0.0,0.7491805,0.0,0.0,-0.001,0,0,0,0,0
448093965,0.0,-0.0,1.6936134,0.0,0.66237885,0.0,0.0,0.74916905,0.0,0.0,-0.001,0,0,0,0,0
448144259,0.0,-0.0,1.6936123,0.0,0.66237926,0.0,0.0,0.7491687,0.0,0.0,-0.001,0,0,0,0,0
448204044,0.0,-0.0,1.6935841,0.0,0.6623898,0.0,0.0,0.74915934,0.0,0.0,-0.001,0,0,0,0,0
448244025,0.0,-0.0,1.693574,0.0,0.6623936,0.0,0.0,0.74915594,0.0,0.0,-0.001,0,0,0,0,0
448294191,0.0,-0.0,1.6935706,0.0,0.6623949,0.0,0.0,0.74915487,0.0,0.0,-0.001,0,0,0,0,0
448343906,0.0,-0.0,1.6935533,0.0,0.6624013,0.0,0.0,0.74914926,0.0,0.0,-0.001,0,0,0,0,0
448394475,0.0,-0.0,1.6935526,0.0,0.6624016,0.0,0.0,0.7491489,0.0,0.0,-0.001,0,0,0,0,0
448444294,0.0,-0.0,1.693556,0.0,0.66240036,0.0,0.0,0.74915,0.0,0.0,-0.001,0,0,0,0,0
448494036,0.0,-0.0,1.6935438,0.0,0.6624049,0.0,0.0,0.74914604,0.0,0.0,-0.001,0,0,0,0,0
448554097,0.0,-0.0,1.6935474,0.0,0.6624036,0.0,0.0,0.7491472,0.0,0.0,-0.001,0,0,0,0,0
448594257,0.0,-0.0,1.693556,0.0,0.66240036,0.0,0.0,0.74915,0.0,0.0,-0.001,0,0,0,0,0
448644302,0.0,-0.0,1.6935658,0.0,0.66239667,0.0,0.0,0.7491533,0.0,0.0,-0.001,0,0,0,0,0
448704110,0.0,-0.0,1.6935462,0.0,0.662404,0.0,0.0,0.7491468,0.0,0.0,-0.001,0,0,0,0,0
448744179,0.0,-0.0,1.6935667,0.0,0.6623964,0.0,0.0,0.74915355,0.0,0.0,-0.001,0,0,0,0,0
448794242,0.0,-0.0,1.693594,0.0,0.6623861,0.0,0.0,0.7491626,0.0,0.0,-0.001,0,0,0,0,0
448844229,0.0,-0.0,1.6936179,0.0,0.6623771,0.0,0.0,0.7491706,0.0,0.0,-0.001,0,0,0,0,0
448894568,0.0,-0.0,1.693628,0.0,0.6623734,0.0,0.0,0.7491738,0.0,0.0,-0.001,0,0,0,0,0
448944218,0.0,-0.0,1.6936249,0.0,0.66237456,0.0,0.0,0.7491729,0.0,0.0,-0.001,0,0,0,0,0
448994396,0.0,-0.0,1.6936045,0.0,0.6623822,0.0,0.0,0.7491661,0.0,0.0,-0.001,0,0,0,0,0
449054253,0.0,-0.0,1.6935736,0.0,0.66239375,0.0,0.0,0.7491559,0.0,0.0,-0.001,0,0,0,0,0
449094473,0.0,-0.0,1.693549,0.0,0.662403,0.0,0.0,0.74914765,0.0,0.0,-0.001,0,0,0,0,0
449144514,0.0,-0.0,1.6935161,0.0,0.66241527,0.0,0.0,0.7491368,0.0,0.0,-0.001,0,0,0,0,0
449194266,0.0,-0.0,1.6933166,0.0,0.66249,0.0,0.0,0.74907076,0.0,0.0,-0.001,0,0,0,0,0
449244226,0.0,-0.0,1.6933647,0.0,0.66247195,0.0,0.0,0.74908674,0.0,0.0,-0.001,0,0,0,0,0
449294376,0.0,-0.0,1.6933672,0.0,0.66247106,0.0,0.0,0.7490876,0.0,0.0,-0.001,0,0,0,0,0
449344317,0.0,-0.0,1.692932,0.0,0.662634,0.0,0.0,0.7489434,0.0,0.0,-0.001,0,0,0,0,0
449394511,0.0,-0.0,1.6932584,0.0,0.6625118,0.0,0.0,0.7490515,0.0,0.0,-0.001,0,0,0,0,0
449444649,0.0,-0.0,1.6930246,0.0,0.6625994,0.0,0.0,0.748974,0.0,0.0,-0.001,0,0,0,0,0
449494353,0.0,-0.0,1.6938126,0.0,0.6623042,0.0,0.0,0.74923503,0.0,0.0,-0.001,0,0,0,0,0
449544310,0.0,-0.0,1.6929199,0.0,0.6626386,0.0,0.0,0.7489393,0.0,0.0,-0.001,0,0,0,0,0
449594458,0.0,-0.0,1.6929659,0.0,0.6626214,0.0,0.0,0.7489546,0.0,0.0,-0.001,0,0,0,0,0
449644468,0.0,-0.0,1.6934714,0.0,0.662432,0.0,0.0,0.749122,0.0,0.0,-0.001,0,0,0,0,0
449694419,0.0,-0.0,1.6935004,0.0,0.66242117,0.0,0.0,0.74913174,0.0,0.0,-0.001,0,0,0,0,0
449744523,0.0,-0.0,1.6932706,0.0,0.66250724,0.0,0.0,0.74905556,0.0,0.0,-0.001,0,0,0,0,0
449794352,0.0,-0.0,1.6931324,0.0,0.662559,0.0,0.0,0.7490098,0.0,0.0,-0.001,0,0,0,0,0
449844570,0.0,-0.0,1.6935436,0.0,0.662405,0.0,0.0,0.7491459,0.0,0.0,-0.001,0,0,0,0,0
449894771,0.0,-0.0,1.69306,0.0,0.6625861,0.0,0.0,0.7489858,0.0,0.0,-0.001,0,0,0,0,0
449944475,0.0,-0.0,1.6929296,0.0,0.66263497,0.0,0.0,0.7489426,0.0,0.0,-0.001,0,0,0,0,0
449994566,0.0,-0.0,1.6931998,0.0,0.66253376,0.0,0.0,0.7490321,0.0,0.0,-0.001,0,0,0,0,0
450044593,0.0,-0.0,1.6928604,0.0,0.6626609,0.0,0.0,0.74891955,0.0,0.0,-0.001,0,0,0,0,0
450094537,0.0,-0.0,1.6928756,0.0,0.6626552,0.0,0.0,0.7489247,0.0,0.0,-0.001,0,0,0,0,0
450144844,-0.0012519431,-0.00031869832,1.3638868,0.0,0.7763491,-0.0003855343,-0.0005182623,0.63030285,0.0,0.0,-0.0087532615,0,0,0,0,0
450194928,-0.002782506,-7.918922e-05,1.3638868,0.0,0.77634853,-0.0010551413,-0.0009076498,0.6303023,0.0,0.0,-0.014726663,0,0,0,0,0
450244643,-0.0025814085,-0.00036230584,1.3638868,0.0,0.77634877,-0.00088785583,-0.0009541723,0.6303023,0.0,0.0,-0.022355406,0,0,0,0,0
450294678,-0.0030666494,-0.000114905364,1.3638868,0.0,0.77634835,-0.0011541824,-0.0010110621,0.63030213,0.0,0.0,-0.029936753,0,0,0,0,0
450344564,-0.0027436633,-0.00047002305,1.3638868,0.0,0.7763487,-0.0009168918,-0.00104712,0.6303022,0.0,0.0,-0.037704837,0,0,0,0,0
450394876,-0.0030675957,-0.0009175349,1.3638868,0.0,0.7763487,-0.00090159994,-0.00132292,0.6303016,0.0,0.0,-0.0470597,0,0,0,0,0
450444729,-0.003042979,-0.00039726796,1.3638868,0.0,0.77634853,-0.0010560072,-0.001113208,0.630302,0.0,0.0,-0.05599778,0,0,0,0,0
450494666,-0.0023982078,-0.00045723916,1.3638868,0.0,0.7763488,-0.0007868237,-0.0009332871,0.6303023,0.0,0.0,-0.06596663,0,0,0,0,0
450544654,-0.0012899961,-0.00035220757,1.3638868,0.0,0.7763491,-0.000389745,-0.0005432621,0.63030285,0.0,0.0,-0.07550355,0,0,0,0,0
450594811,-0.0018854117,-0.000146637,1.3638868,0.0,0.77634895,-0.000685656,-0.00065111095,0.63030267,0.0,0.0,-0.08619219,0,0,0,0,0
450644903,-0.0015333637,-0.00018160875,1.3638868,0.0,0.77634907,-0.00053797854,-0.0005537376,0.6303028,0.0,0.0,-0.09503686,0,0,0,0,0
450694679,-0.0017032622,-0.00028130307,1.3638868,0.0,0.776349,-0.00057250995,-0.0006459802,0.63030267,0.0,0.0,-0.10875707,0,0,0,0,0
450744867,-0.0015201736,-0.0018143638,1.3638868,0.0,0.7763491,-1.829339e-05,-0.0011833744,0.6303021,0.0,0.0,-0.11870993,0,0,0,0,0
450794839,-0.0019135602,0.0009937063,1.3638868,0.0,0.7763485,-0.0010559632,-0.00021732978,0.630303,0.0,0.0,-0.1315908,0,0,0,0,0
450844796,-0.00074941106,-0.0010522897,1.3638868,0.0,0.77634925,4.0728326e-05,-0.00064465,0.63030267,0.0,0.0,-0.14398478,0,0,0,0,0
450895218,-0.0018484032,0.00052810635,1.3638868,0.0,0.77634877,-0.00088393653,-0.0003775295,0.6303029,0.0,0.0,-0.15735655,0,0,0,0,0
450944747,-0.0010267893,-0.0008566467,1.3638868,0.0,0.77634925,-0.00012860006,-0.0006561226,0.63030267,0.0,0.0,-0.17129701,0,0,0,0,0
450994767,-0.001786326,-0.00038327702,1.3638868,0.0,0.776349,-0.00057261594,-0.00071174145,0.6303026,0.0,0.0,-0.18550362,0,0,0,0,0
451044941,-0.0025660787,0.00066977175,1.3638868,0.0,0.7763483,-0.0012071655,-0.000548715,0.6303027,0.0,0.0,-0.19934124,0,0,0,0,0
451094780,-0.00030773695,-0.0010475646,1.3638868,0.0,0.77634925,0.00021068582,-0.00050362165,0.63030285,0.0,0.0,-0.21469787,0,0,0,0,0
451144990,-0.0004836685,0.002014349,1.3638868,0.0,0.7763487,-0.0008225726,0.0006294902,0.6303028,0.0,0.0,-0.22985755,0,0,0,0,0
451195022,-0.00023456757,-0.0007355438,1.3638868,0.0,0.77634925,0.0001407545,-0.00035944374,0.6303029,0.0,0.0,-0.24577186,0,0,0,0,0
451244834,-0.0023821655,-0.000723999,1.3638868,0.0,0.7763489,-0.00069652667,-0.0010317806,0.6303022,0.0,0.0,-0.26321492,0,0,0,0,0
451294985,-0.001123455,-0.00022170099,1.3638868,0.0,0.7763491,-0.00036622735,-0.0004401172,0.63030297,0.0,0.0,-0.27881005,0,0,0,0,0
451345040,-0.0008378813,0.00078054954,1.3638868,0.0,0.776349,-0.0005712355,3.8930015e-05,0.630303,0.0,0.0,-0.29685083,0,0,0,0,0
451395083,-0.00036653737,0.0012387821,1.3638868,0.0,0.776349,-0.0005326844,0.0003653489,0.6303029,0.0,0.0,-0.31395826,0,0,0,0,0
451445054,-0.0011420356,8.4009014e-05,1.3638868,0.0,0.7763491,-0.00046978478,-0.000327304,0.63030297,0.0,0.0,-0.33245832,0,0,0,0,0
451495018,-0.0011648152,-0.0017131093,1.3638868,0.0,0.7763491,8.773723e-05,-0.0010320785,0.6303023,0.0,0.0,-0.35239035,0,0,0,0,0
451544964,-0.0004592933,0.00051564217,1.3638868,0.0,0.7763491,-0.0003407914,5.5412263e-05,0.6303031,0.0,0.0,-0.37032104,0,0,0,0,0
451595113,-0.0012410744,0.0004978703,1.3638868,0.0,0.776349,-0.000638658,-0.00019786575,0.6303029,0.0,0.0,-0.3897952,0,0,0,0,0
451645249,-0.0006337098,0.0032320998,1.3638868,0.0,0.7763479,-0.0012645903,0.0010549042,0.63030255,0.0,0.0,-0.40971464,0,0,0,0,0
451695027,0.0016868054,0.003367584,1.3638868,0.0,0.77634877,-0.00040652414,0.0018388082,0.6303009,0.0,0.0,-0.42989522,0,0,0,0,0
451745154,0.0030281576,0.0016942322,1.3638868,0.0,0.7763489,0.00064151397,0.0016119847,0.63030106,0.0,0.0,-0.45032787,0,0,0,0,0
451795017,0.004770261,0.0045164907,1.3638868,0.0,0.7763485,0.0004283141,0.00325653,0.6302954,0.0,0.0,-0.46978888,0,0,0,0,0
451845110,0.008429188,0.0076739667,1.3638868,0.0,0.77634686,0.0008535286,0.0056352485,0.6302802,0.0,0.0,-0.49034613,0,0,0,0,0
451895444,0.008337599,0.001686705,1.3638868,0.0,0.7763445,0.002704871,0.0032823286,0.63029456,0.0,0.0,-0.5078773,0,0,0,0,0
451945057,0.014618499,0.0065183383,1.3638868,0.0,0.7763394,0.0036202443,0.007137157,0.63026434,0.0,0.0,-0.5221488,0,0,0,0,0
451995142,0.010980976,0.00397439,1.3638868,0.0,0.77634287,0.0030099913,0.0050033806,0.6302838,0.0,0.0,-0.5297697,0,0,0,0,0
452045185,0.008791982,0.007885377,1.3638868,0.0,0.7763466,0.0009277288,0.005831641,0.6302785,0.0,0.0,-0.5168972,0,0,0,0,0
452095044,0.03002662,-0.007878247,1.3638868,0.0,0.7762185,0.014137598,0.0064047226,0.630273,0.0,0.0,-0.5044338,0,0,0,0,0
452145369,0.032593366,-0.008525158,1.3638868,0.0,0.77619535,0.015337592,0.0069624977,0.63026744,0.0,0.0,-0.4963092,0,0,0,0,0
452195291,0.021867516,-0.0027369787,1.3638868,0.0,0.7762927,0.009350749,0.0058290754,0.63027626,0.0,0.0,-0.4953939,0,0,0,0,0
452245096,0.02075842,0.0021110855,1.3638868,0.0,0.7763139,0.007392467,0.0073613524,0.6302601,0.0,0.0,-0.496533,0,0,0,0,0
452295228,0.021187691,-0.0061803176,1.3638868,0.0,0.77628136,0.0101719545,0.004278271,0.63029,0.0,0.0,-0.49082202,0,0,0,0,0
452345270,0.03715837,-0.014058669,1.3638868,0.0,0.7761138,0.018852562,0.006253322,0.63028,0.0,0.0,-0.481842,0,0,0,0,0
452395421,0.024796315,-0.009733341,1.3638868,0.0,0.7762423,0.012692167,0.0040363716,0.63029385,0.0,0.0,-0.47224957,0,0,0,0,0
452445203,0.030098576,-0.015375323,1.3638868,0.0,0.7761655,0.016527675,0.0035173956,0.63030285,0.0,0.0,-0.46329042,0,0,0,0,0
452495340,0.033908892,-0.016633777,1.3638868,0.0,0.7761219,0.018402832,0.0042297496,0.63030005,0.0,0.0,-0.45528126,0,0,0,0,0
452545287,0.030681135,-0.012181401,1.3638868,0.0,0.7761846,0.015747461,0.004940721,0.6302897,0.0,0.0,-0.45089433,0,0,0,0,0
452595294,0.034448534,-0.02007403,1.3638868,0.0,0.77608603,0.019696029,0.0030644822,0.63031197,0.0,0.0,-0.447867,0,0,0,0,0
452645620,0.025361257,-0.01710951,1.3638868,0.0,0.77619004,0.015235562,0.0013512695,0.63031346,0.0,0.0,-0.44797656,0,0,0,0,0
452695362,0.030732095,-0.021456264,1.3638868,0.0,0.77610904,0.018689308,0.0013566936,0.6303202,0.0,0.0,-0.44797796,0,0,0,0,0
452745411,0.028326446,-0.017461183,1.3638868,0.0,0.7761639,0.016497117,0.0021492606,0.6303117,0.0,0.0,-0.44933042,0,0,0,0,0
452795439,0.02818801,-0.02321045,1.3638868,0.0,0.7761168,0.018254688,-0.00012600842,0.63032484,0.0,0.0,-0.45001152,0,0,0,0,0
452845299,0.026838258,-0.023677932,1.3638868,0.0,0.77612484,0.017878175,-0.00073285995,0.6303254,0.0,0.0,-0.45092934,0,0,0,0,0
452895702,0.030044887,-0.02410114,1.3638868,0.0,0.7760912,0.019255845,0.000113478396,0.63032657,0.0,0.0,-0.45158952,0,0,0,0,0
452945506,0.028116833,-0.023365637,1.3638868,0.0,0.776116,0.01827596,-0.00020867867,0.6303252,0.0,0.0,-0.45348418,0,0,0,0,0
452995315,0.030392446,-0.024469187,1.3638868,0.0,0.77608436,0.019506656,8.015464e-05,0.6303274,0.0,0.0,-0.45627606,0,0,0,0,0
453045546,0.03338053,-0.025916254,1.3638868,0.0,0.77603966,0.021121964,0.00046020283,0.63033015,0.0,0.0,-0.45777676,0,0,0,0,0
453095582,0.024768896,-0.024145508,1.3638868,0.0,0.7761389,0.017222434,-0.0015665402,0.6303248,0.0,0.0,-0.46068943,0,0,0,0,0
453145675,0.02571141,-0.023012646,1.3638868,0.0,0.77614045,0.017231293,-0.0008297603,0.63032407,0.0,0.0,-0.46468112,0,0,0,0,0
453195483,0.026406212,-0.027762841,1.3638868,0.0,0.7760913,0.018997394,-0.0024546306,0.6303296,0.0,0.0,-0.46804217,0,0,0,0,0
453245563,0.025755217,-0.029561888,1.3638868,0.0,0.77608013,0.019311516,-0.0033581213,0.6303296,0.0,0.0,-0.46989676,0,0,0,0,0
453295651,0.02819969,-0.026907386,1.3638868,0.0,0.7760823,0.019423855,-0.0015573357,0.63033056,0.0,0.0,-0.47172803,0,0,0,0,0
453345653,0.024488954,-0.027955804,1.3638868,0.0,0.7761074,0.01831419,-0.0031337824,0.6303269,0.0,0.0,-0.4754539,0,0,0,0,0
453395816,0.028180791,-0.033984415,1.3638868,0.0,0.7760092,0.021645788,-0.0043103015,0.6303353,0.0,0.0,-0.48158118,0,0,0,0,0
453445499,0.025526887,-0.027674386,1.3638868,0.0,0.7761004,0.018628309,-0.0026974285,0.6303284,0.0,0.0,-0.4887059,0,0,0,0,0
453495701,0.026781812,-0.0337724,1.3638868,0.0,0.7760264,0.02103619,-0.004668919,0.6303322,0.0,0.0,-0.495664,0,0,0,0,0
453545510,0.03684314,-0.040992353,1.3638868,0.0,0.7758165,0.027213465,-0.004300304,0.6303567,0.0,0.0,-0.5039546,0,0,0,0,0
453595502,0.019548042,-0.024978502,1.3638868,0.0,0.77617466,0.015458772,-0.0035352896,0.6303184,0.0,0.0,-0.50930095,0,0,0,0,0
453645979,0.03164321,-0.03281595,1.3638868,0.0,0.775984,0.022621164,-0.0027655067,0.6303408,0.0,0.0,-0.51021624,0,0,0,0,0
453695574,0.032730173,-0.036439296,1.3638868,0.0,0.77592856,0.024184074,-0.0038293411,0.63034546,0.0,0.0,-0.5080468,0,0,0,0,0
453745526,0.02981571,-0.031109575,1.3638868,0.0,0.7760229,0.021374617,-0.0026791387,0.6303367,0.0,0.0,-0.5037578,0,0,0,0,0
453795771,0.031324584,-0.034818146,1.3638868,0.0,0.77596456,0.02312816,-0.0036430918,0.6303419,0.0,0.0,-0.49819744,0,0,0,0,0
453845634,0.02933639,-0.03352473,1.3638868,0.0,0.77600175,0.02194937,-0.0037676622,0.6303375,0.0,0.0,-0.4914766,0,0,0,0,0
453895907,0.032570165,-0.028982386,1.3638868,0.0,0.77601606,0.021773336,-0.0009853375,0.6303364,0.0,0.0,-0.48741066,0,0,0,0,0
453945749,0.034444332,-0.027187891,1.3638868,0.0,0.7760148,0.021935292,0.00030188318,0.63033307,0.0,0.0,-0.48376435,0,0,0,0,0
453995672,0.030317197,-0.032152653,1.3638868,0.0,0.77600616,0.02189775,-0.0029259631,0.63033825,0.0,0.0,-0.48057175,0,0,0,0,0
454045741,0.027364876,-0.029446935,1.3638868,0.0,0.77606547,0.019899907,-0.0028061934,0.63033205,0.0,0.0,-0.47951823,0,0,0,0,0
454095778,0.037190296,-0.030302597,1.3638868,0.0,0.77594835,0.023981731,-4.1658455e-05,0.6303404,0.0,0.0,-0.4811219,0,0,0,0,0
454145990,0.047964495,-0.04027123,1.3638868,0.0,0.7756643,0.03130007,-0.0005151482,0.6303688,0.0,0.0,-0.48724025,0,0,0,0,0
454195955,0.025807543,-0.02148075,1.3638868,0.0,0.7761525,0.016785974,-0.0002048369,0.63032174,0.0,0.0,-0.49453452,0,0,0,0,0
454245889,0.026990572,-0.023693679,1.3638868,0.0,0.77612334,0.017942244,-0.00069096935,0.6303255,0.0,0.0,-0.49958465,0,0,0,0,0
454295718,0.06296183,-0.047164466,1.3638868,0.0,0.775281,0.039284565,0.00153644,0.63039166,0.0,0.0,-0.5007967,0,0,0,0,0
454345930,0.027460616,-0.030444644,1.3638868,0.0,0.77605444,0.020251345,-0.003163289,0.6303328,0.0,0.0,-0.49967346,0,0,0,0,0
454396094,0.039392427,-0.029424176,1.3638868,0.0,0.775932,0.024559438,0.0009933444,0.6303375,0.0,0.0,-0.4967953,0,0,0,0,0
454445891,0.049209766,-0.03650373,1.3638868,0.0,0.77570194,0.030596962,0.0013396388,0.6303559,0.0,0.0,-0.4940604,0,0,0,0,0
454495935,0.034080967,-0.029959556,1.3638868,0.0,0.7759886,0.022667313,-0.00088847324,0.6303389,0.0,0.0,-0.4905046,0,0,0,0,0
454545951,0.043589275,-0.030963046,1.3638868,0.0,0.7758592,0.026672225,0.0017187551,0.63033974,0.0,0.0,-0.4891462,0,0,0,0,0
454595998,0.04160869,-0.031186532,1.3638868,0.0,0.7758824,0.025974268,0.0010077909,0.6303418,0.0,0.0,-0.48822197,0,0,0,0,0
454646192,0.037565753,-0.028710902,1.3638868,0.0,0.7759624,0.023626085,0.0006944912,0.63033617,0.0,0.0,-0.48626977,0,0,0,0,0
454695853,0.039847508,-0.029977996,1.3638868,0.0,0.7759198,0.024910413,0.00092180696,0.6303389,0.0,0.0,-0.48535323,0,0,0,0,0
454746020,0.04238442,-0.030083878,1.3638868,0.0,0.7758862,0.025927957,0.0016802666,0.6303376,0.0,0.0,-0.483616,0,0,0,0,0
454796054,0.04122268,-0.03293769,1.3638868,0.0,0.77586514,0.026375987,0.00020642584,0.6303472,0.0,0.0,-0.48434424,0,0,0,0,0
454845939,0.029813588,-0.020744985,1.3638868,0.0,0.77612376,0.018108796,0.001343305,0.6303191,0.0,0.0,-0.48525685,0,0,0,0,0
454896212,0.04937146,-0.034248542,1.3638868,0.0,0.7757325,0.029949656,0.0022659122,0.63034666,0.0,0.0,-0.48423964,0,0,0,0,0
454946073,0.045214403,-0.035307683,1.3638868,0.0,0.7757784,0.028670704,0.0005446192,0.63035357,0.0,0.0,-0.48766354,0,0,0,0,0
454996020,0.025165025,-0.019906424,1.3638868,0.0,0.77617043,0.016040621,0.00020376427,0.6303191,0.0,0.0,-0.4900368,0,0,0,0,0
455045992,0.05098726,-0.031024097,1.3638868,0.0,0.7757544,0.029561156,0.004026667,0.63032925,0.0,0.0,-0.49035898,0,0,0,0,0
455096170,0.040441614,-0.033275835,1.3638868,0.0,0.7758711,0.026179468,-0.00017099691,0.6303481,0.0,0.0,-0.4890474,0,0,0,0,0
455146266,0.033303294,-0.02791334,1.3638868,0.0,0.7760196,0.021721063,-0.0003393199,0.6303346,0.0,0.0,-0.4871779,0,0,0,0,0
455196041,0.04481261,-0.029485317,1.3638868,0.0,0.77586186,0.026681444,0.0026778798,0.6303327,0.0,0.0,-0.48438156,0,0,0,0,0
455246187,0.037126984,-0.028797494,1.3638868,0.0,0.7759666,0.023483127,0.0005225959,0.6303365,0.0,0.0,-0.48288113,0,0,0,0,0
455296126,0.03930057,-0.026130857,1.3638868,0.0,0.7759713,0.023486555,0.0022426893,0.63032687,0.0,0.0,-0.4828983,0,0,0,0,0
455346301,0.03888205,-0.02618858,1.3638868,0.0,0.7759755,0.02334236,0.002088384,0.63032746,0.0,0.0,-0.4831122,0,0,0,0,0
455396460,0.0379133,-0.026720105,1.3638868,0.0,0.77598083,0.023133904,0.0015767561,0.6303301,0.0,0.0,-0.482723,0,0,0,0,0
455446114,0.0367447,-0.026386356,1.3638868,0.0,0.7759979,0.022575371,0.0013379997,0.6303299,0.0,0.0,-0.48134834,0,0,0,0,0
455496272,0.036460992,-0.026393412,1.3638868,0.0,0.77600104,0.022467513,0.0012458463,0.6303301,0.0,0.0,-0.48168683,0,0,0,0,0
455546318,0.036274116,-0.02436495,1.3638868,0.0,0.7760247,0.021756073,0.001974301,0.6303241,0.0,0.0,-0.48339105,0,0,0,0,0
455596179,0.03693601,-0.024750495,1.3638868,0.0,0.77601343,0.022134338,0.002033255,0.63032466,0.0,0.0,-0.4846239,0,0,0,0,0
455646528,0.035702977,-0.024750356,1.3638868,0.0,0.77602684,0.021655861,0.0016447032,0.6303258,0.0,0.0,-0.48646006,0,0,0,0,0
455696380,0.03428244,-0.02496281,1.3638868,0.0,0.7760399,0.021171594,0.0011145384,0.63032734,0.0,0.0,-0.48800305,0,0,0,0,0
455746217,0.035797648,-0.02323955,1.3638868,0.0,0.7760414,0.021216698,0.0022609632,0.6303209,0.0,0.0,-0.48865804,0,0,0,0,0
455796404,0.037333712,-0.023860477,1.3638868,0.0,0.7760184,0.022008305,0.0025040554,0.63032126,0.0,0.0,-0.48923263,0,0,0,0,0
455846497,0.03321557,-0.022602364,1.3638868,0.0,0.7760743,0.02001406,0.0016945184,0.63032156,0.0,0.0,-0.48810866,0,0,0,0,0
455896566,0.034943603,-0.022988103,1.3638868,0.0,0.7760529,0.020806104,0.0020894022,0.6303211,0.0,0.0,-0.48704118,0,0,0,0,0
455946459,0.03426029,-0.024288826,1.3638868,0.0,0.776047,0.02095069,0.0013691658,0.6303255,0.0,0.0,-0.4872158,0,0,0,0,0
455996269,0.03430157,-0.021513166,1.3638868,0.0,0.7760739,0.020092355,0.0024595605,0.630317,0.0,0.0,-0.48580995,0,0,0,0,0
456046262,0.03280789,-0.0225196,1.3638868,0.0,0.7760792,0.019829793,0.0015981611,0.6303216,0.0,0.0,-0.48557478,0,0,0,0,0
456096474,0.035958767,-0.023087777,1.3638868,0.0,0.7760412,0.02123141,0.002370651,0.6303203,0.0,0.0,-0.4848649,0,0,0,0,0
456146495,0.03096049,-0.022811174,1.3638868,0.0,0.77609444,0.019204773,0.0009027539,0.6303236,0.0,0.0,-0.48474276,0,0,0,0,0
456196370,0.033138,-0.023219746,1.3638868,0.0,0.7760691,0.020178447,0.0014304321,0.6303233,0.0,0.0,-0.4851647,0,0,0,0,0
456246513,0.03423621,-0.023066655,1.3638868,0.0,0.77605945,0.020556364,0.001835969,0.630322,0.0,0.0,-0.48454693,0,0,0,0,0
456296361,0.030277649,-0.023616903,1.3638868,0.0,0.7760935,0.019193621,0.0003747978,0.63032556,0.0,0.0,-0.4850284,0,0,0,0,0
456346476,0.03177498,-0.022046817,1.3638868,0.0,0.7760937,0.01928004,0.0014561395,0.63032115,0.0,0.0,-0.48564965,0,0,0,0,0
456396756,0.03485938,-0.02361346,1.3638868,0.0,0.7760475,0.020970415,0.0018201232,0.63032305,0.0,0.0,-0.48692125,0,0,0,0,0
456446430,0.030135589,-0.024608582,1.3638868,0.0,0.7760855,0.019450897,-5.4904776e-05,0.63032764,0.0,0.0,-0.4894642,0,0,0,0,0
456496509,0.03229471,-0.023819886,1.3638868,0.0,0.7760718,0.020040268,0.00093170925,0.63032544,0.0,0.0,-0.49070162,0,0,0,0,0
456546550,0.036216173,-0.026600916,1.3638868,0.0,0.7760015,0.022437884,0.0010881451,0.63033086,0.0,0.0,-0.49134636,0,0,0,0,0
456596435,0.032893375,-0.025605306,1.3638868,0.0,0.77604795,0.020834992,0.00042736426,0.63032955,0.0,0.0,-0.49288258,0,0,0,0,0
456646717,0.024681406,-0.022139065,1.3638868,0.0,0.7761565,0.01655635,-0.0008152853,0.6303224,0.0,0.0,-0.49282044,0,0,0,0,0
456696659,0.039795287,-0.029060151,1.3638868,0.0,0.7759314,0.024601083,0.0012616095,0.63033605,0.0,0.0,-0.4922992,0,0,0,0,0
456746460,0.030609004,-0.027416859,1.3638868,0.0,0.77605313,0.020519242,-0.0009957587,0.6303328,0.0,0.0,-0.49286953,0,0,0,0,0
456796709,0.03045958,-0.02445638,1.3638868,0.0,0.7760838,0.019528672,0.00010628471,0.6303273,0.0,0.0,-0.49379364,0,0,0,0,0
456846692,0.035938207,-0.027611334,1.3638868,0.0,0.7759936,0.022648292,0.00060834107,0.6303338,0.0,0.0,-0.49462506,0,0,0,0,0
456896800,0.03001662,-0.028227355,1.3638868,0.0,0.776051,0.020544687,-0.0014970603,0.63033366,0.0,0.0,-0.4938058,0,0,0,0,0
456946713,0.030969316,-0.02717427,1.3638868,0.0,0.7760519,0.020582637,-0.0007880376,0.6303325,0.0,0.0,-0.49231634,0,0,0,0,0
456996712,0.032536343,-0.028964806,1.3638868,0.0,0.77601665,0.021754676,-0.000989173,0.63033634,0.0,0.0,-0.4915187,0,0,0,0,0
457046667,0.03017786,-0.028224466,1.3638868,0.0,0.7760494,0.02060634,-0.0014451215,0.63033384,0.0,0.0,-0.4908405,0,0,0,0,0
457096781,0.03054632,-0.026083935,1.3638868,0.0,0.77606714,0.020075038,-0.0004981275,0.6303305,0.0,0.0,-0.49182376,0,0,0,0,0
457146982,0.02993289,-0.028887477,1.3638868,0.0,0.7760451,0.020720137,-0.0017796811,0.6303345,0.0,0.0,-0.49279544,0,0,0,0,0
457196776,0.030335285,-0.028214173,1.3638868,0.0,0.7760479,0.020664185,-0.0013915105,0.63033384,0.0,0.0,-0.49286863,0,0,0,0,0
457246787,0.027716244,-0.027839065,1.3638868,0.0,0.7760779,0.019529752,-0.0020713427,0.63033116,0.0,0.0,-0.4929792,0,0,0,0,0
457296812,0.032094102,-0.030075286,1.3638868,0.0,0.77600944,0.021932866,-0.0015595922,0.63033783,0.0,0.0,-0.49240953,0,0,0,0,0
457346740,0.028168535,-0.029255588,1.3638868,0.0,0.7760593,0.020151477,-0.0024786335,0.63033295,0.0,0.0,-0.4913232,0,0,0,0,0
457397106,0.02761226,-0.02866906,1.3638868,0.0,0.7760708,0.019750863,-0.002426285,0.6303318,0.0,0.0,-0.49058723,0,0,0,0,0
457446778,0.03436475,-0.032375157,1.3638868,0.0,0.77595764,0.023538245,-0.001736661,0.63034326,0.0,0.0,-0.49066252,0,0,0,0,0
457496852,0.026378013,-0.026441522,1.3638868,0.0,0.776104,0.018570203,-0.0019506338,0.63032854,0.0,0.0,-0.49231562,0,0,0,0,0
457546926,0.030185107,-0.031475864,1.3638868,0.0,0.776015,0.021633325,-0.0027048937,0.63033754,0.0,0.0,-0.49492314,0,0,0,0,0
457596847,0.03148935,-0.030731222,1.3638868,0.0,0.7760089,0.021904828,-0.0020047978,0.6303383,0.0,0.0,-0.49544844,0,0,0,0,0
457647019,0.028981812,-0.029961228,1.3638868,0.0,0.77604383,0.020689331,-0.0024962157,0.6303347,0.0,0.0,-0.4960879,0,0,0,0,0
457696879,0.028456125,-0.03068526,1.3638868,0.0,0.7760417,0.02071342,-0.0029429346,0.63033444,0.0,0.0,-0.49608082,0,0,0,0,0
457746866,0.030098863,-0.029716812,1.3638868,0.0,0.7760347,0.021045776,-0.0020492848,0.63033557,0.0,0.0,-0.4941937,0,0,0,0,0
457796911,0.028745234,-0.031470828,1.3638868,0.0,0.7760304,0.021073049,-0.0031567416,0.6303354,0.0,0.0,-0.49297562,0,0,0,0,0
457847205,0.027615514,-0.029502505,1.3638868,0.0,0.7760624,0.02001467,-0.0027487695,0.63033247,0.0,0.0,-0.4921957,0,0,0,0,0
457897055,0.03024397,-0.02948024,1.3638868,0.0,0.77603567,0.02102756,-0.0019117265,0.6303355,0.0,0.0,-0.49030396,0,0,0,0,0
457946894,0.025778318,-0.031261988,1.3638868,0.0,0.77606297,0.019856032,-0.00401075,0.63033,0.0,0.0,-0.48922193,0,0,0,0,0
457997074,0.028556997,-0.030828333,1.3638868,0.0,0.7760392,0.020797629,-0.0029666766,0.6303347,0.0,0.0,-0.4877953,0,0,0,0,0
458046893,0.027248796,-0.029608808,1.3638868,0.0,0.776065,0.019905858,-0.0029056098,0.63033205,0.0,0.0,-0.48770192,0,0,0,0,0
458096880,0.026779223,-0.032347634,1.3638868,0.0,0.7760416,0.02058639,-0.004116703,0.6303322,0.0,0.0,-0.48761263,0,0,0,0,0
458147346,0.026201457,-0.030447537,1.3638868,0.0,0.77606696,0.019763665,-0.003561255,0.6303306,0.0,0.0,-0.48791137,0,0,0,0,0
458196971,0.026726305,-0.03245389,1.3638868,0.0,0.7760411,0.020599326,-0.0041746236,0.63033205,0.0,0.0,-0.48923603,0,0,0,0,0
458247112,0.026034564,-0.030749796,1.3638868,0.0,0.7760656,0.019794118,-0.003731178,0.63033044,0.0,0.0,-0.49163696,0,0,0,0,0
458297186,0.028021537,-0.03139379,1.3638868,0.0,0.77603877,0.02076798,-0.0033549233,0.6303342,0.0,0.0,-0.49305138,0,0,0,0,0
458347084,0.026009973,-0.032535896,1.3638868,0.0,0.7760475,0.02034721,-0.004432217,0.6303305,0.0,0.0,-0.4945428,0,0,0,0,0
458397444,0.026431987,-0.031451948,1.3638868,0.0,0.77605444,0.020169513,-0.0038784712,0.6303314,0.0,0.0,-0.4947326,0,0,0,0,0
458447202,0.02774504,-0.031375296,1.3638868,0.0,0.77604187,0.020654865,-0.0034348883,0.6303337,0.0,0.0,-0.49401402,0,0,0,0,0
458497103,0.027266523,-0.035515223,1.3638868,0.0,0.7760021,0.021773223,-0.0051926384,0.630333,0.0,0.0,-0.49426588,0,0,0,0,0
458547268,0.02642707,-0.030464096,1.3638868,0.0,0.7760646,0.019856425,-0.0034965768,0.63033104,0.0,0.0,-0.49465144,0,0,0,0,0
458597236,0.025577856,-0.030112164,1.3638868,0.0,0.77607644,0.019416038,-0.0036276134,0.63032943,0.0,0.0,-0.4950972,0,0,0,0,0
458647413,0.030077884,-0.03326344,1.3638868,0.0,0.77599645,0.022154769,-0.0034325465,0.63033867,0.0,0.0,-0.4964322,0,0,0,0,0
458697313,0.0276877,-0.03192484,1.3638868,0.0,0.7760367,0.02080572,-0.003666268,0.63033384,0.0,0.0,-0.49693885,0,0,0,0,0
458747120,0.027351836,-0.030309152,1.3638868,0.0,0.7760569,0.020166453,-0.0031449802,0.6303325,0.0,0.0,-0.4969982,0,0,0,0,0
458797205,0.029601019,-0.0330197,1.3638868,0.0,0.77600443,0.021892974,-0.003488229,0.6303377,0.0,0.0,-0.49775794,0,0,0,0,0
458847583,0.029144226,-0.030344654,1.3638868,0.0,0.77603817,0.020873126,-0.0025938584,0.6303351,0.0,0.0,-0.4971568,0,0,0,0,0
458897368,0.02897862,-0.03205861,1.3638868,0.0,0.7760216,0.021348754,-0.0033113381,0.63033617,0.0,0.0,-0.49687114,0,0,0,0,0
458947338,0.03127041,-0.030382197,1.3638868,0.0,0.7760151,0.02170994,-0.0019383241,0.63033754,0.0,0.0,-0.49614024,0,0,0,0,0
458997334,0.029156083,-0.031197835,1.3638868,0.0,0.776029,0.021146473,-0.0029212902,0.63033587,0.0,0.0,-0.49531928,0,0,0,0,0
459047162,0.031122994,-0.030139994,1.3638868,0.0,0.77601933,0.021576453,-0.0018907725,0.6303371,0.0,0.0,-0.4948692,0,0,0,0,0
459097299,0.030424275,-0.030243754,1.3638868,0.0,0.7760257,0.021338025,-0.0021512622,0.6303365,0.0,0.0,-0.493037,0,0,0,0,0
459147554,0.029338233,-0.030864721,1.3638868,0.0,0.7760306,0.021112222,-0.0027345817,0.6303359,0.0,0.0,-0.4926157,0,0,0,0,0
459197211,0.033067327,-0.030781666,1.3638868,0.0,0.77599084,0.022532972,-0.0015270474,0.6303397,0.0,0.0,-0.49170333,0,0,0,0,0
459247334,0.029666133,-0.031780206,1.3638868,0.0,0.7760173,0.02152782,-0.0029865908,0.630337,0.0,0.0,-0.4913282,0,0,0,0,0
459297430,0.03746283,-0.03908216,1.3638868,0.0,0.7758342,0.026852349,-0.0033635541,0.63035625,0.0,0.0,-0.4935761,0,0,0,0,0
459347582,0.03504704,-0.03121384,1.3638868,0.0,0.7759631,0.023437198,-0.0010708534,0.6303418,0.0,0.0,-0.49808165,0,0,0,0,0
459397506,0.02434553,-0.026740728,1.3638868,0.0,0.77611977,0.017875744,-0.002707339,0.63032633,0.0,0.0,-0.5009687,0,0,0,0,0
459447448,0.039848734,-0.036680523,1.3638868,0.0,0.7758343,0.027021619,-0.0016793807,0.6303556,0.0,0.0,-0.5020896,0,0,0,0,0
459497402,0.032972366,-0.03632719,1.3638868,0.0,0.775927,0.02424273,-0.0037094953,0.63034576,0.0,0.0,-0.50060964,0,0,0,0,0
459547353,0.036029074,-0.039655022,1.3638868,0.0,0.7758456,0.026476558,-0.004037796,0.6303541,0.0,0.0,-0.50111455,0,0,0,0,0
459597574,0.033826496,-0.031583678,1.3638868,0.0,0.7759731,0.023080131,-0.0015990866,0.6303416,0.0,0.0,-0.50224644,0,0,0,0,0
459647651,0.035250936,-0.03341937,1.3638868,0.0,0.7759347,0.024210937,-0.0018626747,0.63034576,0.0,0.0,-0.503157,0,0,0,0,0
459697525,0.036273956,-0.0368859,1.3638868,0.0,0.7758787,0.02569954,-0.0028857845,0.6303519,0.0,0.0,-0.5027626,0,0,0,0,0
459747558,0.035930082,-0.0354191,1.3638868,0.0,0.77590173,0.025104204,-0.0024248236,0.6303494,0.0,0.0,-0.5018218,0,0,0,0,0
459797482,0.035014663,-0.036005955,1.3638868,0.0,0.77590585,0.024933884,-0.0029411316,0.630349,0.0,0.0,-0.49942064,0,0,0,0,0
459847664,0.03463384,-0.036854662,1.3638868,0.0,0.77589995,0.025053427,-0.0033905823,0.6303492,0.0,0.0,-0.49718902,0,0,0,0,0
459897825,0.036058344,-0.03479652,1.3638868,0.0,0.77590793,0.024957895,-0.0021427458,0.6303487,0.0,0.0,-0.4959046,0,0,0,0,0
459947533,0.033418685,-0.035768945,1.3638868,0.0,0.7759284,0.024240067,-0.0033521461,0.6303461,0.0,0.0,-0.49530706,0,0,0,0,0
459997623,0.03485424,-0.034661993,1.3638868,0.0,0.77592444,0.024448387,-0.0024700298,0.6303471,0.0,0.0,-0.49579635,0,0,0,0,0
460047693,0.034565892,-0.03549489,1.3638868,0.0,0.77591777,0.02459883,-0.0028842008,0.63034767,0.0,0.0,-0.4958161,0,0,0,0,0
460097617,0.033424582,-0.034477722,1.3638868,0.0,0.7759439,0.023835694,-0.0028490943,0.630345,0.0,0.0,-0.49775106,0,0,0,0,0
460147891,0.037221357,-0.03427775,1.3638868,0.0,0.7758998,0.02524571,-0.0015748303,0.63034886,0.0,0.0,-0.49778134,0,0,0,0,0
460197617,0.032585654,-0.03556804,1.3638868,0.0,0.77594084,0.023853604,-0.0035367126,0.63034457,0.0,0.0,-0.49777952,0,0,0,0,0
460247743,0.034224458,-0.035550073,1.3638868,0.0,0.7759212,0.024483748,-0.0030132304,0.6303473,0.0,0.0,-0.49675494,0,0,0,0,0
460297721,0.034436096,-0.03396462,1.3638868,0.0,0.7759379,0.024066534,-0.0023311286,0.63034564,0.0,0.0,-0.49566793,0,0,0,0,0
460347620,0.0324694,-0.035129968,1.3638868,0.0,0.77594745,0.023670532,-0.0034033114,0.630344,0.0,0.0,-0.4949378,0,0,0,0,0
460397845,0.03387092,-0.033243217,1.3638868,0.0,0.7759533,0.023620054,-0.0022292398,0.6303441,0.0,0.0,-0.4943993,0,0,0,0,0
460447816,0.034396,-0.033975404,1.3638868,0.0,0.7759383,0.02405437,-0.002347952,0.6303457,0.0,0.0,-0.494642,0,0,0,0,0
460497659,0.034010816,-0.03322957,1.3638868,0.0,0.7759518,0.023670029,-0.0021798539,0.6303441,0.0,0.0,-0.49624988,0,0,0,0,0
460547636,0.033389915,-0.032969706,1.3638868,0.0,0.7759621,0.02334729,-0.002274677,0.63034326,0.0,0.0,-0.49608603,0,0,0,0,0
460597883,0.03354023,-0.03332542,1.3638868,0.0,0.7759562,0.02351764,-0.0023653735,0.6303438,0.0,0.0,-0.49615642,0,0,0,0,0
460647886,0.03290425,-0.033474028,1.3638868,0.0,0.77596194,0.023317697,-0.0026234998,0.63034314,0.0,0.0,-0.49582615,0,0,0,0,0
460697735,0.03283841,-0.032750383,1.3638868,0.0,0.7759711,0.023064235,-0.0023633621,0.6303422,0.0,0.0,-0.49557444,0,0,0,0,0
460747926,0.032675073,-0.032078177,1.3638868,0.0,0.77598065,0.022789143,-0.0021539226,0.6303412,0.0,0.0,-0.49640173,0,0,0,0,0
460797748,0.033760715,-0.033467628,1.3638868,0.0,0.7759519,0.023647971,-0.0023510829,0.6303443,0.0,0.0,-0.49635458,0,0,0,0,0
460847818,0.032789435,-0.03221963,1.3638868,0.0,0.77597773,0.022878062,-0.0021727863,0.63034153,0.0,0.0,-0.49724346,0,0,0,0,0
460898190,0.03221466,-0.03188131,1.3638868,0.0,0.77598804,0.022548497,-0.002222615,0.6303404,0.0,0.0,-0.49929544,0,0,0,0,0
460947925,0.0343059,-0.03160295,1.3638868,0.0,0.7759673,0.023272198,-0.0014554724,0.63034195,0.0,0.0,-0.5000791,0,0,0,0,0
460998047,0.031693645,-0.030848986,1.3638868,0.0,0.7760054,0.022021187,-0.0019861222,0.6303387,0.0,0.0,-0.50031334,0,0,0,0,0
461047919,0.033950284,-0.03235737,1.3638868,0.0,0.7759627,0.02337184,-0.0018603822,0.63034284,0.0,0.0,-0.49991563,0,0,0,0,0
461097886,0.032383654,-0.031938296,1.3638868,0.0,0.77598554,0.022632016,-0.0021914751,0.6303407,0.0,0.0,-0.4983851,0,0,0,0,0
461148310,0.03322729,-0.03095577,1.3638868,0.0,0.7759871,0.022649873,-0.001544212,0.63034016,0.0,0.0,-0.4975668,0,0,0,0,0
461198060,0.035392564,-0.030603934,1.3638868,0.0,0.7759661,0.023379156,-0.0007252163,0.63034075,0.0,0.0,-0.49738085,0,0,0,0,0
461247904,0.02056461,-0.019215293,1.3638868,0.0,0.77621007,0.014037467,-0.0009778256,0.6303173,0.0,0.0,-0.49213004,0,0,0,0,0
461298078,0.023478862,-0.021929782,1.3638868,0.0,0.776168,0.016023729,-0.0011130435,0.63032156,0.0,0.0,-0.49367806,0,0,0,0,0
461348276,0.02741154,-0.020989794,1.3638868,0.0,0.77614295,0.017253766,0.00049124996,0.6303208,0.0,0.0,-0.49384558,0,0,0,0,0
461398173,0.01986942,-0.020141598,1.3638868,0.0,0.7762085,0.014059522,-0.0015564819,0.63031757,0.0,0.0,-0.4958818,0,0,0,0,0
461448069,0.026831063,-0.021754393,1.3638868,0.0,0.7761415,0.017269386,1.1518216e-05,0.63032234,0.0,0.0,-0.49850354,0,0,0,0,0
461498013,0.026153436,-0.023359226,1.3638868,0.0,0.77613366,0.017512016,-0.0008249809,0.6303246,0.0,0.0,-0.49902758,0,0,0,0,0
461548082,0.026096903,-0.02294655,1.3638868,0.0,0.7761377,0.017360069,-0.0006826109,0.63032407,0.0,0.0,-0.50125575,0,0,0,0,0
461598179,0.030021306,-0.025887987,1.3638868,0.0,0.7760743,0.019809585,-0.0005875357,0.63032997,0.0,0.0,-0.5025876,0,0,0,0,0
461648163,0.028936177,-0.023301808,1.3638868,0.0,0.77610904,0.018573802,7.4324336e-05,0.6303251,0.0,0.0,-0.50384945,0,0,0,0,0
461698110,0.028322982,-0.02651573,1.3638868,0.0,0.77608484,0.019348316,-0.001366453,0.63033015,0.0,0.0,-0.5034549,0,0,0,0,0
461748203,0.03077175,-0.027808325,1.3638868,0.0,0.7760475,0.020705704,-0.0010964175,0.6303335,0.0,0.0,-0.5025905,0,0,0,0,0
461798002,0.031161122,-0.02776287,1.3638868,0.0,0.7760439,0.02084247,-0.00095605594,0.6303336,0.0,0.0,-0.5008942,0,0,0,0,0
461848323,0.03132079,-0.029804608,1.3638868,0.0,0.77602077,0.021547558,-0.0016982519,0.63033694,0.0,0.0,-0.50076216,0,0,0,0,0
461898488,0.03163481,-0.028975131,1.3638868,0.0,0.77602625,0.021408122,-0.0012773137,0.6303359,0.0,0.0,-0.5002481,0,0,0,0,0
461948087,0.035643958,-0.031739302,1.3638868,0.0,0.77594995,0.023834288,-0.0010866799,0.6303431,0.0,0.0,-0.50108296,0,0,0,0,0
461998140,0.03372943,-0.034085196,1.3638868,0.0,0.77594495,0.023830343,-0.0026006526,0.63034505,0.0,0.0,-0.50130844,0,0,0,0,0
462048270,0.038495358,-0.03779029,1.3638868,0.0,0.77583766,0.026846083,-0.002536689,0.6303561,0.0,0.0,-0.50095546,0,0,0,0,0
462098460,0.03123401,-0.033187684,1.3638868,0.0,0.77598435,0.022579482,-0.0030387666,0.6303406,0.0,0.0,-0.5007561,0,0,0,0,0
462148383,0.037157804,-0.039747797,1.3638868,0.0,0.77582926,0.026943631,-0.0037180565,0.6303564,0.0,0.0,-0.49978277,0,0,0,0,0
462198250,0.03957688,-0.042929713,1.3638868,0.0,0.77575076,0.028883878,-0.004190658,0.6303642,0.0,0.0,-0.49760342,0,0,0,0,0
462248160,0.036130324,-0.04040584,1.3638868,0.0,0.77583414,0.026752265,-0.0042973147,0.63035494,0.0,0.0,-0.4974157,0,0,0,0,0
462298388,0.04000917,-0.040878847,1.3638868,0.0,0.77577406,0.028405817,-0.003258377,0.63036263,0.0,0.0,-0.49527636,0,0,0,0,0
462348537,0.03826753,-0.05340421,1.3638868,0.0,0.7756084,0.031673618,-0.008668869,0.63035965,0.0,0.0,-0.4940584,0,0,0,0,0
462398429,0.039694548,-0.048728906,1.3638868,0.0,0.77566123,0.030755272,-0.0064044674,0.63036716,0.0,0.0,-0.49353388,0,0,0,0,0
462448435,0.041612554,-0.04757343,1.3638868,0.0,0.7756497,0.031135384,-0.0053514554,0.6303725,0.0,0.0,-0.49228632,0,0,0,0,0
462498411,0.038461667,-0.052733127,1.3638868,0.0,0.77561635,0.03153766,-0.008347213,0.63036096,0.0,0.0,-0.49149218,0,0,0,0,0
462548310,0.042423822,-0.047375966,1.3638868,0.0,0.7756402,0.031387847,-0.005019114,0.6303745,0.0,0.0,-0.49105588,0,0,0,0,0
462598403,0.043936037,-0.060099084,1.3638868,0.0,0.7753956,0.03597867,-0.009480658,0.6303787,0.0,0.0,-0.49194443,0,0,0,0,0
462648710,0.037884433,-0.058693238,1.3638868,0.0,0.77552545,0.033189856,-0.010842388,0.63035,0.0,0.0,-0.49193805,0,0,0,0,0
462698456,0.041802242,-0.05812432,1.3638868,0.0,0.7754691,0.03452992,-0.009386766,0.6303707,0.0,0.0,-0.49146715,0,0,0,0,0
462748411,0.044320602,-0.05617759,1.3638868,0.0,0.7754602,0.03489371,-0.007837444,0.63038284,0.0,0.0,-0.49209663,0,0,0,0,0
462798382,0.043158308,-0.072603874,1.3638868,0.0,0.77516353,0.03961149,-0.014578843,0.63034904,0.0,0.0,-0.4941614,0,0,0,0,0
462848822,0.042853434,-0.06587812,1.3638868,0.0,0.7753053,0.037377387,-0.01206476,0.6303643,0.0,0.0,-0.49372926,0,0,0,0,0
462898741,0.04214916,-0.06670481,1.3638868,0.0,0.7753023,0.03736448,-0.012607563,0.6303581,0.0,0.0,-0.49382704,0,0,0,0,0
462948402,0.04285775,-0.06560471,1.3638868,0.0,0.7753105,0.03729303,-0.011957287,0.6303649,0.0,0.0,-0.49312732,0,0,0,0,0
462998573,0.04430807,-0.057348393,1.3638868,0.0,0.7754394,0.035257313,-0.008295806,0.63038236,0.0,0.0,-0.4932762,0,0,0,0,0
463048594,0.04149426,-0.08165105,1.3638868,0.0,0.7750017,0.04181221,-0.018614097,0.6302996,0.0,0.0,-0.49464622,0,0,0,0,0
463098720,0.043770626,-0.071473904,1.3638868,0.0,0.7751749,0.03949336,-0.01394734,0.6303567,0.0,0.0,-0.4940978,0,0,0,0,0
463148617,0.047909476,-0.07122713,1.3638868,0.0,0.77509683,0.041019823,-0.012547066,0.6303847,0.0,0.0,-0.4948615,0,0,0,0,0
463198671,0.040100385,-0.06908073,1.3638868,0.0,0.7752938,0.037317816,-0.014175353,0.63033795,0.0,0.0,-0.49510008,0,0,0,0,0
463248527,0.04798036,-0.087491624,1.3638868,0.0,0.7747221,0.046161547,-0.018836264,0.63033324,0.0,0.0,-0.4955748,0,0,0,0,0
463298467,0.049166754,-0.07584496,1.3638868,0.0,0.7749693,0.042959347,-0.013942861,0.6303829,0.0,0.0,-0.49733907,0,0,0,0,0
463348924,0.04279138,-0.0781325,1.3638868,0.0,0.7750527,0.04120826,-0.016839951,0.6303266,0.0,0.0,-0.49701676,0,0,0,0,0
463398876,0.047430478,-0.07192633,1.3638868,0.0,0.7750917,0.04105411,-0.01296939,0.6303803,0.0,0.0,-0.49690664,0,0,0,0,0
463448605,0.048497204,-0.066643365,1.3638868,0.0,0.77518106,0.039805777,-0.010582887,0.630395,0.0,0.0,-0.49705485,0,0,0,0,0
463498742,0.04526322,-0.088548675,1.3638868,0.0,0.7747586,0.0454413,-0.020102747,0.63030165,0.0,0.0,-0.49743184,0,0,0,0,0
463548714,0.05028668,-0.074687585,1.3638868,0.0,0.7749711,0.043029353,-0.013140721,0.63039315,0.0,0.0,-0.499071,0,0,0,0,0
463598633,0.050095357,-0.075713575,1.3638868,0.0,0.7749522,0.043277845,-0.013599188,0.63038975,0.0,0.0,-0.49826068,0,0,0,0,0
463649043,0.044240225,-0.07138806,1.3638868,0.0,0.77516747,0.039648365,-0.013766014,0.6303602,0.0,0.0,-0.49727327,0,0,0,0,0
463698619,0.055951525,-0.09000537,1.3638868,0.0,0.7744666,0.0500388,-0.017299289,0.6303955,0.0,0.0,-0.49970332,0,0,0,0,0
463748849,0.05317689,-0.07524599,1.3638868,0.0,0.77489537,0.044324797,-0.012446428,0.6304107,0.0,0.0,-0.49978858,0,0,0,0,0
463798836,0.048418835,-0.07803453,1.3638868,0.0,0.7749359,0.043358073,-0.015028302,0.6303718,0.0,0.0,-0.5007625,0,0,0,0,0
463848873,0.05494124,-0.06897484,1.3638868,0.0,0.7749979,0.04303645,-0.009456535,0.6304258,0.0,0.0,-0.5008206,0,0,0,0,0
463899119,0.04811243,-0.061000507,1.3638868,0.0,0.7753013,0.0378814,-0.008514137,0.63039696,0.0,0.0,-0.5004338,0,0,0,0,0
463948884,0.05509208,-0.08101898,1.3638868,0.0,0.774715,0.046881683,-0.014083066,0.6304129,0.0,0.0,-0.5019118,0,0,0,0,0
463998759,0.057816375,-0.068134084,1.3638868,0.0,0.7749541,0.04388614,-0.008223951,0.6304384,0.0,0.0,-0.50116664,0,0,0,0,0
464048865,0.053829804,-0.06899753,1.3638868,0.0,0.7750212,0.042612895,-0.009815679,0.63042045,0.0,0.0,-0.5008316,0,0,0,0,0
464098874,0.057032876,-0.058850516,1.3638868,0.0,0.77516896,0.04066274,-0.0048679137,0.6304252,0.0,0.0,-0.5013768,0,0,0,0,0
464149098,0.06037812,-0.07733892,1.3638868,0.0,0.77467984,0.047772475,-0.010988708,0.63045084,0.0,0.0,-0.50243336,0,0,0,0,0
464198964,0.058643218,-0.06245562,1.3638868,0.0,0.77506024,0.042420775,-0.005759488,0.6304355,0.0,0.0,-0.5025319,0,0,0,0,0
464248853,0.06139674,-0.06030052,1.3638868,0.0,0.7750476,0.042810053,-0.0040551163,0.630438,0.0,0.0,-0.5039271,0,0,0,0,0
464298837,0.06057155,-0.05642487,1.3638868,0.0,0.775146,0.041271262,-0.0028110514,0.63042635,0.0,0.0,-0.5035855,0,0,0,0,0
464349193,0.053395964,-0.049809024,1.3638868,0.0,0.7754129,0.036408238,-0.0025051115,0.63039905,0.0,0.0,-0.5020121,0,0,0,0,0
464399031,0.06783698,-0.057637285,1.3638868,0.0,0.77496463,0.044468123,-0.0009914183,0.63043743,0.0,0.0,-0.5046962,0,0,0,0,0
464448938,0.06372196,-0.05009085,1.3638868,0.0,0.775209,0.040499855,0.00064027804,0.6304049,0.0,0.0,-0.5040183,0,0,0,0,0
464499055,0.06424726,-0.049414914,1.3638868,0.0,0.77521175,0.040490817,0.0010681864,0.6304015,0.0,0.0,-0.5039775,0,0,0,0,0
464548879,0.061855953,-0.04207682,1.3638868,0.0,0.7753962,0.037255023,0.003162437,0.63036716,0.0,0.0,-0.5029346,0,0,0,0,0
464599007,0.07393225,-0.047791634,1.3638868,0.0,0.7750408,0.043733776,0.004750841,0.6303781,0.0,0.0,-0.5050876,0,0,0,0,0
464649276,0.0660299,-0.04119461,1.3638868,0.0,0.7753331,0.038595587,0.0048203683,0.6303537,0.0,0.0,-0.5045383,0,0,0,0,0
464698952,0.06741672,-0.038731866,1.3638868,0.0,0.7753514,0.03835831,0.0062132278,0.6303334,0.0,0.0,-0.5038485,0,0,0,0,0
464749031,0.070825584,-0.032545302,1.3638868,0.0,0.77539665,0.037733126,0.009688387,0.6302716,0.0,0.0,-0.5039527,0,0,0,0,0
464799087,0.0580635,-0.030508019,1.3638868,0.0,0.7756527,0.032143213,0.006457111,0.6303078,0.0,0.0,-0.5039413,0,0,0,0,0
464848941,0.078318745,-0.027024014,1.3638868,0.0,0.77534986,0.038900677,0.0141920345,0.6301729,0.0,0.0,-0.5042863,0,0,0,0,0
464899082,0.06967877,-0.027741456,1.3638868,0.0,0.775499,0.03577663,0.011191161,0.630235,0.0,0.0,-0.5039927,0,0,0,0,0
464949141,0.06845515,-0.023535267,1.3638868,0.0,0.775587,0.033978183,0.012437804,0.6302029,0.0,0.0,-0.503868,0,0,0,0,0
464999054,0.07022505,-0.017367948,1.3638868,0.0,0.7756493,0.032723047,0.015388594,0.6301274,0.0,0.0,-0.50316477,0,0,0,0,0
465049222,0.07630709,-0.015466409,1.3638868,0.0,0.7755751,0.034483068,0.018042497,0.6300545,0.0,0.0,-0.50434124,0,0,0,0,0
465099498,0.07141887,-0.013556978,1.3638868,0.0,0.77568394,0.031986207,0.01724338,0.63007456,0.0,0.0,-0.50338715,0,0,0,0,0
465149123,0.072196946,-0.010696154,1.3638868,0.0,0.7757107,0.031387232,0.018598458,0.6300332,0.0,0.0,-0.50310326,0,0,0,0,0
465199214,0.07085014,-0.005886705,1.3638868,0.0,0.7757931,0.029350394,0.020040128,0.62998575,0.0,0.0,-0.5023929,0,0,0,0,0
465249279,0.07476422,-0.0019282203,1.3638868,0.0,0.7757838,0.029622061,0.022808598,0.6298903,0.0,0.0,-0.502469,0,0,0,0,0
465299193,0.072351456,0.0006949475,1.3638868,0.0,0.77584916,0.02786,0.023066277,0.6298808,0.0,0.0,-0.5036942,0,0,0,0,0
465349423,0.072376475,0.004285865,1.3638868,0.0,0.775888,0.026738705,0.024467098,0.6298287,0.0,0.0,-0.50363475,0,0,0,0,0
465399584,0.07115385,-0.00023827961,1.3638868,0.0,0.7758553,0.027689341,0.022327077,0.6299074,0.0,0.0,-0.504565,0,0,0,0,0
465449218,0.0750859,-0.0068118405,1.3638868,0.0,0.7757171,0.031284675,0.021015424,0.6299545,0.0,0.0,-0.508236,0,0,0,0,0
465499304,0.06539619,0.019373072,1.3638868,0.0,0.7760975,0.019277334,0.028121062,0.62969065,0.0,0.0,-0.5137114,0,0,0,0,0
465549209,0.061783906,0.01662395,1.3638868,0.0,0.7761138,0.0187418,0.025917362,0.62978125,0.0,0.0,-0.5151475,0,0,0,0,0
465599507,0.08307219,0.0055402596,1.3638868,0.0,0.7757492,0.03049261,0.028321428,0.62966764,0.0,0.0,-0.5137299,0,0,0,0,0
465649364,0.058377545,0.0096958475,1.3638868,0.0,0.7760986,0.01960285,0.022157006,0.6299172,0.0,0.0,-0.51206034,0,0,0,0,0
465699298,0.07275643,0.02627241,1.3638868,0.0,0.77606976,0.019959463,0.033113506,0.62946075,0.0,0.0,-0.50978154,0,0,0,0,0
465749335,0.06947657,0.016788239,1.3638868,0.0,0.7760373,0.021675084,0.028403232,0.6296742,0.0,0.0,-0.50673836,0,0,0,0,0
465799403,0.06471755,0.023234257,1.3638868,0.0,0.7761274,0.01779732,0.029404921,0.6296387,0.0,0.0,-0.50528836,0,0,0,0,0
465849541,0.05550642,0.019929651,1.3638868,0.0,0.77618605,0.015264011,0.025222896,0.62981427,0.0,0.0,-0.5040829,0,0,0,0,0
465899384,0.0704938,0.03880234,1.3638868,0.0,0.77615196,0.015132838,0.03725923,0.62926215,0.0,0.0,-0.50463706,0,0,0,0,0
465949381,0.061212458,0.033015806,1.3638868,0.0,0.7761983,0.013354542,0.032094877,0.6295297,0.0,0.0,-0.50354314,0,0,0,0,0
465999442,0.05442835,0.030399997,1.3638868,0.0,0.77623284,0.011545968,0.02894476,0.6296757,0.0,0.0,-0.5018875,0,0,0,0,0
466049392,0.05033651,0.031352542,1.3638868,0.0,0.7762566,0.009657626,0.02802591,0.6297197,0.0,0.0,-0.5026849,0,0,0,0,0
466099829,0.04756124,0.027318502,1.3638868,0.0,0.77626204,0.009851838,0.025587203,0.6298139,0.0,0.0,-0.5021807,0,0,0,0,0
466149612,0.05517156,0.046363633,1.3638868,0.0,0.77624834,0.0068030283,0.035369255,0.6293976,0.0,0.0,-0.50234467,0,0,0,0,0
466199399,0.043850984,0.035475764,1.3638868,0.0,0.77628565,0.0058408296,0.027583182,0.62975043,0.0,0.0,-0.500616,0,0,0,0,0
466249632,0.044902578,0.03882484,1.3638868,0.0,0.776282,0.0051934374,0.029213334,0.62968713,0.0,0.0,-0.50064427,0,0,0,0,0
466299456,0.03954197,0.035065718,1.3638868,0.0,0.77629673,0.0042975433,0.026067248,0.6298138,0.0,0.0,-0.50092983,0,0,0,0,0
466349433,0.047945667,0.053487845,1.3638868,0.0,0.7762527,0.0017529331,0.03585748,0.62939894,0.0,0.0,-0.502075,0,0,0,0,0
466399636,0.03698808,0.041001566,1.3638868,0.0,0.7762923,0.0014354099,0.027565664,0.62976843,0.0,0.0,-0.5012605,0,0,0,0,0
466449495,0.037343238,0.043718264,1.3638868,0.0,0.7762857,0.0007170152,0.02873129,0.6297257,0.0,0.0,-0.500936,0,0,0,0,0
466499640,0.03213218,0.037287347,1.3638868,0.0,0.77630293,0.00072122697,0.024595603,0.62987953,0.0,0.0,-0.50123477,0,0,0,0,0
466549704,0.038843732,0.05879968,1.3638868,0.0,0.77622724,-0.0034539553,0.03505255,0.6294686,0.0,0.0,-0.5021857,0,0,0,0,0
466599788,0.02915625,0.043750715,1.3638868,0.0,0.776282,-0.0024709294,0.026165871,0.62983775,0.0,0.0,-0.501065,0,0,0,0,0
466649952,0.026812531,0.04444482,1.3638868,0.0,0.7762756,-0.0035993769,0.025697052,0.62985945,0.0,0.0,-0.5020186,0,0,0,0,0
466699663,0.024672635,0.03936865,1.3638868,0.0,0.7762928,-0.002830151,0.023053678,0.6299445,0.0,0.0,-0.50314003,0,0,0,0,0
466749504,0.013552647,0.031268436,1.3638868,0.0,0.7763033,-0.0045935567,0.016407423,0.6301292,0.0,0.0,-0.50246346,0,0,0,0,0
466799810,0.023732567,0.049489476,1.3638868,0.0,0.77624196,-0.0063846475,0.026684133,0.62983775,0.0,0.0,-0.502721,0,0,0,0,0
466850008,0.017530825,0.040055234,1.3638868,0.0,0.7762744,-0.0058185677,0.021070475,0.6300161,0.0,0.0,-0.50334775,0,0,0,0,0
466899653,0.016326185,0.037112556,1.3638868,0.0,0.7762852,-0.0053587668,0.019549126,0.63005596,0.0,0.0,-0.50376666,0,0,0,0,0
466949819,0.00550973,0.030052181,1.3638868,0.0,0.77628475,-0.007332104,0.013401213,0.63019735,0.0,0.0,-0.5031788,0,0,0,0,0
466999831,0.016392656,0.049749546,1.3638868,0.0,0.7762115,-0.009315328,0.024473386,0.6299286,0.0,0.0,-0.5052624,0,0,0,0,0
467049635,0.012605606,0.03582978,1.3638868,0.0,0.7762804,-0.00639862,0.017879201,0.63010174,0.0,0.0,-0.5053719,0,0,0,0,0
467100118,0.005139917,0.030845158,1.3638868,0.0,0.77627933,-0.007725534,0.013592452,0.63019526,0.0,0.0,-0.5036856,0,0,0,0,0
467149717,0.0029314957,0.026249984,1.3638868,0.0,0.7762937,-0.007134641,0.011113059,0.63023305,0.0,0.0,-0.50474113,0,0,0,0,0
467199806,0.0011949787,0.020365322,1.3638868,0.0,0.7763127,-0.0059542125,0.008281742,0.63026553,0.0,0.0,-0.5062406,0,0,0,0,0
467249870,0.0030205746,0.033137266,1.3638868,0.0,0.7762576,-0.00927042,0.01381425,0.63019633,0.0,0.0,-0.5056346,0,0,0,0,0
467299705,-0.004171723,0.01983753,1.3638868,0.0,0.7762963,-0.007870987,0.0063856235,0.63028675,0.0,0.0,-0.5051659,0,0,0,0,0
467350011,0.0016137977,0.021741727,1.3638868,0.0,0.77630866,-0.006225401,0.008947978,0.6302588,0.0,0.0,-0.5061552,0,0,0,0,0
467399922,-0.007454032,0.011636849,1.3638868,0.0,0.77631706,-0.0065607345,0.0021679685,0.63030475,0.0,0.0,-0.50585777,0,0,0,0,0
467449737,-0.010089017,0.023767337,1.3638868,0.0,0.7762468,-0.011406046,0.006046212,0.630297,0.0,0.0,-0.5064417,0,0,0,0,0
467499859,-0.0031907498,0.013339223,1.3638868,0.0,0.7763243,-0.0054423795,0.0041723563,0.63029635,0.0,0.0,-0.5061894,0,0,0,0,0
467549916,-0.011132708,0.010098164,1.3638868,0.0,0.7763096,-0.007503746,0.00041134696,0.630307,0.0,0.0,-0.5058741,0,0,0,0,0
467600092,-0.016111745,0.0006425597,1.3638868,0.0,0.77632236,-0.0064565996,-0.0048281676,0.63028455,0.0,0.0,-0.5057664,0,0,0,0,0
467650013,-0.009119998,-0.0009940004,1.3638868,0.0,0.7763425,-0.0032268814,-0.003260012,0.6302946,0.0,0.0,-0.5050819,0,0,0,0,0
467700054,-0.016891636,0.0032124673,1.3638868,0.0,0.77631205,-0.0075691957,-0.0040764017,0.6302902,0.0,0.0,-0.50500095,0,0,0,0,0
467749937,-0.019174505,-0.0042420398,1.3638868,0.0,0.7763246,-0.006106103,-0.007689343,0.6302568,0.0,0.0,-0.5044387,0,0,0,0,0
467799971,-0.013657104,-0.0053536803,1.3638868,0.0,0.7763399,-0.0036141025,-0.0063821203,0.63027185,0.0,0.0,-0.5036829,0,0,0,0,0
467850302,-0.021182055,-0.014397114,1.3638868,0.0,0.77633363,-0.0036849908,-0.012263491,0.6301921,0.0,0.0,-0.5038339,0,0,0,0,0
467899981,-0.023026932,-0.0063035055,1.3638868,0.0,0.77631676,-0.0069518047,-0.009703469,0.6302299,0.0,0.0,-0.5042419,0,0,0,0,0
467950119,-0.01968014,-0.014128483,1.3638868,0.0,0.7763361,-0.0031866573,-0.011685979,0.6302028,0.0,0.0,-0.5044796,0,0,0,0,0
468000039,-0.025632394,-0.021815551,1.3638868,0.0,0.77632743,-0.003074479,-0.016544765,0.6301052,0.0,0.0,-0.5037419,0,0,0,0,0
468049966,-0.021215783,-0.02280467,1.3638868,0.0,0.7763313,-0.001048373,-0.015537132,0.6301327,0.0,0.0,-0.50427216,0,0,0,0,0
468100395,-0.01820967,-0.03017943,1.3638868,0.0,0.7763153,0.002442708,-0.017452031,0.63009846,0.0,0.0,-0.5044851,0,0,0,0,0
468150198,-0.032907136,-0.027493311,1.3638868,0.0,0.77631336,-0.0041088187,-0.02103971,0.62998253,0.0,0.0,-0.50370437,0,0,0,0,0
468200038,-0.025271146,-0.03233112,1.3638868,0.0,0.7763146,0.00037987,-0.020511558,0.6300117,0.0,0.0,-0.50375026,0,0,0,0,0
468250177,-0.02303833,-0.034687754,1.3638868,0.0,0.7763069,0.0019892713,-0.020722648,0.63001126,0.0,0.0,-0.50282705,0,0,0,0,0
468300137,-0.027606005,-0.043026745,1.3638868,0.0,0.7762828,0.0028444754,-0.025396798,0.6298666,0.0,0.0,-0.50266993,0,0,0,0,0
468350352,-0.03506574,-0.03700764,1.3638868,0.0,0.7763015,-0.001948047,-0.02541096,0.6298464,0.0,0.0,-0.5037129,0,0,0,0,0
468400142,-0.02804853,-0.04297766,1.3638868,0.0,0.7762836,0.002657243,-0.025517115,0.62986153,0.0,0.0,-0.5026077,0,0,0,0,0
468450139,-0.03153776,-0.048874587,1.3638868,0.0,0.77626383,0.0031614543,-0.028903421,0.6297373,0.0,0.0,-0.5021108,0,0,0,0,0
468500364,-0.027319256,-0.048647057,1.3638868,0.0,0.77625656,0.004727075,-0.02748682,0.6297999,0.0,0.0,-0.5028474,0,0,0,0,0
468550303,-0.038904045,-0.048121944,1.3638868,0.0,0.77627265,6.513129e-05,-0.030930731,0.629638,0.0,0.0,-0.50358766,0,0,0,0,0
468600446,-0.038066655,-0.056895535,1.3638868,0.0,0.77623576,0.0031554077,-0.03406961,0.62951356,0.0,0.0,-0.50411266,0,0,0,0,0
468650155,-0.027464438,-0.05688369,1.3638868,0.0,0.7762082,0.0072665215,-0.030727431,0.6296855,0.0,0.0,-0.5051036,0,0,0,0,0
468700423,-0.027375288,-0.05801452,1.3638868,0.0,0.7762002,0.0076574967,-0.031137964,0.6296706,0.0,0.0,-0.50439346,0,0,0,0,0
468750154,-0.025425822,-0.06400688,1.3638868,0.0,0.7761454,0.0103024505,-0.032848265,0.62961346,0.0,0.0,-0.504472,0,0,0,0,0
468800155,-0.039585467,-0.06416356,1.3638868,0.0,0.7761979,0.004856648,-0.0373657,0.6293624,0.0,0.0,-0.505333,0,0,0,0,0
468850636,-0.027872557,-0.06492822,1.3638868,0.0,0.7761499,0.009643277,-0.03397578,0.6295585,0.0,0.0,-0.50599605,0,0,0,0,0
468900292,-0.028999504,-0.06934627,1.3638868,0.0,0.77611786,0.010598195,-0.036043666,0.62946767,0.0,0.0,-0.50628483,0,0,0,0,0
468950182,-0.025632324,-0.06975315,1.3638868,0.0,0.7760951,0.012033054,-0.03514162,0.629521,0.0,0.0,-0.5044165,0,0,0,0,0
469000458,-0.0139403865,-0.07009065,1.3638868,0.0,0.77600765,0.016676178,-0.03159178,0.62971103,0.0,0.0,-0.5047969,0,0,0,0,0
469050259,-0.03457071,-0.07440695,1.3638868,0.0,0.77610135,0.010031033,-0.039758842,0.6292736,0.0,0.0,-0.5050378,0,0,0,0,0
469100503,-0.026272245,-0.0757756,1.3638868,0.0,0.77603877,0.0136824185,-0.037678152,0.62940997,0.0,0.0,-0.50392675,0,0,0,0,0
469150432,-0.0214374,-0.07823101,1.3638868,0.0,0.77597505,0.016331986,-0.037108533,0.6294592,0.0,0.0,-0.5039531,0,0,0,0,0
469200397,-0.013850094,-0.074697554,1.3638868,0.0,0.7759522,0.018162543,-0.033350058,0.6296475,0.0,0.0,-0.5047889,0,0,0,0,0
469250530,-0.037642,-0.08359173,1.3638868,0.0,0.7760295,0.011733678,-0.04428487,0.6290305,0.0,0.0,-0.5051564,0,0,0,0,0
469300464,-0.021128543,-0.08180289,1.3638868,0.0,0.7759289,0.017577123,-0.03839618,0.6294053,0.0,0.0,-0.5058127,0,0,0,0,0
469350483,-0.016201805,-0.08227179,1.3638868,0.0,0.775877,0.019636173,-0.037027415,0.6294905,0.0,0.0,-0.5055623,0,0,0,0,0
469400817,-0.017617324,-0.084481396,1.3638868,0.0,0.7758611,0.019783078,-0.038329612,0.6294275,0.0,0.0,-0.5049684,0,0,0,0,0
469450552,-0.0034489764,-0.07992098,1.3638868,0.0,0.7757718,0.023842735,-0.032101072,0.6297454,0.0,0.0,-0.50536764,0,0,0,0,0
469500376,-0.023450997,-0.0883901,1.3638868,0.0,0.77586436,0.018751303,-0.041680496,0.6292422,0.0,0.0,-0.50510305,0,0,0,0,0
469550590,-0.011468244,-0.086355895,1.3638868,0.0,0.77576894,0.02275878,-0.037121046,0.629513,0.0,0.0,-0.504399,0,0,0,0,0
469600827,-0.012949891,-0.08591428,1.3638868,0.0,0.775792,0.022044972,-0.03741617,0.62949246,0.0,0.0,-0.5046916,0,0,0,0,0
469650469,0.0028073746,-0.08298214,1.3638868,0.0,0.77564365,0.027233228,-0.0313183,0.629805,0.0,0.0,-0.5052617,0,0,0,0,0
469700629,-0.017035764,-0.08962149,1.3638868,0.0,0.7757823,0.021627737,-0.04013928,0.6293512,0.0,0.0,-0.50444454,0,0,0,0,0
469750572,-0.010265235,-0.087832995,1.3638868,0.0,0.7757325,0.023690594,-0.037315104,0.6295121,0.0,0.0,-0.5043831,0,0,0,0,0
469800588,-0.001039911,-0.08399768,1.3638868,0.0,0.7756783,0.026060896,-0.03292362,0.62973017,0.0,0.0,-0.50424755,0,0,0,0,0
469850920,0.004392354,-0.0850481,1.3638868,0.0,0.7755867,0.028498352,-0.03162048,0.6298042,0.0,0.0,-0.50344884,0,0,0,0,0
469900486,-0.0007698217,-0.09980151,1.3638868,0.0,0.7753949,0.031141084,-0.03896664,0.6295035,0.0,0.0,-0.50564533,0,0,0,0,0
469950747,0.009666857,-0.08752645,1.3638868,0.0,0.7754636,0.031323787,-0.030920709,0.62985635,0.0,0.0,-0.5102185,0,0,0,0,0
470000778,0.011304714,-0.09507573,1.3638868,0.0,0.7752905,0.034334715,-0.033332843,0.6297894,0.0,0.0,-0.51808494,0,0,0,0,0
470050596,0.023162361,-0.09354885,1.3638868,0.0,0.77510685,0.038450338,-0.029006107,0.62999177,0.0,0.0,-0.52574956,0,0,0,0,0
470100877,0.020946758,-0.07898479,1.3638868,0.0,0.77544075,0.033008855,-0.024054106,0.6300979,0.0,0.0,-0.5293479,0,0,0,0,0
470150776,0.020156665,-0.09408237,1.3638868,0.0,0.7751523,0.03745328,-0.0301598,0.62994164,0.0,0.0,-0.52892053,0,0,0,0,0
470200703,0.03678317,-0.09615523,1.3638868,0.0,0.77476394,0.04454766,-0.02572611,0.6301543,0.0,0.0,-0.52633214,0,0,0,0,0
470250642,0.04349515,-0.09828136,1.3638868,0.0,0.77455544,0.047815736,-0.024436025,0.63022256,0.0,0.0,-0.5249125,0,0,0,0,0
470300863,0.032118414,-0.08586393,1.3638868,0.0,0.77509946,0.039503872,-0.023203261,0.63017607,0.0,0.0,-0.5251829,0,0,0,0,0
470350862,0.04168969,-0.08947984,1.3638868,0.0,0.77481633,0.04434969,-0.021590203,0.6302592,0.0,0.0,-0.526284,0,0,0,0,0
470400748,0.05474197,-0.0971262,1.3638868,0.0,0.7743061,0.051807716,-0.02044347,0.6303554,0.0,0.0,-0.5272593,0,0,0,0,0
470450830,0.047946572,-0.08931925,1.3638868,0.0,0.7746778,0.046722952,-0.01955606,0.63032436,0.0,0.0,-0.52859175,0,0,0,0,0
470500696,0.053954884,-0.08236736,1.3638868,0.0,0.7747087,0.04686504,-0.014964768,0.63040155,0.0,0.0,-0.5303323,0,0,0,0,0
470550815,0.07222114,-0.09243791,1.3638868,0.0,0.7739633,0.057100974,-0.013114542,0.6305144,0.0,0.0,-0.5313589,0,0,0,0,0
470601075,0.062636554,-0.08929201,1.3638868,0.0,0.77431446,0.052403092,-0.014915276,0.6304511,0.0,0.0,-0.53282267,0,0,0,0,0
470650761,0.06201056,-0.08184491,1.3638868,0.0,0.7745271,0.04982087,-0.012222755,0.6304572,0.0,0.0,-0.5335171,0,0,0,0,0
470700949,0.07939716,-0.09148321,1.3638868,0.0,0.7737823,0.05957795,-0.010481718,0.63055664,0.0,0.0,-0.53526884,0,0,0,0,0
470750922,0.08317596,-0.08840873,1.3638868,0.0,0.7737622,0.060074948,-0.008097312,0.6305691,0.0,0.0,-0.53684026,0,0,0,0,0
470800875,0.07756621,-0.08636228,1.3638868,0.0,0.7739873,0.057261907,-0.009071831,0.6305414,0.0,0.0,-0.5390526,0,0,0,0,0
470851210,0.080454595,-0.08394685,1.3638868,0.0,0.7739743,0.057621323,-0.007223892,0.6305485,0.0,0.0,-0.5403298,0,0,0,0,0
470901032,0.08721762,-0.078641996,1.3638868,0.0,0.7739315,0.05857297,-0.0030331383,0.63054746,0.0,0.0,-0.54023767,0,0,0,0,0
470950903,0.090648964,-0.08349318,1.3638868,0.0,0.7736844,0.06142328,-0.0038337535,0.63057506,0.0,0.0,-0.53806096,0,0,0,0,0
471000994,0.087803684,-0.07993102,1.3638868,0.0,0.7738766,0.05920442,-0.0033485615,0.6305542,0.0,0.0,-0.5358071,0,0,0,0,0
471051114,0.09534185,-0.07718506,1.3638868,0.0,0.773731,0.061259046,9.356667e-05,0.6305456,0.0,0.0,-0.5353878,0,0,0,0,0
471101306,0.091123834,-0.074392684,1.3638868,0.0,0.77393955,0.0587505,-0.00015271273,0.6305282,0.0,0.0,-0.5354563,0,0,0,0,0
471151133,0.0941107,-0.070205815,1.3638868,0.0,0.7739716,0.058591846,0.0024135616,0.630499,0.0,0.0,-0.53666013,0,0,0,0,0
471201059,0.08402417,-0.062598564,1.3638868,0.0,0.77445585,0.052297898,0.0021858192,0.6304588,0.0,0.0,-0.5346849,0,0,0,0,0
471251047,0.09111807,-0.06021423,1.3638868,0.0,0.7743281,0.054295518,0.0053472016,0.6304279,0.0,0.0,-0.53059226,0,0,0,0,0
471301139,0.09621872,-0.06391724,1.3638868,0.0,0.7740865,0.057433084,0.005518177,0.6304451,0.0,0.0,-0.52438253,0,0,0,0,0
471351202,0.08494512,-0.061312314,1.3638868,0.0,0.77446437,0.05225036,0.002975267,0.630449,0.0,0.0,-0.5189142,0,0,0,0,0
471401014,0.08449006,-0.04640291,1.3638868,0.0,0.7748303,0.0473879,0.008617337,0.63033175,0.0,0.0,-0.5173405,0,0,0,0,0
471441246,0.0846918,-0.048989154,1.3638868,0.0,0.7747671,0.048279148,0.00767737,0.6303539,0.0,0.0,-0.5152878,0,0,0,0,0
471501110,0.078757554,-0.042930927,1.3638868,0.0,0.7750361,0.044074956,0.008157932,0.63032526,0.0,0.0,-0.5112215,0,0,0,0,0
471551050,0.07962019,-0.039003883,1.3638868,0.0,0.7750974,0.04317411,0.009953658,0.63028646,0.0,0.0,-0.5085167,0,0,0,0,0
471601486,0.0759582,-0.037371982,1.3638868,0.0,0.7752068,0.04124147,0.00943286,0.63028926,0.0,0.0,-0.50502384,0,0,0,0,0
471651113,0.06825217,-0.033048738,1.3638868,0.0,0.7754359,0.036893822,0.008682033,0.6302877,0.0,0.0,-0.50292915,0,0,0,0,0
471701139,0.02972219,-0.03501451,1.3680794,0.016030332,0.7746575,0.022577107,-0.004177019,0.6319641,0.0,0.0,-0.5112312,0,0,0,0,0
471751220,0.043228682,-0.013201077,1.3680794,0.0,0.7747382,0.020920077,0.008543012,0.6318782,0.0,0.0,-0.50103295,0,0,0,0,0
471801175,0.052936852,-0.0096866395,1.3680794,0.0,0.7746647,0.02357064,0.012971648,0.6317995,0.0,0.0,-0.48405594,0,0,0,0,0
471851325,0.045217853,-0.0015875942,1.3680794,0.0,0.7748166,0.018022507,0.0136709595,0.6317813,0.0,0.0,-0.4764528,0,0,0,0,0
471901352,0.053100925,0.010750517,1.3680794,0.0,0.77483207,0.017179023,0.020940274,0.6315866,0.0,0.0,-0.46658167,0,0,0,0,0
471951138,0.05945986,0.00850715,1.3680794,0.0,0.77475667,0.020351114,0.022079436,0.63154614,0.0,0.0,-0.4620221,0,0,0,0,0
472001394,0.05080582,0.018607808,1.3680794,0.0,0.774892,0.013807526,0.023258755,0.63151467,0.0,0.0,-0.44634697,0,0,0,0,0
472051359,0.055521395,0.022390116,1.3680794,0.0,0.7748754,0.014439549,0.026212381,0.6314052,0.0,0.0,-0.4401117,0,0,0,0,0
472101459,0.06482186,0.018675394,1.3680794,0.0,0.77477664,0.019216254,0.027709985,0.63133514,0.0,0.0,-0.4206968,0,0,0,0,0
472141520,0.06248795,0.025320243,1.3680794,0.0,0.7748358,0.01621284,0.029546058,0.6312635,0.0,0.0,-0.41487464,0,0,0,0,0
472201474,0.062307682,0.033592448,1.3680794,0.0,0.7748715,0.013529361,0.03269164,0.63112795,0.0,0.0,-0.426927,0,0,0,0,0
472251237,0.06340831,0.03592913,1.3680794,0.0,0.7748716,0.013217456,0.033943452,0.6310682,0.0,0.0,-0.44091758,0,0,0,0,0
472301502,0.06754518,0.04497932,1.3680794,0.0,0.77486825,0.011960482,0.0387511,0.6308205,0.0,0.0,-0.45235056,0,0,0,0,0
472351623,0.071864195,0.046702433,1.3680794,0.0,0.7748449,0.013089288,0.04077994,0.63069886,0.0,0.0,-0.4666161,0,0,0,0,0
472401708,0.06697682,0.05009135,1.3680794,0.0,0.7748787,0.010124847,0.040549852,0.63072675,0.0,0.0,-0.47889555,0,0,0,0,0
472451475,0.071332216,0.058887836,1.3680794,0.0,0.77486104,0.009032385,0.0453259,0.63043976,0.0,0.0,-0.49290517,0,0,0,0,0
472491453,0.064124554,0.03805406,1.3680794,0.0,0.77487314,0.012823521,0.034991924,0.6310172,0.0,0.0,-0.50101453,0,0,0,0,0
472551458,0.044134546,0.018281695,1.3680794,0.0,0.7749326,0.011325731,0.021025809,0.63159245,0.0,0.0,-0.5133668,0,0,0,0,0
472601825,0.029690005,-0.006283114,1.3680794,0.0,0.7749076,0.013489805,0.006946081,0.6318924,0.0,0.0,-0.52326334,0,0,0,0,0
472651409,0.018334653,-0.025074873,1.3680794,0.0,0.77486014,0.01502649,-0.003923616,0.6319419,0.0,0.0,-0.52341044,0,0,0,0,0
472701480,0.028472835,-0.012668792,1.3680794,0.0,0.77487516,0.015035461,0.004087129,0.6319222,0.0,0.0,-0.5202712,0,0,0,0,0
472751555,0.037735973,-0.02740665,1.3680794,0.0,0.7746522,0.023278663,0.0013031885,0.63195765,0.0,0.0,-0.5209046,0,0,0,0,0
472801512,0.012917299,-0.004935536,1.3680794,0.0,0.77499765,0.0065649925,0.002168824,0.6319263,0.0,0.0,-0.5198722,0,0,0,0,0
472851601,0.03214043,-0.0070036203,1.3680794,0.0,0.77488583,0.014666831,0.0074410974,0.63188726,0.0,0.0,-0.5191985,0,0,0,0,0
472901634,0.036469728,-0.015341659,1.3680794,0.0,0.7747862,0.018977866,0.005578115,0.63191384,0.0,0.0,-0.5148583,0,0,0,0,0
472951491,0.023724977,-0.012820966,1.3680794,0.0,0.7749077,0.013243991,0.0025280113,0.63193053,0.0,0.0,-0.5107405,0,0,0,0,0
473001513,0.03355964,-0.012462998,1.3680794,0.0,0.77483606,0.016941221,0.0057740877,0.63190883,0.0,0.0,-0.5062692,0,0,0,0,0
473051644,0.04010261,-0.019358687,1.3680794,0.0,0.7747115,0.021653853,0.005169441,0.6319228,0.0,0.0,-0.5055357,0,0,0,0,0
473101540,0.03563453,-0.016280962,1.3680794,0.0,0.77478594,0.018950993,0.0049502635,0.63192016,0.0,0.0,-0.50535315,0,0,0,0,0
473151575,0.02036052,-0.0077644615,1.3680794,0.0,0.7749553,0.010342934,0.003424376,0.6319221,0.0,0.0,-0.50724185,0,0,0,0,0
473201754,0.03324237,-0.013286367,1.3680794,0.0,0.77483237,0.017078387,0.0053548017,0.6319135,0.0,0.0,-0.5022448,0,0,0,0,0
473251474,0.03523766,-0.019064814,1.3680794,0.0,0.77476466,0.019676507,0.0037461622,0.6319324,0.0,0.0,-0.49863896,0,0,0,0,0
473301626,0.029381858,-0.014572931,1.3680794,0.0,0.77485436,0.015989136,0.0036365013,0.6319271,0.0,0.0,-0.49042636,0,0,0,0,0
473351970,0.030116903,-0.019271279,1.3680794,0.0,0.77481073,0.017757969,0.0020481606,0.6319405,0.0,0.0,-0.4835518,0,0,0,0,0
473401666,0.029902227,-0.014421883,1.3680794,0.0,0.7748513,0.016143028,0.0038594494,0.6319255,0.0,0.0,-0.47688672,0,0,0,0,0
473451723,0.033197664,-0.014562336,1.3680794,0.0,0.7748226,0.017464107,0.0048462558,0.6319189,0.0,0.0,-0.47501162,0,0,0,0,0
473501811,0.027004937,-0.015554732,1.3680794,0.0,0.7748658,0.01537838,0.0025050326,0.63193375,0.0,0.0,-0.472383,0,0,0,0,0
473541834,0.024930341,-0.016770719,1.3680794,0.0,0.7748727,0.014958723,0.0013783296,0.63193876,0.0,0.0,-0.47017238,0,0,0,0,0
473602134,0.041024376,-0.01255409,1.3680794,0.0,0.77476656,0.019861843,0.008097266,0.63188344,0.0,0.0,-0.46695676,0,0,0,0,0
473651805,0.027250806,-0.018857853,1.3680794,0.0,0.7748386,0.016517023,0.0013027608,0.6319419,0.0,0.0,-0.46496344,0,0,0,0,0
473692114,0.02806739,-0.0063119093,1.3680794,0.0,0.7749181,0.012870209,0.006422261,0.631898,0.0,0.0,-0.46498594,0,0,0,0,0
473751892,0.033159036,-0.015318757,1.3680794,0.0,0.77481675,0.017688068,0.0045409463,0.631922,0.0,0.0,-0.4623777,0,0,0,0,0
473801884,0.0348724,-0.013477484,1.3680794,0.0,0.7748166,0.017770248,0.0057957643,0.6319097,0.0,0.0,-0.46029824,0,0,0,0,0
473852045,0.04062735,-0.011079176,1.3680794,0.0,0.7747833,0.019242195,0.008543303,0.6318763,0.0,0.0,-0.45841712,0,0,0,0,0
473891797,0.030279476,-0.0119956685,1.3680794,0.0,0.7748661,0.015522785,0.0049187853,0.6319156,0.0,0.0,-0.4575556,0,0,0,0,0
473951757,0.04000229,-0.022551171,1.3680794,0.0,0.7746795,0.022623189,0.003900716,0.63193727,0.0,0.0,-0.45830584,0,0,0,0,0
474001933,-0.008607787,0.03962406,1.3680794,0.0,0.7748131,-0.015853828,0.012634483,0.6318652,0.0,0.0,-0.23175094,0,0,0,0,0
474041856,0.010074123,0.00813905,1.3680794,0.0,0.7750229,0.0013321947,0.0063369656,0.63189995,0.0,0.0,-0.329195,0,0,0,0,0
474102145,0.040029526,-0.0027021742,1.3680794,0.0,0.77485317,0.016364537,0.011600137,0.6318229,0.0,0.0,-0.31725585,0,0,0,0,0
474151850,0.026614204,-0.0046531605,1.3680794,0.0,0.77493596,0.011783124,0.006605875,0.63189536,0.0,0.0,-0.33866546,0,0,0,0,0
474201930,-0.0034128036,0.057332013,1.3680794,0.0,0.7746758,-0.019434333,0.02113595,0.6317065,0.0,0.0,-0.26916698,0,0,0,0,0
474251843,0.02124648,0.018250633,1.3680794,0.0,0.7750115,0.002466645,0.013784591,0.63179195,0.0,0.0,-0.26579568,0,0,0,0,0
474301950,0.062151235,-0.018402036,1.3680794,0.0,0.7744386,0.029891025,0.01250611,0.6318188,0.0,0.0,-0.27717346,0,0,0,0,0
474352223,0.063149616,-0.027711092,1.3680794,0.0,0.7742892,0.03321597,0.009215091,0.63189244,0.0,0.0,-0.25475872,0,0,0,0,0
474392224,0.01593891,0.011086624,1.3680794,0.0,0.7750176,0.0026735258,0.009332053,0.6318651,0.0,0.0,-0.25250423,0,0,0,0,0
474451942,0.023264268,0.032499604,1.3680794,0.0,0.774991,-0.001253758,0.019942163,0.63165635,0.0,0.0,-0.24604827,0,0,0,0,0
474502168,0.043368664,0.006311415,1.3680794,0.0,0.77488345,0.0148108145,0.016146995,0.63172424,0.0,0.0,-0.23886369,0,0,0,0,0
474551992,0.0,0.0,1.4216778,0.0,0.75781476,0.0,0.0,0.65246975,0.0,0.0,-0.12,0,0,0,0,0
474602306,0.0,0.0,1.4224787,0.0,0.75755346,0.0,0.0,0.6527732,0.0,0.0,-0.12,0,0,0,0,0
474652118,0.0,0.0,1.4226038,0.0,0.7575126,0.0,0.0,0.6528205,0.0,0.0,-0.12,0,0,0,0,0
474702106,0.0,0.0,1.4230622,0.0,0.75736296,0.0,0.0,0.65299416,0.0,0.0,-0.12,0,0,0,0,0
474742075,0.0,0.0,1.4233272,0.0,0.7572764,0.0,0.0,0.6530946,0.0,0.0,-0.12,0,0,0,0,0
474802107,0.0,0.0,1.4235194,0.0,0.75721365,0.0,0.0,0.6531673,0.0,0.0,-0.12,0,0,0,0,0
474852074,0.0,0.0,1.4238923,0.0,0.7570919,0.0,0.0,0.6533085,0.0,0.0,-0.12,0,0,0,0,0
474891975,0.0,0.0,1.4240873,0.0,0.75702816,0.0,0.0,0.65338224,0.0,0.0,-0.12,0,0,0,0,0
474942217,0.0,0.0,1.4243236,0.0,0.756951,0.0,0.0,0.65347165,0.0,0.0,-0.12,0,0,0,0,0
475002243,0.0,0.0,1.4246923,0.0,0.7568305,0.0,0.0,0.6536112,0.0,0.0,-0.12,0,0,0,0,0
475052222,0.0,0.0,1.4250749,0.0,0.7567054,0.0,0.0,0.653756,0.0,0.0,-0.12,0,0,0,0,0
475092091,0.0,0.0,1.425115,0.0,0.75669235,0.0,0.0,0.65377116,0.0,0.0,-0.12,0,0,0,0,0
475152141,0.0,0.0,1.425589,0.0,0.7565374,0.0,0.0,0.6539505,0.0,0.0,-0.12,0,0,0,0,0
475202366,0.0,0.0,1.4257636,0.0,0.7564803,0.0,0.0,0.65401655,0.0,0.0,-0.12,0,0,0,0,0
475242315,0.0,0.0,1.4260592,0.0,0.7563836,0.0,0.0,0.6541284,0.0,0.0,-0.12,0,0,0,0,0
475292202,0.0,0.0,1.4257891,0.0,0.75647193,0.0,0.0,0.65402615,0.0,0.0,-0.001,0,0,0,0,0
475352526,0.0,0.0,1.4264182,0.0,0.7562662,0.0,0.0,0.6542641,0.0,0.0,-0.001,0,0,0,0,0
475402299,0.0,0.0,1.4265974,0.0,0.7562076,0.0,0.0,0.6543318,0.0,0.0,-0.001,0,0,0,0,0
475442621,0.0,0.0,1.426749,0.0,0.75615793,0.0,0.0,0.65438914,0.0,0.0,-0.001,0,0,0,0,0
475502384,0.0,0.0,1.426738,0.0,0.7561615,0.0,0.0,0.65438503,0.0,0.0,-0.001,0,0,0,0,0
475552213,0.0,0.0,1.4272057,0.0,0.7560085,0.0,0.0,0.6545618,0.0,0.0,-0.001,0,0,0,0,0
475592428,0.0,0.0,1.4273231,0.0,0.75597006,0.0,0.0,0.6546062,0.0,0.0,-0.001,0,0,0,0,0
475652425,0.0,0.0,1.427708,0.0,0.75584406,0.0,0.0,0.6547518,0.0,0.0,-0.001,0,0,0,0,0
475702281,0.0,0.0,1.4283931,0.0,0.75561976,0.0,0.0,0.6550106,0.0,0.0,-0.001,0,0,0,0,0
475752339,0.0,0.0,1.4279313,0.0,0.755771,0.0,0.0,0.65483606,0.0,0.0,-0.001,0,0,0,0,0
475792434,0.0,0.0,1.4292661,0.0,0.7553338,0.0,0.0,0.65534025,0.0,0.0,-0.001,0,0,0,0,0
475852483,0.0,0.0,1.4294785,0.0,0.75526416,0.0,0.0,0.6554205,0.0,0.0,-0.001,0,0,0,0,0
475902404,0.0,0.0,1.429215,0.0,0.75535053,0.0,0.0,0.655321,0.0,0.0,-0.001,0,0,0,0,0
475942660,0.0,0.0,1.429776,0.0,0.7551667,0.0,0.0,0.65553284,0.0,0.0,-0.001,0,0,0,0,0
476002449,0.0,0.0,1.4300262,0.0,0.7550847,0.0,0.0,0.6556273,0.0,0.0,-0.001,0,0,0,0,0
476052528,0.0,0.0,1.4300404,0.0,0.75508004,0.0,0.0,0.6556326,0.0,0.0,-0.001,0,0,0,0,0
476102921,0.0,0.0,1.4302872,0.0,0.75499904,0.0,0.0,0.6557259,0.0,0.0,-0.001,0,0,0,0,0
476142926,0.0,0.0,1.4302316,0.0,0.75501734,0.0,0.0,0.65570486,0.0,0.0,-0.001,0,0,0,0,0
476202748,0.0,0.0,1.430418,0.0,0.7549562,0.0,0.0,0.65577525,0.0,0.0,-0.001,0,0,0,0,0
476252641,0.0,0.0,1.4314525,0.0,0.7546169,0.0,0.0,0.65616566,0.0,0.0,-0.001,0,0,0,0,0
476292672,0.0,0.0,1.4309219,0.0,0.75479096,0.0,0.0,0.6559654,0.0,0.0,-0.001,0,0,0,0,0
476342573,0.0,0.0,1.4318553,0.0,0.7544847,0.0,0.0,0.6563176,0.0,0.0,-0.001,0,0,0,0,0
476402739,0.0,0.0,1.4321775,0.0,0.754379,0.0,0.0,0.65643924,0.0,0.0,-0.001,0,0,0,0,0
476452466,0.0,0.0,1.4327027,0.0,0.7542066,0.0,0.0,0.65663725,0.0,0.0,-0.001,0,0,0,0,0
476492543,0.0,0.0,1.432522,0.0,0.7542659,0.0,0.0,0.6565692,0.0,0.0,-0.001,0,0,0,0,0
476552526,0.0,0.0,1.4327523,0.0,0.7541903,0.0,0.0,0.6566559,0.0,0.0,-0.001,0,0,0,0,0
476603029,0.0,0.0,1.4332196,0.0,0.75403684,0.0,0.0,0.6568321,0.0,0.0,-0.001,0,0,0,0,0
476642876,0.0,0.0,1.4334134,0.0,0.7539732,0.0,0.0,0.6569052,0.0,0.0,-0.001,0,0,0,0,0
476702687,0.0,0.0,1.4339783,0.0,0.75378764,0.0,0.0,0.6571181,0.0,0.0,-0.001,0,0,0,0,0
476752663,0.0,0.0,1.4345914,0.0,0.7535861,0.0,0.0,0.65734917,0.0,0.0,-0.001,0,0,0,0,0
476792523,0.0,0.0,1.4342583,0.0,0.7536956,0.0,0.0,0.65722364,0.0,0.0,-0.001,0,0,0,0,0
476842854,0.0,0.0,1.4349874,0.0,0.753456,0.0,0.0,0.65749836,0.0,0.0,-0.001,0,0,0,0,0
476902757,0.0,0.0,1.4354869,0.0,0.7532917,0.0,0.0,0.6576865,0.0,0.0,-0.001,0,0,0,0,0
476952793,0.0,0.0,1.4352505,0.0,0.75336945,0.0,0.0,0.65759754,0.0,0.0,-0.001,0,0,0,0,0
476992835,0.0,0.0,1.4356331,0.0,0.7532437,0.0,0.0,0.6577416,0.0,0.0,-0.001,0,0,0,0,0
477042884,0.0,0.0,1.43599,0.0,0.7531263,0.0,0.0,0.65787596,0.0,0.0,-0.001,0,0,0,0,0
477103176,0.0,0.0,1.4361547,0.0,0.7530721,0.0,0.0,0.657938,0.0,0.0,-0.001,0,0,0,0,0
477143147,0.0,0.0,1.4363532,0.0,0.7530068,0.0,0.0,0.65801275,0.0,0.0,-0.001,0,0,0,0,0
477192770,0.0,0.0,1.436741,0.0,0.7528792,0.0,0.0,0.6581587,0.0,0.0,-0.001,0,0,0,0,0
477252818,0.0,0.0,1.4370673,0.0,0.7527718,0.0,0.0,0.6582816,0.0,0.0,-0.001,0,0,0,0,0
477302894,0.0,0.0,1.4372673,0.0,0.752706,0.0,0.0,0.6583569,0.0,0.0,-0.001,0,0,0,0,0
477342811,0.0,0.0,1.4375179,0.0,0.7526235,0.0,0.0,0.65845114,0.0,0.0,-0.001,0,0,0,0,0
477393045,0.0,0.0,1.437789,0.0,0.7525343,0.0,0.0,0.65855306,0.0,0.0,-0.001,0,0,0,0,0
477452860,0.0,0.0,1.438137,0.0,0.75241965,0.0,0.0,0.6586841,0.0,0.0,-0.001,0,0,0,0,0
477492779,0.0,0.0,1.4384975,0.0,0.75230086,0.0,0.0,0.6588198,0.0,0.0,-0.001,0,0,0,0,0
477542887,0.0,0.0,1.438799,0.0,0.75220156,0.0,0.0,0.6589331,0.0,0.0,-0.001,0,0,0,0,0
477603167,0.0,0.0,1.4391273,0.0,0.7520934,0.0,0.0,0.65905654,0.0,0.0,-0.001,0,0,0,0,0
477652975,0.0,0.0,1.4392631,0.0,0.7520486,0.0,0.0,0.6591077,0.0,0.0,-0.001,0,0,0,0,0
477692872,0.0,0.0,1.4396961,0.0,0.7519059,0.0,0.0,0.6592705,0.0,0.0,-0.001,0,0,0,0,0
477743120,0.0,0.0,1.4399415,0.0,0.75182503,0.0,0.0,0.6593627,0.0,0.0,-0.001,0,0,0,0,0
477803033,0.0,0.0,1.4403186,0.0,0.7517007,0.0,0.0,0.65950435,0.0,0.0,-0.001,0,0,0,0,0
477843056,0.0,0.0,1.4403799,0.0,0.7516805,0.0,0.0,0.6595274,0.0,0.0,-0.001,0,0,0,0,0
477893177,0.0,0.0,1.4408231,0.0,0.75153434,0.0,0.0,0.659694,0.0,0.0,-0.001,0,0,0,0,0
477953015,0.0,0.0,1.4412551,0.0,0.75139177,0.0,0.0,0.6598564,0.0,0.0,-0.001,0,0,0,0,0
477993130,0.0,0.0,1.441253,0.0,0.7513925,0.0,0.0,0.6598556,0.0,0.0,-0.001,0,0,0,0,0
478043176,0.0,0.0,1.441688,0.0,0.75124896,0.0,0.0,0.660019,0.0,0.0,-0.001,0,0,0,0,0
478103478,0.0,0.0,1.4420228,0.0,0.75113845,0.0,0.0,0.66014475,0.0,0.0,-0.001,0,0,0,0,0
478152993,0.0,0.0,1.4421967,0.0,0.75108105,0.0,0.0,0.6602101,0.0,0.0,-0.001,0,0,0,0,0
478193442,0.0,0.0,1.442511,0.0,0.7509773,0.0,0.0,0.66032803,0.0,0.0,-0.001,0,0,0,0,0
478243025,0.0,0.0,1.4427633,0.0,0.75089395,0.0,0.0,0.6604228,0.0,0.0,-0.001,0,0,0,0,0
478303178,0.0,0.0,1.4431348,0.0,0.7507713,0.0,0.0,0.6605623,0.0,0.0,-0.001,0,0,0,0,0
478343243,0.0,0.0,1.4432788,0.0,0.7507237,0.0,0.0,0.6606163,0.0,0.0,-0.001,0,0,0,0,0
478393360,0.0,0.0,1.4436018,0.0,0.750617,0.0,0.0,0.6607375,0.0,0.0,-0.001,0,0,0,0,0
478443456,0.0,0.0,1.4439116,0.0,0.7505147,0.0,0.0,0.66085374,0.0,0.0,-0.001,0,0,0,0,0
478503137,0.0,0.0,1.4442455,0.0,0.75040436,0.0,0.0,0.6609791,0.0,0.0,-0.001,0,0,0,0,0
478543254,0.0,0.0,1.4444587,0.0,0.75033385,0.0,0.0,0.6610591,0.0,0.0,-0.001,0,0,0,0,0
478593281,0.0,0.0,1.4447651,0.0,0.7502326,0.0,0.0,0.661174,0.0,0.0,-0.001,0,0,0,0,0
478653213,0.0,0.0,1.4451238,0.0,0.750114,0.0,0.0,0.6613086,0.0,0.0,-0.001,0,0,0,0,0
478693304,0.0,0.0,1.4453224,0.0,0.75004834,0.0,0.0,0.6613831,0.0,0.0,-0.001,0,0,0,0,0
478743424,0.0,0.0,1.4456291,0.0,0.7499469,0.0,0.0,0.66149807,0.0,0.0,-0.001,0,0,0,0,0
478793242,0.0,0.0,1.4459097,0.0,0.7498541,0.0,0.0,0.6616033,0.0,0.0,-0.001,0,0,0,0,0
478853655,0.0,0.0,1.4462421,0.0,0.7497441,0.0,0.0,0.6617279,0.0,0.0,-0.001,0,0,0,0,0
478893586,0.0,0.0,1.4464301,0.0,0.7496819,0.0,0.0,0.66179836,0.0,0.0,-0.001,0,0,0,0,0
478943367,0.0,0.0,1.4466882,0.0,0.7495965,0.0,0.0,0.6618951,0.0,0.0,-0.001,0,0,0,0,0
479003519,0.0,0.0,1.4470174,0.0,0.7494875,0.0,0.0,0.66201854,0.0,0.0,-0.001,0,0,0,0,0
479043512,0.0,0.0,1.4472278,0.0,0.7494179,0.0,0.0,0.6620973,0.0,0.0,-0.001,0,0,0,0,0
479093352,0.0,0.0,1.4475173,0.0,0.74932206,0.0,0.0,0.66220576,0.0,0.0,-0.001,0,0,0,0,0
479143572,0.0,0.0,1.4477981,0.0,0.749229,0.0,0.0,0.66231096,0.0,0.0,-0.001,0,0,0,0,0
479203513,0.0,0.0,1.44813,0.0,0.7491191,0.0,0.0,0.66243535,0.0,0.0,-0.001,0,0,0,0,0
479243379,0.0,0.0,1.4483523,0.0,0.7490455,0.0,0.0,0.66251856,0.0,0.0,-0.001,0,0,0,0,0
479293450,0.0,0.0,1.4486537,0.0,0.74894565,0.0,0.0,0.66263145,0.0,0.0,-0.001,0,0,0,0,0
479353799,0.0,0.0,1.448998,0.0,0.74883157,0.0,0.0,0.6627604,0.0,0.0,-0.001,0,0,0,0,0
479393577,0.0,0.0,1.4492103,0.0,0.7487612,0.0,0.0,0.6628399,0.0,0.0,-0.001,0,0,0,0,0
479443799,0.0,0.0,1.4494916,0.0,0.74866796,0.0,0.0,0.6629452,0.0,0.0,-0.001,0,0,0,0,0
479493578,0.0,0.0,1.4497768,0.0,0.7485735,0.0,0.0,0.66305184,0.0,0.0,-0.001,0,0,0,0,0
479553614,0.0,0.0,1.45009,0.0,0.7484696,0.0,0.0,0.66316915,0.0,0.0,-0.001,0,0,0,0,0
479593486,0.0,0.0,1.4503098,0.0,0.7483967,0.0,0.0,0.6632514,0.0,0.0,-0.001,0,0,0,0,0
479643956,0.0,0.0,1.4505677,0.0,0.74831116,0.0,0.0,0.6633479,0.0,0.0,-0.001,0,0,0,0,0
479703710,0.0,0.0,1.450905,0.0,0.7481993,0.0,0.0,0.6634741,0.0,0.0,-0.001,0,0,0,0,0
479743684,0.0,0.0,1.4511234,0.0,0.7481268,0.0,0.0,0.6635558,0.0,0.0,-0.001,0,0,0,0,0
479793604,0.0,0.0,1.4513736,0.0,0.74804384,0.0,0.0,0.6636493,0.0,0.0,-0.001,0,0,0,0,0
479843659,0.0,0.0,1.4516517,0.0,0.7479515,0.0,0.0,0.6637534,0.0,0.0,-0.001,0,0,0,0,0
479893992,0.0,0.0,1.451945,0.0,0.7478542,0.0,0.0,0.663863,0.0,0.0,-0.001,0,0,0,0,0
479943717,0.0,0.0,1.4522454,0.0,0.74775445,0.0,0.0,0.66397536,0.0,0.0,-0.001,0,0,0,0,0
479993640,0.0,0.0,1.4525659,0.0,0.74764806,0.0,0.0,0.66409516,0.0,0.0,-0.001,0,0,0,0,0
480053566,0.0,0.0,1.4529176,0.0,0.74753124,0.0,0.0,0.66422665,0.0,0.0,-0.001,0,0,0,0,0
480093606,0.0,0.0,1.4531468,0.0,0.7474551,0.0,0.0,0.6643123,0.0,0.0,-0.001,0,0,0,0,0
480143807,0.0,0.0,1.4534324,0.0,0.7473602,0.0,0.0,0.6644191,0.0,0.0,-0.001,0,0,0,0,0
480203649,0.0,0.0,1.453765,0.0,0.7472497,0.0,0.0,0.66454333,0.0,0.0,-0.001,0,0,0,0,0
480243635,0.0,0.0,1.4540243,0.0,0.7471636,0.0,0.0,0.66464025,0.0,0.0,-0.001,0,0,0,0,0
480293772,0.0,0.0,1.4543307,0.0,0.7470618,0.0,0.0,0.6647547,0.0,0.0,-0.001,0,0,0,0,0
480343771,0.0,0.0,1.4546218,0.0,0.746965,0.0,0.0,0.66486347,0.0,0.0,-0.001,0,0,0,0,0
480403749,0.0,0.0,1.4549805,0.0,0.7468457,0.0,0.0,0.66499734,0.0,0.0,-0.001,0,0,0,0,0
480443757,0.0,0.0,1.4552126,0.0,0.74676853,0.0,0.0,0.665084,0.0,0.0,-0.001,0,0,0,0,0
480493878,0.0,0.0,1.4555129,0.0,0.7466687,0.0,0.0,0.6651961,0.0,0.0,-0.001,0,0,0,0,0
480543736,0.0,0.0,1.4558285,0.0,0.7465637,0.0,0.0,0.66531396,0.0,0.0,-0.001,0,0,0,0,0
480593815,0.0,0.0,1.4560969,0.0,0.7464744,0.0,0.0,0.66541415,0.0,0.0,-0.001,0,0,0,0,0
480644104,0.0,0.0,1.4563441,0.0,0.74639213,0.0,0.0,0.6655064,0.0,0.0,-0.001,0,0,0,0,0
480693827,0.0,0.0,1.4566047,0.0,0.7463054,0.0,0.0,0.66560364,0.0,0.0,-0.001,0,0,0,0,0
480753947,0.0,0.0,1.4568962,0.0,0.7462084,0.0,0.0,0.6657125,0.0,0.0,-0.001,0,0,0,0,0
480794036,0.0,0.0,1.4570789,0.0,0.7461476,0.0,0.0,0.66578066,0.0,0.0,-0.001,0,0,0,0,0
480843831,0.0,0.0,1.457356,0.0,0.74605536,0.0,0.0,0.6658839,0.0,0.0,-0.001,0,0,0,0,0
480894332,0.0,0.0,1.4576142,0.0,0.7459694,0.0,0.0,0.6659802,0.0,0.0,-0.001,0,0,0,0,0
480944018,0.0,0.0,1.4578699,0.0,0.74588424,0.0,0.0,0.6660756,0.0,0.0,-0.001,0,0,0,0,0
480993945,0.0,0.0,1.458124,0.0,0.7457996,0.0,0.0,0.66617036,0.0,0.0,-0.001,0,0,0,0,0
481044058,0.0,0.0,1.4584076,0.0,0.7457051,0.0,0.0,0.6662761,0.0,0.0,-0.001,0,0,0,0,0
481104170,0.0,0.0,1.4587504,0.0,0.7455909,0.0,0.0,0.6664039,0.0,0.0,-0.001,0,0,0,0,0
481144212,0.0,0.0,1.4589752,0.0,0.745516,0.0,0.0,0.6664878,0.0,0.0,-0.001,0,0,0,0,0
481194213,0.0,0.0,1.4592586,0.0,0.7454216,0.0,0.0,0.6665933,0.0,0.0,-0.001,0,0,0,0,0
481254101,0.0,0.0,1.4595947,0.0,0.74530953,0.0,0.0,0.6667186,0.0,0.0,-0.001,0,0,0,0,0
481294228,0.0,0.0,1.459776,0.0,0.7452491,0.0,0.0,0.66678625,0.0,0.0,-0.001,0,0,0,0,0
481344189,0.0,0.0,1.460074,0.0,0.74514973,0.0,0.0,0.6668973,0.0,0.0,-0.001,0,0,0,0,0
481394280,0.0,0.0,1.4603453,0.0,0.74505925,0.0,0.0,0.66699827,0.0,0.0,-0.001,0,0,0,0,0
481444034,0.0,0.0,1.4606353,0.0,0.7449626,0.0,0.0,0.66710633,0.0,0.0,-0.001,0,0,0,0,0
481494231,0.0,0.0,1.4608873,0.0,0.7448785,0.0,0.0,0.6672002,0.0,0.0,-0.001,0,0,0,0,0
481544035,0.0,0.0,1.4611429,0.0,0.74479324,0.0,0.0,0.66729534,0.0,0.0,-0.001,0,0,0,0,0
481604402,0.0,0.0,1.4614437,0.0,0.74469286,0.0,0.0,0.66740733,0.0,0.0,-0.001,0,0,0,0,0
481644316,0.0,0.0,1.4616593,0.0,0.7446209,0.0,0.0,0.6674877,0.0,0.0,-0.001,0,0,0,0,0
481694058,0.0,0.0,1.4619095,0.0,0.74453735,0.0,0.0,0.66758084,0.0,0.0,-0.001,0,0,0,0,0
481744177,0.0,0.0,1.462165,0.0,0.74445206,0.0,0.0,0.667676,0.0,0.0,-0.001,0,0,0,0,0
481794334,0.0,0.0,1.4623597,0.0,0.7443871,0.0,0.0,0.6677484,0.0,0.0,-0.001,0,0,0,0,0
481844070,0.0,0.0,1.4626366,0.0,0.74429464,0.0,0.0,0.6678514,0.0,0.0,-0.001,0,0,0,0,0
481894483,0.0,0.0,1.4628844,0.0,0.74421185,0.0,0.0,0.66794366,0.0,0.0,-0.001,0,0,0,0,0
481944333,0.0,0.0,1.4631191,0.0,0.7441335,0.0,0.0,0.6680309,0.0,0.0,-0.001,0,0,0,0,0
481994189,0.0,0.0,1.4633508,0.0,0.7440561,0.0,0.0,0.6681172,0.0,0.0,-0.001,0,0,0,0,0
482044315,0.0,0.0,1.4635816,0.0,0.743979,0.0,0.0,0.66820306,0.0,0.0,-0.001,0,0,0,0,0
482094397,0.0,0.0,1.463833,0.0,0.743895,0.0,0.0,0.6682965,0.0,0.0,-0.001,0,0,0,0,0
482144474,0.0,0.0,1.4640803,0.0,0.7438123,0.0,0.0,0.66838855,0.0,0.0,-0.001,0,0,0,0,0
482194421,0.0,0.0,1.4643095,0.0,0.7437358,0.0,0.0,0.6684737,0.0,0.0,-0.001,0,0,0,0,0
482244389,0.0,0.0,1.464557,0.0,0.743653,0.0,0.0,0.6685658,0.0,0.0,-0.001,0,0,0,0,0
482294398,0.0,0.0,1.4647908,0.0,0.74357486,0.0,0.0,0.66865265,0.0,0.0,-0.001,0,0,0,0,0
482344459,0.0,0.0,1.4650182,0.0,0.74349886,0.0,0.0,0.6687372,0.0,0.0,-0.001,0,0,0,0,0
482394788,0.0,0.0,1.4652427,0.0,0.7434237,0.0,0.0,0.66882074,0.0,0.0,-0.001,0,0,0,0,0
482444404,0.0,0.0,1.465447,0.0,0.74335545,0.0,0.0,0.6688966,0.0,0.0,-0.001,0,0,0,0,0
482494516,0.0,0.0,1.4656926,0.0,0.74327326,0.0,0.0,0.66898793,0.0,0.0,-0.001,0,0,0,0,0
482544518,0.0,0.0,1.4659188,0.0,0.74319756,0.0,0.0,0.66907203,0.0,0.0,-0.001,0,0,0,0,0
482594471,0.0,0.0,1.4661455,0.0,0.74312174,0.0,0.0,0.66915625,0.0,0.0,-0.001,0,0,0,0,0
482654380,0.0,0.0,1.4664236,0.0,0.7430287,0.0,0.0,0.66925955,0.0,0.0,-0.001,0,0,0,0,0
482694532,0.0,0.0,1.4666231,0.0,0.74296194,0.0,0.0,0.6693337,0.0,0.0,-0.001,0,0,0,0,0
