timestamp,timestamp_sample,gyro_device_id,gyro_bias[0],gyro_bias[1],gyro_bias[2],gyro_bias_limit,gyro_bias_variance[0],gyro_bias_variance[1],gyro_bias_variance[2],accel_device_id,accel_bias[0],accel_bias[1],accel_bias[2],accel_bias_limit,accel_bias_variance[0],accel_bias_variance[1],accel_bias_variance[2],mag_device_id,mag_bias[0],mag_bias[1],mag_bias[2],mag_bias_limit,mag_bias_variance[0],mag_bias_variance[1],mag_bias_variance[2],gyro_bias_valid,accel_bias_valid,mag_bias_valid
563759888,563758468,4325386,0.0026215941,0.003948872,-0.0007832997,0.34906584,1.8356783e-09,1.8388767e-09,3.3220127e-09,4259850,-0.03997115,0.15954557,-0.023807349,0.4,5.011597e-06,5.011597e-06,5.011615e-06,396825,0.0,0.0,0.0,0.5,0.0,0.0,0.0,1,1,0
564200769,564200342,4325386,0.0026031274,0.003919118,-0.0007742349,0.34906584,1.8211957e-09,1.8243811e-09,3.2967988e-09,4259850,-0.039677117,0.15837193,-0.023780981,0.4,4.974731e-06,4.974731e-06,4.974731e-06,396825,0.0,0.0,0.0,0.5,0.0,0.0,0.0,1,1,0
564485150,564484506,4325386,0.00262032,0.0039442494,-0.0007785307,0.34906584,1.8322527e-09,1.8354696e-09,3.3180316e-09,4259850,-0.03994274,0.15943216,-0.024023708,0.4,5.008035e-06,5.008035e-06,5.008035e-06,396825,0.0,0.0,0.0,0.5,0.0,0.0,0.0,1,1,0
564760179,564759645,4325386,0.0026027972,0.0039180447,-0.0007698427,0.34906584,1.8215e-09,1.8247048e-09,3.296949e-09,4259850,-0.039684076,0.1583997,-0.02392162,0.4,4.975603e-06,4.975603e-06,4.9756122e-06,396825,0.0,0.0,0.0,0.5,0.0,0.0,0.0,1,1,0
565116458,565115972,4325386,0.0026171699,0.0039408063,-0.00077520194,0.34906584,1.8321954e-09,1.8354386e-09,3.3176464e-09,4259850,-0.039924044,0.15935753,-0.024178209,0.4,5.0056906e-06,5.0056906e-06,5.0056906e-06,396825,0.0,0.0,0.0,0.5,0.0,0.0,0.0,1,1,0
565522453,565521914,4325386,0.00259884,0.003915017,-0.0007699366,0.34906584,1.819111e-09,1.8223548e-09,3.2961902e-09,4259850,-0.03967208,0.15835181,-0.024187824,0.4,4.9740993e-06,4.9740993e-06,4.97409e-06,396825,0.0,0.0,0.0,0.5,0.0,0.0,0.0,1,1,0
565707196,565706850,4325386,0.0026139456,0.0039384044,-0.00077150733,0.34906584,1.8321389e-09,1.8354029e-09,3.3158374e-09,4259850,-0.039910603,0.15930389,-0.02438894,0.4,5.0040053e-06,5.0040053e-06,5.0040144e-06,396825,0.0,0.0,0.0,0.5,0.0,0.0,0.0,1,1,0
565923825,565923347,4325386,0.0026289187,0.003961569,-0.0007787965,0.34906584,1.8432565e-09,1.8465464e-09,3.3353538e-09,4259850,-0.040149473,0.16025734,-0.02458389,0.4,5.033955e-06,5.033955e-06,5.033964e-06,396825,0.0,0.0,0.0,0.5,0.0,0.0,0.0,1,1,0
565978209,565977474,4325386,0.002606775,0.003928474,-0.0007726336,0.34906584,1.8246874e-09,1.8279618e-09,3.3082803e-09,4259850,-0.039814908,0.15892193,-0.024391478,0.4,4.9920072e-06,4.9920072e-06,4.991998e-06,396825,0.0,0.0,0.0,0.5,0.0,0.0,0.0,1,1,0
566172078,566171427,4325386,0.0025872865,0.003899761,-0.00076375424,0.34906584,1.8147369e-09,1.8179811e-09,3.2827083e-09,4259850,-0.039522715,0.15775563,-0.024227759,0.4,4.955372e-06,4.955372e-06,4.95539e-06,396825,0.0,0.0,0.0,0.5,0.0,0.0,0.0,1,1,0
566231043,566230061,4325386,0.0026036552,0.003924786,-0.0007656765,0.34906584,1.823811e-09,1.8270829e-09,3.3032135e-09,4259850,-0.03977438,0.15876015,-0.02438978,0.4,4.9869254e-06,4.9869254e-06,4.986917e-06,396825,0.0,0.0,0.0,0.5,0.0,0.0,0.0,1,1,0
566388545,566388072,4325386,0.0026218984,0.0039527626,-0.0007681835,0.34906584,1.8400348e-09,1.843327e-09,3.3276062e-09,4259850,-0.04005502,0.15988033,-0.02457687,0.4,5.0221124e-06,5.0221124e-06,5.0221306e-06,396825,0.0,0.0,0.0,0.5,0.0,0.0,0.0,1,1,0
566447238,566446565,4325386,0.0026008324,0.0039213137,-0.0007598094,0.34906584,1.8228238e-09,1.826096e-09,3.300531e-09,4259850,-0.039733965,0.15859884,-0.024389837,0.4,4.9818586e-06,4.9818586e-06,4.9818586e-06,396825,0.0,0.0,0.0,0.5,0.0,0.0,0.0,1,1,0
566515068,566514364,4325386,0.0026188088,0.0039485414,-0.00076557643,0.34906584,1.8381079e-09,1.8413985e-09,3.324019e-09,4259850,-0.040009364,0.1596981,-0.02456456,0.4,5.016388e-06,5.016388e-06,5.0164062e-06,396825,0.0,0.0,0.0,0.5,0.0,0.0,0.0,1,1,0
566681524,566681111,4325386,0.002635172,0.0039738263,-0.0007686644,0.34906584,1.8489015e-09,1.8522199e-09,3.3460033e-09,4259850,-0.040261082,0.16070284,-0.024740517,0.4,5.047949e-06,5.047949e-06,5.047967e-06,396825,0.0,0.0,0.0,0.5,0.0,0.0,0.0,1,1,0
566708712,566708225,4325386,0.0026183247,0.003948632,-0.00076223677,0.34906584,1.8359534e-09,1.839251e-09,3.3233643e-09,4259850,-0.040003967,0.15967655,-0.024588285,0.4,5.0157114e-06,5.0157114e-06,5.0157205e-06,396825,0.0,0.0,0.0,0.5,0.0,0.0,0.0,1,1,0
566826078,566825450,4325386,0.0026007844,0.0039228373,-0.00075600494,0.34906584,1.8231949e-09,1.8264724e-09,3.300507e-09,4259850,-0.039738324,0.15861623,-0.024443122,0.4,4.982405e-06,4.982405e-06,4.982405e-06,396825,0.0,0.0,0.0,0.5,0.0,0.0,0.0,1,1,0
566884976,566884091,4325386,0.002616493,0.0039467234,-0.00076223136,0.34906584,1.8361048e-09,1.8394027e-09,3.3222995e-09,4259850,-0.039979745,0.15957987,-0.024597947,0.4,5.0126746e-06,5.0126746e-06,5.012693e-06,396825,0.0,0.0,0.0,0.5,0.0,0.0,0.0,1,1,0
567061035,567059995,4325386,0.0026336357,0.003973739,-0.0007640788,0.34906584,1.8484965e-09,1.8518175e-09,3.3443224e-09,4259850,-0.040245563,0.16064088,-0.024785718,0.4,5.0460026e-06,5.0460026e-06,5.0460208e-06,396825,0.0,0.0,0.0,0.5,0.0,0.0,0.0,1,1,0
567092232,567091614,4325386,0.0026167575,0.003948611,-0.000757634,0.34906584,1.8355496e-09,1.8388496e-09,3.3217087e-09,4259850,-0.03998869,0.15961556,-0.024632256,0.4,5.0137955e-06,5.0137955e-06,5.013805e-06,396825,0.0,0.0,0.0,0.5,0.0,0.0,0.0,1,1,0
567205220,567204585,4325386,0.0025989756,0.003922796,-0.0007518286,0.34906584,1.8230547e-09,1.8263384e-09,3.3008813e-09,4259850,-0.039722048,0.15855126,-0.02447899,0.4,4.980364e-06,4.980364e-06,4.980373e-06,396825,0.0,0.0,0.0,0.5,0.0,0.0,0.0,1,1,0
567367201,567366706,4325386,0.0026142346,0.0039473977,-0.00075665757,0.34906584,1.8327713e-09,1.8360811e-09,3.3210537e-09,4259850,-0.039963957,0.15951684,-0.024629023,0.4,5.0106946e-06,5.0106946e-06,5.010695e-06,396825,0.0,0.0,0.0,0.5,0.0,0.0,0.0,1,1,0
567525643,567524695,4325386,0.0025946726,0.0039198957,-0.0007481818,0.34906584,1.8191036e-09,1.822391e-09,3.2960117e-09,4259850,-0.03967529,0.15836464,-0.024433825,0.4,4.9745017e-06,4.9745017e-06,4.974493e-06,396825,0.0,0.0,0.0,0.5,0.0,0.0,0.0,1,1,0
567629025,567628480,4325386,0.00261225,0.0039475453,-0.00075313187,0.34906584,1.8344203e-09,1.8377263e-09,3.319214e-09,4259850,-0.039950408,0.15946276,-0.024587238,0.4,5.008996e-06,5.008996e-06,5.0090052e-06,396825,0.0,0.0,0.0,0.5,0.0,0.0,0.0,1,1,0
567687740,567686950,4325386,0.0025923545,0.003918663,-0.00074551447,0.34906584,1.8183914e-09,1.8216794e-09,3.2940584e-09,4259850,-0.039652526,0.15827377,-0.024384858,0.4,4.9716477e-06,4.9716477e-06,4.971639e-06,396825,0.0,0.0,0.0,0.5,0.0,0.0,0.0,1,1,0
567746254,567745639,4325386,0.0026082126,0.0039432673,-0.0007486144,0.34906584,1.8313427e-09,1.8346469e-09,3.3140968e-09,4259850,-0.039898407,0.1592552,-0.024525298,0.4,5.0024764e-06,5.0024764e-06,5.0024764e-06,396825,0.0,0.0,0.0,0.5,0.0,0.0,0.0,1,1,0
567921863,567921502,4325386,0.0026252659,0.0039713467,-0.0007559239,0.34906584,1.8446107e-09,1.8479458e-09,3.3391847e-09,4259850,-0.040175512,0.16036128,-0.024647903,0.4,5.03722e-06,5.03722e-06,5.0372287e-06,396825,0.0,0.0,0.0,0.5,0.0,0.0,0.0,1,1,0
567949213,567948607,4325386,0.0026084045,0.0039465,-0.0007498442,0.34906584,1.8317655e-09,1.8350808e-09,3.3168048e-09,4259850,-0.039921544,0.15934755,-0.02447708,0.4,5.005377e-06,5.005377e-06,5.005377e-06,396825,0.0,0.0,0.0,0.5,0.0,0.0,0.0,1,1,0
568066697,568065833,4325386,0.0025906502,0.003921541,-0.00074702187,0.34906584,1.8194236e-09,1.8227206e-09,3.2946708e-09,4259850,-0.039664704,0.15832238,-0.024268027,0.4,4.9731743e-06,4.9731743e-06,4.9731657e-06,396825,0.0,0.0,0.0,0.5,0.0,0.0,0.0,1,1,0
568129377,568124469,4325386,0.002606268,0.0039458754,-0.0007497344,0.34906584,1.83235e-09,1.8356684e-09,3.3166296e-09,4259850,-0.03990814,0.15929405,-0.024398806,0.4,5.0036965e-06,5.0036965e-06,5.0037056e-06,396825,0.0,0.0,0.0,0.5,0.0,0.0,0.0,1,1,0
569031845,569031126,4325386,0.0026152092,0.003972807,-0.0007468654,0.34906584,1.8415517e-09,1.8449297e-09,3.3377026e-09,4259850,-0.040156964,0.16028723,-0.024253707,0.4,5.034894e-06,5.034894e-06,5.034885e-06,396825,0.0,0.0,0.0,0.5,0.0,0.0,0.0,1,1,0
569122058,569121456,4325386,0.0025985632,0.003948611,-0.0007422231,0.34906584,1.8300156e-09,1.8333749e-09,3.3167717e-09,4259850,-0.039911613,0.15930791,-0.024091203,0.4,5.0041317e-06,5.0041317e-06,5.004123e-06,396825,0.0,0.0,0.0,0.5,0.0,0.0,0.0,1,1,0
569234699,569234098,4325386,0.002580225,0.0039222767,-0.0007364522,0.34906584,1.8175196e-09,1.8208591e-09,3.293751e-09,4259850,-0.039644126,0.15824023,-0.023914006,0.4,4.970594e-06,4.970594e-06,4.9705855e-06,396825,0.0,0.0,0.0,0.5,0.0,0.0,0.0,1,1,0
569279743,569279202,4325386,0.0025598686,0.0038917914,-0.0007306078,0.34906584,1.8043099e-09,1.8076189e-09,3.266755e-09,4259850,-0.039335616,0.15700881,-0.023724752,0.4,4.931913e-06,4.931913e-06,4.9319133e-06,396825,0.0,0.0,0.0,0.5,0.0,0.0,0.0,1,1,0
569342953,569342308,4325386,0.002578149,0.0039200555,-0.000734253,0.34906584,1.8201065e-09,1.8234352e-09,3.2909886e-09,4259850,-0.039619997,0.15814392,-0.023894157,0.4,4.967569e-06,4.967569e-06,4.9675873e-06,396825,0.0,0.0,0.0,0.5,0.0,0.0,0.0,1,1,0
569456077,569455313,4325386,0.0025953471,0.003947325,-0.00073978154,0.34906584,1.8311955e-09,1.8345535e-09,3.3141216e-09,4259850,-0.039894424,0.1592393,-0.024058633,0.4,5.001977e-06,5.001977e-06,5.001986e-06,396825,0.0,0.0,0.0,0.5,0.0,0.0,0.0,1,1,0
569532212,569531744,4325386,0.0026131577,0.0039750882,-0.000744157,0.34906584,1.8427735e-09,1.8461604e-09,3.337901e-09,4259850,-0.040173464,0.1603531,-0.024230849,0.4,5.0369626e-06,5.0369626e-06,5.0369626e-06,396825,0.0,0.0,0.0,0.5,0.0,0.0,0.0,1,1,0
569586334,569585869,4325386,0.0025913313,0.003942205,-0.0007380324,0.34906584,1.8292483e-09,1.8326025e-09,3.3098486e-09,4259850,-0.039840575,0.15902437,-0.024033634,0.4,4.9952255e-06,4.9952255e-06,4.9952346e-06,396825,0.0,0.0,0.0,0.5,0.0,0.0,0.0,1,1,0
569793716,569793352,4325386,0.0026067165,0.0039667,-0.00074736937,0.34906584,1.8398276e-09,1.8432066e-09,3.3311878e-09,4259850,-0.0400877,0.16001077,-0.024207449,0.4,5.0262097e-06,5.0262097e-06,5.0262192e-06,396825,0.0,0.0,0.0,0.5,0.0,0.0,0.0,1,1,0
569821898,569820462,4325386,0.0025904109,0.003942054,-0.0007425394,0.34906584,1.8272871e-09,1.8306443e-09,3.3091745e-09,4259850,-0.03983798,0.159014,-0.02406079,0.4,4.9948994e-06,4.9948994e-06,4.9949e-06,396825,0.0,0.0,0.0,0.5,0.0,0.0,0.0,1,1,0
569933772,569933231,4325386,0.0025738268,0.0039170827,-0.00073593215,0.34906584,1.8191295e-09,1.8224541e-09,3.2872565e-09,4259850,-0.039583314,0.1579975,-0.02391446,0.4,4.96297e-06,4.96297e-06,4.9629966e-06,396825,0.0,0.0,0.0,0.5,0.0,0.0,0.0,1,1,0
569996818,569996324,4325386,0.0025900132,0.0039417148,-0.0007441649,0.34906584,1.828112e-09,1.8314666e-09,3.3096912e-09,4259850,-0.039832685,0.15899287,-0.024071006,0.4,4.994236e-06,4.994236e-06,4.9942446e-06,396825,0.0,0.0,0.0,0.5,0.0,0.0,0.0,1,1,0
570109940,570109287,4325386,0.0026066776,0.003966996,-0.0007508028,0.34906584,1.8381744e-09,1.8415524e-09,3.331119e-09,4259850,-0.040086523,0.16000608,-0.024233535,0.4,5.0260624e-06,5.0260624e-06,5.0260533e-06,396825,0.0,0.0,0.0,0.5,0.0,0.0,0.0,1,1,0
570217881,570217339,4325386,0.0025860502,0.0039355475,-0.0007440792,0.34906584,1.8261687e-09,1.8295065e-09,3.3027303e-09,4259850,-0.039766338,0.15872805,-0.02404494,0.4,4.9859173e-06,4.9859173e-06,4.985935e-06,396825,0.0,0.0,0.0,0.5,0.0,0.0,0.0,1,1,0
570421970,570420312,4325386,0.0026035798,0.003961887,-0.0007462144,0.34906584,1.8376527e-09,1.8410093e-09,3.3250156e-09,4259850,-0.040024832,0.15975982,-0.024201138,0.4,5.018327e-06,5.018327e-06,5.0183453e-06,396825,0.0,0.0,0.0,0.5,0.0,0.0,0.0,1,1,0
570447742,570447374,4325386,0.0025876604,0.0039375345,-0.0007416631,0.34906584,1.8250847e-09,1.8284242e-09,3.3053191e-09,4259850,-0.039777383,0.15877214,-0.024049234,0.4,4.987302e-06,4.987302e-06,4.987302e-06,396825,0.0,0.0,0.0,0.5,0.0,0.0,0.0,1,1,0
570742328,570740740,4325386,0.002605541,0.0039638905,-0.0007459623,0.34906584,1.8362671e-09,1.839615e-09,3.32552e-09,4259850,-0.04003059,0.15978283,-0.024160184,0.4,5.0190497e-06,5.0190497e-06,5.0190497e-06,396825,0.0,0.0,0.0,0.5,0.0,0.0,0.0,1,1,0
570844876,570844506,4325386,0.002585381,0.003933035,-0.00074424327,0.34906584,1.824337e-09,1.8276506e-09,3.2998133e-09,4259850,-0.039717056,0.15853134,-0.023949144,0.4,4.979738e-06,4.979738e-06,4.9797563e-06,396825,0.0,0.0,0.0,0.5,0.0,0.0,0.0,1,1,0
571007177,571006680,4325386,0.0026018966,0.003958255,-0.00074461434,0.34906584,1.8340829e-09,1.8374149e-09,3.3201712e-09,4259850,-0.03996118,0.15950577,-0.024040256,0.4,5.0103467e-06,5.0103467e-06,5.010356e-06,396825,0.0,0.0,0.0,0.5,0.0,0.0,0.0,1,1,0
571079304,571078844,4325386,0.0025860642,0.003934287,-0.000740757,0.34906584,1.8226106e-09,1.8259192e-09,3.2992264e-09,4259850,-0.03971545,0.15852493,-0.023861885,0.4,4.979537e-06,4.979537e-06,4.979546e-06,396825,0.0,0.0,0.0,0.5,0.0,0.0,0.0,1,1,0
571282398,571281817,4325386,0.0026037828,0.003962089,-0.0007434301,0.34906584,1.8339139e-09,1.8372452e-09,3.3224221e-09,4259850,-0.03998483,0.15960017,-0.023945075,0.4,5.013312e-06,5.013312e-06,5.013312e-06,396825,0.0,0.0,0.0,0.5,0.0,0.0,0.0,1,1,0
571309768,571308927,4325386,0.002587843,0.003938092,-0.0007377445,0.34906584,1.8216196e-09,1.8249298e-09,3.3008365e-09,4259850,-0.039740182,0.15862365,-0.023783717,0.4,4.982638e-06,4.982638e-06,4.982629e-06,396825,0.0,0.0,0.0,0.5,0.0,0.0,0.0,1,1,0
571372609,571372188,4325386,0.0026035397,0.0039622416,-0.00074329454,0.34906584,1.8344949e-09,1.8378249e-09,3.3227072e-09,4259850,-0.03998254,0.15959102,-0.023913614,0.4,5.0130247e-06,5.0130247e-06,5.0130247e-06,396825,0.0,0.0,0.0,0.5,0.0,0.0,0.0,1,1,0
571539503,571538921,4325386,0.0025869445,0.003938433,-0.00073945057,0.34906584,1.8235665e-09,1.8268695e-09,3.2999983e-09,4259850,-0.039735436,0.15860471,-0.023711827,0.4,4.982043e-06,4.982043e-06,4.982052e-06,396825,0.0,0.0,0.0,0.5,0.0,0.0,0.0,1,1,0
571652721,571651679,4325386,0.0026037246,0.0039654598,-0.0007461403,0.34906584,1.8343341e-09,1.8376702e-09,3.3247063e-09,4259850,-0.040003225,0.15967359,-0.02383498,0.4,5.015618e-06,5.015618e-06,5.0156095e-06,396825,0.0,0.0,0.0,0.5,0.0,0.0,0.0,1,1,0
571769508,571768951,4325386,0.002586004,0.0039403965,-0.0007394257,0.34906584,1.821983e-09,1.8252985e-09,3.3023035e-09,4259850,-0.039743222,0.15863578,-0.023648469,0.4,4.983019e-06,4.983019e-06,4.98301e-06,396825,0.0,0.0,0.0,0.5,0.0,0.0,0.0,1,1,0
571877751,571877348,4325386,0.0026029735,0.0039676335,-0.0007437986,0.34906584,1.8370385e-09,1.8403724e-09,3.3251284e-09,4259850,-0.040013745,0.15971558,-0.023793917,0.4,5.0169374e-06,5.0169374e-06,5.016947e-06,396825,0.0,0.0,0.0,0.5,0.0,0.0,0.0,1,1,0
572324267,572323795,4325386,0.0025823242,0.003938807,-0.0007343381,0.34906584,1.8211036e-09,1.8244132e-09,3.2988146e-09,4259850,-0.03970661,0.15848964,-0.023601355,0.4,4.9784285e-06,4.9784285e-06,4.978429e-06,396825,0.0,0.0,0.0,0.5,0.0,0.0,0.0,1,1,0
572604180,572603395,4325386,0.002608535,0.0039641615,-0.00073254755,0.34906584,1.8325045e-09,1.8357974e-09,3.3213103e-09,4259850,-0.03996138,0.15950656,-0.023775013,0.4,5.0103718e-06,5.0103718e-06,5.0103627e-06,396825,0.0,0.0,0.0,0.5,0.0,0.0,0.0,1,1,0
572951174,572950702,4325386,0.0026105929,0.0039343033,-0.0007219906,0.34906584,1.81988e-09,1.8230537e-09,3.2946472e-09,4259850,-0.039666533,0.15832968,-0.023581365,0.4,4.9734035e-06,4.9734035e-06,4.973404e-06,396825,0.0,0.0,0.0,0.5,0.0,0.0,0.0,1,1,0
573154472,573153675,4325386,0.002646069,0.0039578453,-0.0007245142,0.34906584,1.8300816e-09,1.8332027e-09,3.3158658e-09,4259850,-0.039911464,0.15930732,-0.02367009,0.4,5.004113e-06,5.004113e-06,5.0041044e-06,396825,0.0,0.0,0.0,0.5,0.0,0.0,0.0,1,1,0
573267329,573266611,4325386,0.0026715046,0.0039829686,-0.00073112635,0.34906584,1.844613e-09,1.847716e-09,3.3376688e-09,4259850,-0.04016933,0.16033937,-0.023790138,0.4,5.036548e-06,5.036548e-06,5.0364765e-06,396825,0.0,0.0,0.0,0.5,0.0,0.0,0.0,1,1,0
573293939,573293548,4325386,0.0026590503,0.003957889,-0.0007269036,0.34906584,1.8319828e-09,1.8350544e-09,3.317698e-09,4259850,-0.039918244,0.15934333,-0.023622058,0.4,5.0051167e-06,5.0051167e-06,5.005016e-06,396825,0.0,0.0,0.0,0.5,0.0,0.0,0.0,1,1,0
573429505,573429104,4325386,0.002650872,0.003925274,-0.0007192717,0.34906584,1.8187837e-09,1.8217755e-09,3.2899836e-09,4259850,-0.039592627,0.1581055,-0.023361353,0.4,4.9645523e-06,4.9645523e-06,4.9645428e-06,396825,0.0,0.0,0.0,0.5,0.0,0.0,0.0,1,1,0
573505855,573505494,4325386,0.002678214,0.003950787,-0.0007280976,0.34906584,1.8295752e-09,1.8325563e-09,3.3126053e-09,4259850,-0.03985282,0.1592448,-0.023461705,0.4,4.9977134e-06,4.9977134e-06,4.997714e-06,396825,0.0,0.0,0.0,0.5,0.0,0.0,0.0,1,1,0
573749621,573749207,4325386,0.002717506,0.003960032,-0.00072526885,0.34906584,1.8347814e-09,1.8376589e-09,3.321402e-09,4259850,-0.0399257,0.16027297,-0.023316316,0.4,5.011746e-06,5.011746e-06,5.0117455e-06,396825,0.0,0.0,0.0,0.5,0.0,0.0,0.0,1,1,0
573808177,573807699,4325386,0.0027015046,0.003928102,-0.0007198379,0.34906584,1.8220424e-09,1.8248734e-09,3.2945922e-09,4259850,-0.039596982,0.15915279,-0.023086991,0.4,4.971877e-06,4.971877e-06,4.971877e-06,396825,0.0,0.0,0.0,0.5,0.0,0.0,0.0,1,1,0
573853559,573853005,4325386,0.002727355,0.0039472478,-0.00072291144,0.34906584,1.8278137e-09,1.8306276e-09,3.3120586e-09,4259850,-0.039771408,0.1603525,-0.023103861,0.4,4.997069e-06,4.997069e-06,4.997069e-06,396825,0.0,0.0,0.0,0.5,0.0,0.0,0.0,1,1,0
573979995,573979283,4325386,0.0027521653,0.0039553074,-0.0007228334,0.34906584,1.8316382e-09,1.8343996e-09,3.3190606e-09,4259850,-0.03981397,0.16145173,-0.022988524,0.4,5.008776e-06,5.008776e-06,5.008776e-06,396825,0.0,0.0,0.0,0.5,0.0,0.0,0.0,1,1,0
574033808,574033223,4325386,0.0027712642,0.0039735585,-0.000725995,0.34906584,1.8413256e-09,1.8440808e-09,3.3355094e-09,4259850,-0.039981224,0.16248608,-0.023029178,0.4,5.032476e-06,5.032476e-06,5.032476e-06,396825,0.0,0.0,0.0,0.5,0.0,0.0,0.0,1,1,0
574187715,574186583,4325386,0.0027645573,0.003923314,-0.0007145382,0.34906584,1.8191376e-09,1.8217846e-09,3.294378e-09,4259850,-0.039363436,0.16190968,-0.022250863,0.4,4.9719347e-06,4.9719347e-06,4.9719347e-06,396825,0.0,0.0,0.0,0.5,0.0,0.0,0.0,1,1,0
574233561,574231877,4325386,0.002785372,0.003941875,-0.00071693026,0.34906584,1.8291199e-09,1.8317626e-09,3.3114649e-09,4259850,-0.03950161,0.16312823,-0.022124736,0.4,4.9965906e-06,4.9965906e-06,4.9965906e-06,396825,0.0,0.0,0.0,0.5,0.0,0.0,0.0,1,1,0
574313756,574312877,4325386,0.0027985806,0.003939071,-0.0007180066,0.34906584,1.8291101e-09,1.8317227e-09,3.310453e-09,4259850,-0.039358776,0.1639513,-0.0214001,0.4,4.995814e-06,4.995814e-06,4.995814e-06,396825,0.0,0.0,0.0,0.5,0.0,0.0,0.0,1,1,0
574354250,574353517,4325386,0.0028158976,0.0039525954,-0.0007225391,0.34906584,1.8361697e-09,1.8387786e-09,3.322719e-09,4259850,-0.039419916,0.16501829,-0.020952946,0.4,5.0147046e-06,5.0147046e-06,5.0147046e-06,396825,0.0,0.0,0.0,0.5,0.0,0.0,0.0,1,1,0
574403895,574403201,4325386,0.002835878,0.0039697457,-0.00072597316,0.34906584,1.8458454e-09,1.8484541e-09,3.3390708e-09,4259850,-0.039504502,0.16625877,-0.020405091,0.4,5.0382528e-06,5.0382528e-06,5.0382528e-06,396825,0.0,0.0,0.0,0.5,0.0,0.0,0.0,1,1,0
574444231,574443726,4325386,0.0028269733,0.0039469637,-0.00072200154,0.34906584,1.8362317e-09,1.8388151e-09,3.3208976e-09,4259850,-0.0391834,0.16581392,-0.019528905,0.4,5.011227e-06,5.011227e-06,5.0112276e-06,396825,0.0,0.0,0.0,0.5,0.0,0.0,0.0,1,1,0
574480405,574475252,4325386,0.0028402384,0.003955452,-0.0007266544,0.34906584,1.8402773e-09,1.8428606e-09,3.3302892e-09,4259850,-0.03917032,0.16668358,-0.018719058,0.4,5.024069e-06,5.024069e-06,5.024069e-06,396825,0.0,0.0,0.0,0.5,0.0,0.0,0.0,1,1,0
574538892,574538399,4325386,0.0028488568,0.003957599,-0.00072834134,0.34906584,1.8442622e-09,1.8468346e-09,3.3330567e-09,4259850,-0.039087024,0.16729072,-0.017848035,0.4,5.0288445e-06,5.0288445e-06,5.0288445e-06,396825,0.0,0.0,0.0,0.5,0.0,0.0,0.0,1,1,0
574566361,574565732,4325386,0.0028634954,0.003968459,-0.00073120353,0.34906584,1.8493659e-09,1.8519415e-09,3.3444458e-09,4259850,-0.039084572,0.16825779,-0.016947182,0.4,5.0446965e-06,5.0446965e-06,5.0446965e-06,396825,0.0,0.0,0.0,0.5,0.0,0.0,0.0,1,1,0
574603496,574601594,4325386,0.0028505137,0.0039414405,-0.00072995544,0.34906584,1.837085e-09,1.8396363e-09,3.3218734e-09,4259850,-0.038711015,0.16760674,-0.015894959,0.4,5.0125523e-06,5.0125523e-06,5.0125523e-06,396825,0.0,0.0,0.0,0.5,0.0,0.0,0.0,1,1,0
574653068,574651171,4325386,0.0028668256,0.0039550997,-0.0007338975,0.34906584,1.8455916e-09,1.8481449e-09,3.3354892e-09,4259850,-0.03873776,0.16868085,-0.015111301,0.4,5.031977e-06,5.031977e-06,5.031977e-06,396825,0.0,0.0,0.0,0.5,0.0,0.0,0.0,1,1,0
574710289,574705288,4325386,0.0028493206,0.0039223083,-0.00073316233,0.34906584,1.832573e-09,1.8350955e-09,3.3080056e-09,4259850,-0.038310442,0.1677695,-0.01428326,0.4,4.9926066e-06,4.9926066e-06,4.9926066e-06,396825,0.0,0.0,0.0,0.5,0.0,0.0,0.0,1,1,0
574738159,574737038,4325386,0.0028618553,0.0039312514,-0.0007366139,0.34906584,1.8370486e-09,1.8395746e-09,3.3179042e-09,4259850,-0.038285382,0.1686194,-0.013747972,0.4,5.0062295e-06,5.0062295e-06,5.0062295e-06,396825,0.0,0.0,0.0,0.5,0.0,0.0,0.0,1,1,0
574802822,574800023,4325386,0.0028467563,0.0039025408,-0.00073637045,0.34906584,1.8280052e-09,1.8304999e-09,3.2937564e-09,4259850,-0.037900664,0.16784249,-0.013220417,0.4,4.972091e-06,4.972091e-06,4.972091e-06,396825,0.0,0.0,0.0,0.5,0.0,0.0,0.0,1,1,0
574841210,574840814,4325386,0.0028643175,0.003919159,-0.0007444413,0.34906584,1.836961e-09,1.8394639e-09,3.3110246e-09,4259850,-0.037978984,0.1689851,-0.013103531,0.4,4.9953383e-06,4.9953383e-06,4.9953383e-06,396825,0.0,0.0,0.0,0.5,0.0,0.0,0.0,1,1,0
574981290,574980428,4325386,0.0028792287,0.0039135613,-0.000764153,0.34906584,1.8376107e-09,1.8400863e-09,3.3106382e-09,4259850,-0.03763718,0.1702553,-0.01298987,0.4,4.9961463e-06,4.9961463e-06,4.9961463e-06,396825,0.0,0.0,0.0,0.5,0.0,0.0,0.0,1,1,0
575093769,575093403,4325386,0.0028949114,0.0039240634,-0.000775589,0.34906584,1.8490343e-09,1.8514953e-09,3.3229721e-09,4259850,-0.037650727,0.17135382,-0.0132185845,0.4,5.0127715e-06,5.0127715e-06,5.0127715e-06,396825,0.0,0.0,0.0,0.5,0.0,0.0,0.0,1,1,0
575243490,575242196,4325386,0.0029034868,0.003920266,-0.0007890898,0.34906584,1.8491211e-09,1.8515345e-09,3.3200922e-09,4259850,-0.03769781,0.17211577,-0.013897028,0.4,5.0098956e-06,5.0098956e-06,5.0098956e-06,396825,0.0,0.0,0.0,0.5,0.0,0.0,0.0,1,1,0
575360000,575359312,4325386,0.0028893703,0.0038950588,-0.00079123554,0.34906584,1.838092e-09,1.84045e-09,3.297127e-09,4259850,-0.037771024,0.17136627,-0.014699691,0.4,4.97481e-06,4.97481e-06,4.97481e-06,396825,0.0,0.0,0.0,0.5,0.0,0.0,0.0,1,1,0
575404911,575404416,4325386,0.002905612,0.0039156782,-0.00079707714,0.34906584,1.849247e-09,1.8516016e-09,3.3141656e-09,4259850,-0.038120143,0.1723385,-0.015148397,0.4,4.9994383e-06,4.9994383e-06,4.999438e-06,396825,0.0,0.0,0.0,0.5,0.0,0.0,0.0,1,1,0
575431962,575431480,4325386,0.0028879673,0.003891819,-0.000796717,0.34906584,1.8410561e-09,1.8433892e-09,3.2928995e-09,4259850,-0.037890937,0.17129639,-0.015056817,0.4,4.969265e-06,4.969265e-06,4.9692644e-06,396825,0.0,0.0,0.0,0.5,0.0,0.0,0.0,1,1,0
575473749,575472336,4325386,0.0029013287,0.003909095,-0.0008035603,0.34906584,1.8492855e-09,1.8516124e-09,3.305615e-09,4259850,-0.038262248,0.17208083,-0.015622025,0.4,4.988863e-06,4.988863e-06,4.988863e-06,396825,0.0,0.0,0.0,0.5,0.0,0.0,0.0,1,1,0
575526887,575521689,4325386,0.0028941075,0.003898552,-0.0008063212,0.34906584,1.8412757e-09,1.8435695e-09,3.2936083e-09,4259850,-0.038606122,0.17161028,-0.016582733,0.4,4.9696737e-06,4.9696737e-06,4.9696737e-06,396825,0.0,0.0,0.0,0.5,0.0,0.0,0.0,1,1,0
575598915,575598564,4325386,0.0029069171,0.0039157267,-0.00081316463,0.34906584,1.853062e-09,1.8553412e-09,3.3052858e-09,4259850,-0.039044067,0.17233057,-0.017229605,0.4,4.9881046e-06,4.988104e-06,4.9881046e-06,396825,0.0,0.0,0.0,0.5,0.0,0.0,0.0,1,1,0
575644299,575643578,4325386,0.002911603,0.003921852,-0.00081494596,0.34906584,1.8514984e-09,1.8537539e-09,3.3053016e-09,4259850,-0.039637864,0.17251697,-0.01827433,0.4,4.9885443e-06,4.9885443e-06,4.9885443e-06,396825,0.0,0.0,0.0,0.5,0.0,0.0,0.0,1,1,0
575725357,575724886,4325386,0.0029261135,0.003941403,-0.00082004955,0.34906584,1.865376e-09,1.867619e-09,3.3196075e-09,4259850,-0.040127046,0.1733181,-0.018889723,0.4,5.0094445e-06,5.009444e-06,5.009444e-06,396825,0.0,0.0,0.0,0.5,0.0,0.0,0.0,1,1,0
575770529,575769864,4325386,0.0029288635,0.0039450377,-0.0008233436,0.34906584,1.862225e-09,1.8644446e-09,3.3167826e-09,4259850,-0.04078069,0.17334515,-0.019913785,0.4,5.0055737e-06,5.0055737e-06,5.0055737e-06,396825,0.0,0.0,0.0,0.5,0.0,0.0,0.0,1,1,0
575865206,575864534,4325386,0.0029372422,0.003956278,-0.0008274308,0.34906584,1.8683184e-09,1.8705146e-09,3.321599e-09,4259850,-0.04156029,0.17367178,-0.020981882,0.4,5.0106078e-06,5.0106078e-06,5.0106078e-06,396825,0.0,0.0,0.0,0.5,0.0,0.0,0.0,1,1,0
575910217,575909645,4325386,0.0029504702,0.003973854,-0.00083218265,0.34906584,1.876219e-09,1.8784116e-09,3.3331444e-09,4259850,-0.042068,0.17437026,-0.021490756,0.4,5.0284307e-06,5.0284307e-06,5.02843e-06,396825,0.0,0.0,0.0,0.5,0.0,0.0,0.0,1,1,0
575937739,575936658,4325386,0.0029349849,0.0039526704,-0.00082855776,0.34906584,1.8648443e-09,1.8670128e-09,3.311168e-09,4259850,-0.04216709,0.173368,-0.021783514,0.4,4.9971654e-06,4.9971654e-06,4.9971654e-06,396825,0.0,0.0,0.0,0.5,0.0,0.0,0.0,1,1,0
575978291,575977506,4325386,0.0029487428,0.003970768,-0.00083238445,0.34906584,1.87304e-09,1.8752107e-09,3.3252465e-09,4259850,-0.042681467,0.17409125,-0.022256017,0.4,5.0155836e-06,5.0155836e-06,5.0155836e-06,396825,0.0,0.0,0.0,0.5,0.0,0.0,0.0,1,1,0
576036737,576035886,4325386,0.002965399,0.003992665,-0.0008432321,0.34906584,1.8840371e-09,1.8862067e-09,3.339385e-09,4259850,-0.043249026,0.17498295,-0.022750814,0.4,5.039018e-06,5.039018e-06,5.039018e-06,396825,0.0,0.0,0.0,0.5,0.0,0.0,0.0,1,1,0
576095195,576094524,4325386,0.0029458299,0.0039658337,-0.0008381621,0.34906584,1.872991e-09,1.8751338e-09,3.3136234e-09,4259850,-0.043278135,0.17373103,-0.022954933,0.4,5.000741e-06,5.0007407e-06,5.0007416e-06,396825,0.0,0.0,0.0,0.5,0.0,0.0,0.0,1,1,0
576140305,576139635,4325386,0.0029627276,0.003987941,-0.0008439195,0.34906584,1.884286e-09,1.8864326e-09,3.3300507e-09,4259850,-0.043827858,0.1746348,-0.023386935,0.4,5.024424e-06,5.024423e-06,5.0244244e-06,396825,0.0,0.0,0.0,0.5,0.0,0.0,0.0,1,1,0
576167168,576166699,4325386,0.0029474015,0.0039666626,-0.0008404862,0.34906584,1.872946e-09,1.875074e-09,3.3081995e-09,4259850,-0.043904416,0.173633,-0.023567665,0.4,4.993323e-06,4.9933224e-06,4.993323e-06,396825,0.0,0.0,0.0,0.5,0.0,0.0,0.0,1,1,0
576275806,576275044,4325386,0.0029478918,0.003965246,-0.00084412534,0.34906584,1.8704636e-09,1.8725808e-09,3.2991714e-09,4259850,-0.04477778,0.1733615,-0.02430346,0.4,4.9791206e-06,4.9791206e-06,4.9791206e-06,396825,0.0,0.0,0.0,0.5,0.0,0.0,0.0,1,1,0
576320523,576320050,4325386,0.00296461,0.0039868997,-0.0008490736,0.34906584,1.880644e-09,1.8827695e-09,3.3143848e-09,4259850,-0.04529234,0.17425106,-0.024555726,0.4,5.002471e-06,5.0024705e-06,5.0024714e-06,396825,0.0,0.0,0.0,0.5,0.0,0.0,0.0,1,1,0
576370309,576369664,4325386,0.0029818327,0.004009297,-0.0008527137,0.34906584,1.8920232e-09,1.8941593e-09,3.331108e-09,4259850,-0.045813777,0.175165,-0.024774302,0.4,5.0265858e-06,5.0265853e-06,5.0265853e-06,396825,0.0,0.0,0.0,0.5,0.0,0.0,0.0,1,1,0
576496719,576496007,4325386,0.0029691556,0.0039901393,-0.0008489657,0.34906584,1.8828614e-09,1.8849866e-09,3.307141e-09,4259850,-0.046321947,0.17414576,-0.024586113,0.4,4.991581e-06,4.9915807e-06,4.9915807e-06,396825,0.0,0.0,0.0,0.5,0.0,0.0,0.0,1,1,0
576541918,576541377,4325386,0.0029860435,0.0040122555,-0.0008512921,0.34906584,1.8942996e-09,1.896438e-09,3.3238197e-09,4259850,-0.046797823,0.17504612,-0.02462155,0.4,5.0156405e-06,5.0156405e-06,5.015641e-06,396825,0.0,0.0,0.0,0.5,0.0,0.0,0.0,1,1,0
576577915,576577158,4325386,0.0029700652,0.0039901882,-0.00084777345,0.34906584,1.8830104e-09,1.8851412e-09,3.3042427e-09,4259850,-0.04674829,0.17402643,-0.024361141,0.4,4.984783e-06,4.984783e-06,4.984783e-06,396825,0.0,0.0,0.0,0.5,0.0,0.0,0.0,1,1,0
576627228,576626764,4325386,0.0029868206,0.0040122042,-0.0008468983,0.34906584,1.894442e-09,1.8965827e-09,3.3187737e-09,4259850,-0.047196843,0.17492174,-0.024349641,0.4,5.0088024e-06,5.008802e-06,5.0088024e-06,396825,0.0,0.0,0.0,0.5,0.0,0.0,0.0,1,1,0
576654319,576653915,4325386,0.0029708578,0.0039903256,-0.0008404646,0.34906584,1.883275e-09,1.885409e-09,3.2994558e-09,4259850,-0.04711901,0.17390685,-0.024075726,0.4,4.9783316e-06,4.9783316e-06,4.978332e-06,396825,0.0,0.0,0.0,0.5,0.0,0.0,0.0,1,1,0
576854319,576852288,4325386,0.0029874584,0.0040127835,-0.00083919783,0.34906584,1.894398e-09,1.8965567e-09,3.3070062e-09,4259850,-0.048132252,0.17449398,-0.023795895,0.4,4.991627e-06,4.991627e-06,4.991627e-06,396825,0.0,0.0,0.0,0.5,0.0,0.0,0.0,1,1,0
576988442,576987759,4325386,0.003005482,0.004039047,-0.00083973387,0.34906584,1.9091968e-09,1.9113757e-09,3.3245464e-09,4259850,-0.04877162,0.1753524,-0.023545448,0.4,5.016249e-06,5.016249e-06,5.016249e-06,396825,0.0,0.0,0.0,0.5,0.0,0.0,0.0,1,1,0
577051324,577050750,4325386,0.0029839582,0.0040112413,-0.00083158544,0.34906584,1.8981436e-09,1.9003055e-09,3.299502e-09,4259850,-0.048527278,0.17403728,-0.023213282,0.4,4.9790574e-06,4.9790574e-06,4.9790574e-06,396825,0.0,0.0,0.0,0.5,0.0,0.0,0.0,1,1,0
577114575,577114110,4325386,0.003001323,0.0040378575,-0.0008298967,0.34906584,1.9087398e-09,1.9109194e-09,3.317282e-09,4259850,-0.049010467,0.17493585,-0.023035275,0.4,5.006454e-06,5.006454e-06,5.006454e-06,396825,0.0,0.0,0.0,0.5,0.0,0.0,0.0,1,1,0
577209234,577208618,4325386,0.0029871375,0.004022729,-0.0008222864,0.34906584,1.9027075e-09,1.9048767e-09,3.301773e-09,4259850,-0.04896545,0.17401142,-0.022618553,0.4,4.9823316e-06,4.9823316e-06,4.982332e-06,396825,0.0,0.0,0.0,0.5,0.0,0.0,0.0,1,1,0
577380705,577380033,4325386,0.0029730487,0.004014772,-0.00080777146,0.34906584,1.9007296e-09,1.902879e-09,3.2865506e-09,4259850,-0.04909463,0.17302361,-0.022168936,0.4,4.961074e-06,4.961074e-06,4.961074e-06,396825,0.0,0.0,0.0,0.5,0.0,0.0,0.0,1,1,0
577475087,577474738,4325386,0.0029893955,0.0040440504,-0.0008058743,0.34906584,1.9157969e-09,1.917951e-09,3.307844e-09,4259850,-0.049551636,0.17390554,-0.022307077,0.4,4.99096e-06,4.99096e-06,4.99096e-06,396825,0.0,0.0,0.0,0.5,0.0,0.0,0.0,1,1,0
577592424,577587500,4325386,0.0030060739,0.004076857,-0.000803193,0.34906584,1.9297561e-09,1.9319109e-09,3.3298313e-09,4259850,-0.05005926,0.17481418,-0.022723373,0.4,5.0235826e-06,5.0235826e-06,5.0235826e-06,396825,0.0,0.0,0.0,0.5,0.0,0.0,0.0,1,1,0
577705281,577704775,4325386,0.0029943404,0.004070518,-0.0007875476,0.34906584,1.9271709e-09,1.929302e-09,3.3200054e-09,4259850,-0.050027374,0.17410949,-0.023524946,0.4,5.0099507e-06,5.0099507e-06,5.009951e-06,396825,0.0,0.0,0.0,0.5,0.0,0.0,0.0,1,1,0
577818511,577817537,4325386,0.0029788704,0.0040595788,-0.00077860506,0.34906584,1.922039e-09,1.9241457e-09,3.3087826e-09,4259850,-0.049897693,0.17326121,-0.024138179,0.4,4.9925047e-06,4.9925047e-06,4.9925047e-06,396825,0.0,0.0,0.0,0.5,0.0,0.0,0.0,1,1,0
577885836,577885238,4325386,0.0029949378,0.0040848874,-0.00078124664,0.34906584,1.9365134e-09,1.9386226e-09,3.3283682e-09,4259850,-0.050198413,0.17423217,-0.024269342,0.4,5.0226763e-06,5.0226763e-06,5.0226763e-06,396825,0.0,0.0,0.0,0.5,0.0,0.0,0.0,1,1,0
577962441,577957363,4325386,0.002973717,0.0040635336,-0.00076895114,0.34906584,1.9272568e-09,1.9293367e-09,3.3088874e-09,4259850,-0.049907975,0.17309095,-0.023712061,0.4,4.994105e-06,4.9941045e-06,4.9941045e-06,396825,0.0,0.0,0.0,0.5,0.0,0.0,0.0,1,1,0
578061714,578056598,4325386,0.002953376,0.004051488,-0.0007570056,0.34906584,1.9197959e-09,1.9218453e-09,3.2963932e-09,4259850,-0.04974852,0.17209715,-0.022368865,0.4,4.9731075e-06,4.9731075e-06,4.9731075e-06,396825,0.0,0.0,0.0,0.5,0.0,0.0,0.0,1,1,0
578115723,578115230,4325386,0.0029687034,0.0040792436,-0.00075577066,0.34906584,1.9343849e-09,1.9364332e-09,3.3163965e-09,4259850,-0.050094802,0.17306419,-0.022026109,0.4,5.0039084e-06,5.0039084e-06,5.003909e-06,396825,0.0,0.0,0.0,0.5,0.0,0.0,0.0,1,1,0
578188448,578187445,4325386,0.002957185,0.004077614,-0.0007466198,0.34906584,1.9311965e-09,1.9332227e-09,3.310806e-09,4259850,-0.050100233,0.17254804,-0.021014662,0.4,4.994624e-06,4.994624e-06,4.994624e-06,396825,0.0,0.0,0.0,0.5,0.0,0.0,0.0,1,1,0
578264578,578264078,4325386,0.0029728073,0.0041067437,-0.0007450339,0.34906584,1.947049e-09,1.9490736e-09,3.3322256e-09,4259850,-0.050474524,0.17353848,-0.020691337,0.4,5.0260674e-06,5.026067e-06,5.0260674e-06,396825,0.0,0.0,0.0,0.5,0.0,0.0,0.0,1,1,0
578319127,578318209,4325386,0.0029554898,0.004098268,-0.0007363898,0.34906584,1.9387243e-09,1.9407218e-09,3.3189234e-09,4259850,-0.050418466,0.17268497,-0.019841775,0.4,5.006631e-06,5.006631e-06,5.006631e-06,396825,0.0,0.0,0.0,0.5,0.0,0.0,0.0,1,1,0
578417848,578417433,4325386,0.002939535,0.004091647,-0.00072004745,0.34906584,1.9346194e-09,1.9365824e-09,3.3060186e-09,4259850,-0.050389387,0.17189083,-0.019225474,0.4,4.9881933e-06,4.988193e-06,4.9881933e-06,396825,0.0,0.0,0.0,0.5,0.0,0.0,0.0,1,1,0
578530577,578530196,4325386,0.002952798,0.0041317153,-0.00071396556,0.34906584,1.948015e-09,1.9499584e-09,3.328278e-09,4259850,-0.05097374,0.17283906,-0.01889576,0.4,5.0212593e-06,5.0212593e-06,5.0212593e-06,396825,0.0,0.0,0.0,0.5,0.0,0.0,0.0,1,1,0
578648181,578647469,4325386,0.0029294277,0.0041174595,-0.00069535885,0.34906584,1.936271e-09,1.9381692e-09,3.3055192e-09,4259850,-0.050881367,0.17157473,-0.018729668,0.4,4.988085e-06,4.988085e-06,4.988085e-06,396825,0.0,0.0,0.0,0.5,0.0,0.0,0.0,1,1,0
578747220,578746703,4325386,0.0029445072,0.0041486747,-0.00068685523,0.34906584,1.949489e-09,1.9513782e-09,3.325301e-09,4259850,-0.05131235,0.17248069,-0.018967383,0.4,5.015683e-06,5.015683e-06,5.0156837e-06,396825,0.0,0.0,0.0,0.5,0.0,0.0,0.0,1,1,0
578964909,578963427,4325386,0.0029273208,0.0041414206,-0.00065390597,0.34906584,1.9414137e-09,1.9432493e-09,3.3037664e-09,4259850,-0.051296536,0.17141674,-0.019298425,0.4,4.985323e-06,4.985322e-06,4.985323e-06,396825,0.0,0.0,0.0,0.5,0.0,0.0,0.0,1,1,0
579112576,579112216,4325386,0.0029444804,0.004170083,-0.0006376893,0.34906584,1.949514e-09,1.951347e-09,3.3199932e-09,4259850,-0.051670328,0.17224933,-0.01973448,0.4,5.0079166e-06,5.0079166e-06,5.0079166e-06,396825,0.0,0.0,0.0,0.5,0.0,0.0,0.0,1,1,0
579297662,579296982,4325386,0.0029265168,0.0041425335,-0.0006003439,0.34906584,1.9376598e-09,1.93947e-09,3.290881e-09,4259850,-0.051308237,0.17093906,-0.019813446,0.4,4.96742e-06,4.9674195e-06,4.96742e-06,396825,0.0,0.0,0.0,0.5,0.0,0.0,0.0,1,1,0
579356353,579355620,4325386,0.0029479102,0.004169238,-0.000599549,0.34906584,1.9479605e-09,1.9497914e-09,3.3131837e-09,4259850,-0.05163051,0.17204535,-0.02002911,0.4,4.9984355e-06,4.9984355e-06,4.9984355e-06,396825,0.0,0.0,0.0,0.5,0.0,0.0,0.0,1,1,0
579523050,579522508,4325386,0.0029720434,0.0041945884,-0.0005767387,0.34906584,1.960466e-09,1.9623265e-09,3.3345295e-09,4259850,-0.05191321,0.17316237,-0.020187903,0.4,5.028981e-06,5.028981e-06,5.028981e-06,396825,0.0,0.0,0.0,0.5,0.0,0.0,0.0,1,1,0
579577230,579576640,4325386,0.002951289,0.0041628787,-0.00055838254,0.34906584,1.9479398e-09,1.9497854e-09,3.3070156e-09,4259850,-0.05150863,0.1718785,-0.020023936,0.4,4.9912896e-06,4.991289e-06,4.991289e-06,396825,0.0,0.0,0.0,0.5,0.0,0.0,0.0,1,1,0
579784952,579784120,4325386,0.0029705316,0.0041847434,-0.00053205545,0.34906584,1.9707656e-09,1.9726194e-09,3.3261043e-09,4259850,-0.0517569,0.17285006,-0.020109566,0.4,5.018906e-06,5.0189037e-06,5.018906e-06,396825,0.0,0.0,0.0,0.5,0.0,0.0,0.0,1,1,0
579829597,579829223,4325386,0.0029463316,0.0041507445,-0.0005201377,0.34906584,1.9595772e-09,1.9614097e-09,3.299569e-09,4259850,-0.051330898,0.1714348,-0.019944765,0.4,4.9777864e-06,4.977783e-06,4.9777864e-06,396825,0.0,0.0,0.0,0.5,0.0,0.0,0.0,1,1,0
580019602,580018759,4325386,0.0029674128,0.0041627437,-0.00048979657,0.34906584,1.9596629e-09,1.9615842e-09,3.3185428e-09,4259850,-0.051516026,0.17241648,-0.019598631,0.4,5.006573e-06,5.006573e-06,5.006573e-06,396825,0.0,0.0,0.0,0.5,0.0,0.0,0.0,1,1,0
580136601,580135938,4325386,0.0029867277,0.0041842144,-0.00047552868,0.34906584,1.9717006e-09,1.9736568e-09,3.3397e-09,4259850,-0.05180282,0.17348625,-0.019527145,0.4,5.0380177e-06,5.038017e-06,5.0380177e-06,396825,0.0,0.0,0.0,0.5,0.0,0.0,0.0,1,1,0
580172779,580172069,4325386,0.002968444,0.004156189,-0.00047029884,0.34906584,1.9585598e-09,1.9605142e-09,3.3189667e-09,4259850,-0.05147185,0.17241414,-0.019343559,0.4,5.0071562e-06,5.007156e-06,5.0071567e-06,396825,0.0,0.0,0.0,0.5,0.0,0.0,0.0,1,1,0
580289784,580289295,4325386,0.0029500637,0.0041253134,-0.00044799704,0.34906584,1.9448454e-09,1.9468156e-09,3.2981506e-09,4259850,-0.051131688,0.17134753,-0.019151691,0.4,4.976977e-06,4.976977e-06,4.9769774e-06,396825,0.0,0.0,0.0,0.5,0.0,0.0,0.0,1,1,0
580393395,580393036,4325386,0.0029660957,0.0041454188,-0.00043800724,0.34906584,1.9574053e-09,1.9594013e-09,3.3184349e-09,4259850,-0.051411383,0.17230761,-0.019177126,0.4,5.0053936e-06,5.005393e-06,5.005393e-06,396825,0.0,0.0,0.0,0.5,0.0,0.0,0.0,1,1,0
580520047,580519330,4325386,0.0029482283,0.0041174097,-0.00041289628,0.34906584,1.94374e-09,1.9457491e-09,3.2991163e-09,4259850,-0.05113085,0.17137799,-0.01873424,0.4,4.9791556e-06,4.9791556e-06,4.9791556e-06,396825,0.0,0.0,0.0,0.5,0.0,0.0,0.0,1,1,0
580632804,580627712,4325386,0.002964742,0.004139714,-0.000397793,0.34906584,1.9581263e-09,1.960152e-09,3.3192948e-09,4259850,-0.051438406,0.17239825,-0.01880614,0.4,5.0091203e-06,5.0091203e-06,5.0091203e-06,396825,0.0,0.0,0.0,0.5,0.0,0.0,0.0,1,1,0
580899383,580898212,4325386,0.002942883,0.0041114683,-0.00035086652,0.34906584,1.9460096e-09,1.94805e-09,3.3009826e-09,4259850,-0.05118813,0.17147204,-0.018062286,0.4,4.982645e-06,4.982645e-06,4.982645e-06,396825,0.0,0.0,0.0,0.5,0.0,0.0,0.0,1,1,0
581006941,581006577,4325386,0.0029576202,0.0041343034,-0.0003356899,0.34906584,1.9585666e-09,1.9606217e-09,3.3209713e-09,4259850,-0.051481143,0.17244627,-0.017760592,0.4,5.010626e-06,5.010625e-06,5.010626e-06,396825,0.0,0.0,0.0,0.5,0.0,0.0,0.0,1,1,0
581128626,581128272,4325386,0.0029389546,0.0041125338,-0.00031421764,0.34906584,1.9482087e-09,1.9502568e-09,3.3031755e-09,4259850,-0.051210176,0.17153515,-0.017084727,0.4,4.9835016e-06,4.983501e-06,4.9835016e-06,396825,0.0,0.0,0.0,0.5,0.0,0.0,0.0,1,1,0
581273486,581272584,4325386,0.0029518958,0.0041366774,-0.00028883424,0.34906584,1.9545314e-09,1.9565987e-09,3.3192e-09,4259850,-0.051472366,0.17245358,-0.01664632,0.4,5.009059e-06,5.009059e-06,5.009059e-06,396825,0.0,0.0,0.0,0.5,0.0,0.0,0.0,1,1,0
581385998,581385453,4325386,0.0029699109,0.004164471,-0.00027661916,0.34906584,1.9688011e-09,1.9708795e-09,3.3401732e-09,4259850,-0.05178636,0.1735434,-0.016600408,0.4,5.040199e-06,5.0401986e-06,5.040199e-06,396825,0.0,0.0,0.0,0.5,0.0,0.0,0.0,1,1,0
581412850,581412456,4325386,0.002950454,0.004138128,-0.0002735192,0.34906584,1.9544468e-09,1.9565167e-09,3.3192418e-09,4259850,-0.0514454,0.17241631,-0.016446002,0.4,5.007301e-06,5.007301e-06,5.0073004e-06,396825,0.0,0.0,0.0,0.5,0.0,0.0,0.0,1,1,0
581530177,581529683,4325386,0.0029344768,0.0041177752,-0.00025085697,0.34906584,1.9418214e-09,1.9438833e-09,3.2993845e-09,4259850,-0.05113263,0.17144573,-0.016327769,0.4,4.978513e-06,4.978512e-06,4.9785126e-06,396825,0.0,0.0,0.0,0.5,0.0,0.0,0.0,1,1,0
581642846,581642445,4325386,0.0029541992,0.0041457918,-0.00023576147,0.34906584,1.956081e-09,1.9581554e-09,3.3203609e-09,4259850,-0.05143717,0.17252679,-0.016476361,0.4,5.009638e-06,5.009637e-06,5.0096382e-06,396825,0.0,0.0,0.0,0.5,0.0,0.0,0.0,1,1,0
581760258,581759720,4325386,0.0029384266,0.004121831,-0.00022160601,0.34906584,1.9419264e-09,1.9439963e-09,3.2985068e-09,4259850,-0.05108691,0.1714307,-0.016479468,0.4,4.9778205e-06,4.9778196e-06,4.9778205e-06,396825,0.0,0.0,0.0,0.5,0.0,0.0,0.0,1,1,0
581859934,581858949,4325386,0.0029592593,0.0041467794,-0.000207166,0.34906584,1.9491e-09,1.9512016e-09,3.3187413e-09,4259850,-0.051352825,0.17239392,-0.016689124,0.4,5.006097e-06,5.006097e-06,5.006097e-06,396825,0.0,0.0,0.0,0.5,0.0,0.0,0.0,1,1,0
582161565,582161153,4325386,0.0029905473,0.0041732783,-0.00016483295,0.34906584,1.959692e-09,1.9618482e-09,3.340661e-09,4259850,-0.05164711,0.17345957,-0.017030103,0.4,5.0389153e-06,5.0389153e-06,5.0389153e-06,396825,0.0,0.0,0.0,0.5,0.0,0.0,0.0,1,1,0
582193596,582192727,4325386,0.0029734059,0.004146293,-0.0001572135,0.34906584,1.945841e-09,1.9479902e-09,3.3183185e-09,4259850,-0.051318713,0.17235267,-0.016944032,0.4,5.0071144e-06,5.0071144e-06,5.0071144e-06,396825,0.0,0.0,0.0,0.5,0.0,0.0,0.0,1,1,0
582310840,582310002,4325386,0.0029594598,0.004117308,-0.00013831868,0.34906584,1.9322408e-09,1.934396e-09,3.2965763e-09,4259850,-0.050994083,0.17122284,-0.016878672,0.4,4.97548e-06,4.97548e-06,4.97548e-06,396825,0.0,0.0,0.0,0.5,0.0,0.0,0.0,1,1,0
582500175,582499593,4325386,0.0029825438,0.0041363216,-0.00011280507,0.34906584,1.9445123e-09,1.9467075e-09,3.317931e-09,4259850,-0.05131055,0.17217132,-0.017006474,0.4,5.0047593e-06,5.0047593e-06,5.004759e-06,396825,0.0,0.0,0.0,0.5,0.0,0.0,0.0,1,1,0
582770634,582770072,4325386,0.0029711574,0.004102685,-6.661478e-05,0.34906584,1.9290012e-09,1.9312296e-09,3.2988967e-09,4259850,-0.0510968,0.17114377,-0.016731592,0.4,4.977093e-06,4.977093e-06,4.977093e-06,396825,0.0,0.0,0.0,0.5,0.0,0.0,0.0,1,1,0
582874284,582873814,4325386,0.0029884032,0.0041231075,-5.2668252e-05,0.34906584,1.9410646e-09,1.9433102e-09,3.3171021e-09,4259850,-0.051415633,0.17210935,-0.016750054,0.4,5.0055432e-06,5.005543e-06,5.0055432e-06,396825,0.0,0.0,0.0,0.5,0.0,0.0,0.0,1,1,0
583023278,583018170,4325386,0.0029651066,0.0040866756,-3.205037e-05,0.34906584,1.9234734e-09,1.9257183e-09,3.2928513e-09,4259850,-0.051101618,0.17083584,-0.016456507,0.4,4.9687937e-06,4.9687937e-06,4.9687937e-06,396825,0.0,0.0,0.0,0.5,0.0,0.0,0.0,1,1,0
583131370,583131029,4325386,0.0029818853,0.004109072,-1.9633435e-05,0.34906584,1.936838e-09,1.9390956e-09,3.313347e-09,4259850,-0.051446363,0.17188422,-0.016472645,0.4,4.999191e-06,4.9991904e-06,4.9991904e-06,396825,0.0,0.0,0.0,0.5,0.0,0.0,0.0,1,1,0
583236660,583234822,4325386,0.0029980205,0.0041320487,-5.3096924e-06,0.34906584,1.9462232e-09,1.9484978e-09,3.3348693e-09,4259850,-0.051821604,0.172999,-0.01645979,0.4,5.0311232e-06,5.0311232e-06,5.0311232e-06,396825,0.0,0.0,0.0,0.5,0.0,0.0,0.0,1,1,0
583298346,583297845,4325386,0.002972425,0.004097557,2.4017359e-06,0.34906584,1.9318016e-09,1.9340518e-09,3.3071967e-09,4259850,-0.051410936,0.17159285,-0.016290942,0.4,4.989989e-06,4.989988e-06,4.989989e-06,396825,0.0,0.0,0.0,0.5,0.0,0.0,0.0,1,1,0
583361574,583361096,4325386,0.002987597,0.0041206735,1.23204045e-05,0.34906584,1.940246e-09,1.9425082e-09,3.3265775e-09,4259850,-0.051745612,0.1726398,-0.016350402,0.4,5.019815e-06,5.0198146e-06,5.019815e-06,396825,0.0,0.0,0.0,0.5,0.0,0.0,0.0,1,1,0
583532932,583532404,4325386,0.002963026,0.0040923995,3.591727e-05,0.34906584,1.9265687e-09,1.9287985e-09,3.3051268e-09,4259850,-0.05146055,0.17157678,-0.016314577,0.4,4.9875293e-06,4.9875293e-06,4.98753e-06,396825,0.0,0.0,0.0,0.5,0.0,0.0,0.0,1,1,0
583655848,583649623,4325386,0.002941449,0.004067096,5.8132875e-05,0.34906584,1.913462e-09,1.91566e-09,3.2845962e-09,4259850,-0.051185515,0.1705878,-0.016365087,0.4,4.957702e-06,4.957702e-06,4.957702e-06,396825,0.0,0.0,0.0,0.5,0.0,0.0,0.0,1,1,0
583704250,583699236,4325386,0.002956742,0.004089675,6.572356e-05,0.34906584,1.9246102e-09,1.9268138e-09,3.3038141e-09,4259850,-0.051484384,0.17155972,-0.016503617,0.4,4.9856058e-06,4.9856053e-06,4.9856053e-06,396825,0.0,0.0,0.0,0.5,0.0,0.0,0.0,1,1,0
583857910,583857104,4325386,0.0029674699,0.004110141,9.050577e-05,0.34906584,1.9316446e-09,1.9338358e-09,3.3213803e-09,4259850,-0.051797356,0.17251638,-0.016715515,0.4,5.011997e-06,5.011997e-06,5.011997e-06,396825,0.0,0.0,0.0,0.5,0.0,0.0,0.0,1,1,0
583948131,583947546,4325386,0.0029418138,0.0040778234,0.00010605706,0.34906584,1.9173203e-09,1.9194766e-09,3.2946088e-09,4259850,-0.05140487,0.17118719,-0.016610172,0.4,4.9725904e-06,4.97259e-06,4.972591e-06,396825,0.0,0.0,0.0,0.5,0.0,0.0,0.0,1,1,0
584096921,584096341,4325386,0.0029567669,0.004104516,0.0001244187,0.34906584,1.9305724e-09,1.9327195e-09,3.3156469e-09,4259850,-0.051745128,0.17232275,-0.016697198,0.4,5.0042513e-06,5.004251e-06,5.0042513e-06,396825,0.0,0.0,0.0,0.5,0.0,0.0,0.0,1,1,0
584259178,584258538,4325386,0.0029694699,0.004132027,0.00014256193,0.34906584,1.939237e-09,1.9413846e-09,3.3362484e-09,4259850,-0.05204435,0.17340402,-0.016708786,0.4,5.033767e-06,5.033767e-06,5.0337676e-06,396825,0.0,0.0,0.0,0.5,0.0,0.0,0.0,1,1,0
584286238,584285604,4325386,0.002949489,0.0041067842,0.00014502842,0.34906584,1.9251114e-09,1.9272475e-09,3.3157146e-09,4259850,-0.051704817,0.17230622,-0.016601762,0.4,5.00149e-06,5.00149e-06,5.00149e-06,396825,0.0,0.0,0.0,0.5,0.0,0.0,0.0,1,1,0
584386154,584384832,4325386,0.0029639837,0.004132358,0.00015405795,0.34906584,1.9362616e-09,1.9384094e-09,3.3329333e-09,4259850,-0.051963266,0.17326158,-0.016777834,0.4,5.028495e-06,5.0284953e-06,5.0284953e-06,396825,0.0,0.0,0.0,0.5,0.0,0.0,0.0,1,1,0
584678383,584673504,4325386,0.0029490353,0.004131831,0.0001850597,0.34906584,1.9221702e-09,1.9243398e-09,3.315581e-09,4259850,-0.05151185,0.1724075,-0.017229911,0.4,5.0019207e-06,5.001921e-06,5.001921e-06,396825,0.0,0.0,0.0,0.5,0.0,0.0,0.0,1,1,0
584791244,584790777,4325386,0.0029345918,0.0041212924,0.00020288852,0.34906584,1.9091426e-09,1.9113267e-09,3.2942677e-09,4259850,-0.0510585,0.17135172,-0.016785158,0.4,4.9709397e-06,4.970941e-06,4.970941e-06,396825,0.0,0.0,0.0,0.5,0.0,0.0,0.0,1,1,0
584896454,584890009,4325386,0.0029300041,0.004126283,0.00021284663,0.34906584,1.8991628e-09,1.9013757e-09,3.2820062e-09,4259850,-0.05068632,0.17075191,-0.015980752,0.4,4.9534287e-06,4.9534287e-06,4.9534287e-06,396825,0.0,0.0,0.0,0.5,0.0,0.0,0.0,1,1,0
584936746,584935370,4325386,0.0029476369,0.0041511203,0.00022182555,0.34906584,1.9154658e-09,1.9176898e-09,3.3023215e-09,4259850,-0.0509957,0.17176984,-0.016075755,0.4,4.9830005e-06,4.983004e-06,4.983004e-06,396825,0.0,0.0,0.0,0.5,0.0,0.0,0.0,1,1,0
585067071,585065968,4325386,0.0029693758,0.0041965223,0.00023939433,0.34906584,1.9157114e-09,1.9179889e-09,3.3127237e-09,4259850,-0.050817106,0.17227215,-0.015176309,0.4,4.9985815e-06,4.9985815e-06,4.9985815e-06,396825,0.0,0.0,0.0,0.5,0.0,0.0,0.0,1,1,0
585273994,585273401,4325386,0.0030107691,0.0042718165,0.00027275478,0.34906584,1.9240072e-09,1.9263058e-09,3.3329073e-09,4259850,-0.0505885,0.17319702,-0.014674549,0.4,5.028746e-06,5.028746e-06,5.028746e-06,396825,0.0,0.0,0.0,0.5,0.0,0.0,0.0,1,1,0
585306209,585304974,4325386,0.0029921615,0.0042454544,0.00028072216,0.34906584,1.9150024e-09,1.9172843e-09,3.3108716e-09,4259850,-0.05028265,0.1721167,-0.014582599,0.4,4.9973996e-06,4.9974037e-06,4.9974037e-06,396825,0.0,0.0,0.0,0.5,0.0,0.0,0.0,1,1,0
585422911,585422249,4325386,0.0029928067,0.004251593,0.00031406502,0.34906584,1.9024964e-09,1.904714e-09,3.2905796e-09,4259850,-0.049667105,0.17104498,-0.014422257,0.4,4.9689797e-06,4.9689743e-06,4.9689797e-06,396825,0.0,0.0,0.0,0.5,0.0,0.0,0.0,1,1,0
585716684,585715636,4325386,0.003068516,0.004329293,0.00040092546,0.34906584,1.9145798e-09,1.9164896e-09,3.3159757e-09,4259850,-0.049498413,0.17198318,-0.015010509,0.4,5.0077883e-06,5.0077883e-06,5.0077883e-06,396825,0.0,0.0,0.0,0.5,0.0,0.0,0.0,1,1,0
585797154,585796621,4325386,0.003064119,0.004312597,0.0004250552,0.34906584,1.9022242e-09,1.9039865e-09,3.295324e-09,4259850,-0.049102258,0.17086373,-0.015428897,0.4,4.978615e-06,4.978615e-06,4.978615e-06,396825,0.0,0.0,0.0,0.5,0.0,0.0,0.0,1,1,0
585857139,585855303,4325386,0.0030966254,0.0043404973,0.0004512562,0.34906584,1.910471e-09,1.9120918e-09,3.314348e-09,4259850,-0.049373258,0.17176497,-0.01644116,0.4,5.009121e-06,5.009121e-06,5.009121e-06,396825,0.0,0.0,0.0,0.5,0.0,0.0,0.0,1,1,0
585937511,585936448,4325386,0.0031020986,0.004332555,0.0004737996,0.34906584,1.9062918e-09,1.9077546e-09,3.3079257e-09,4259850,-0.04931073,0.17137632,-0.017538365,0.4,5.0011818e-06,5.0011818e-06,5.0011818e-06,396825,0.0,0.0,0.0,0.5,0.0,0.0,0.0,1,1,0
585991427,585990735,4325386,0.0031202242,0.0043505155,0.00049050886,0.34906584,1.9155513e-09,1.916943e-09,3.3235652e-09,4259850,-0.04956684,0.17211653,-0.018192818,0.4,5.0241297e-06,5.024131e-06,5.024131e-06,396825,0.0,0.0,0.0,0.5,0.0,0.0,0.0,1,1,0
586068015,586067253,4325386,0.0031231337,0.004336479,0.00051496906,0.34906584,1.912275e-09,1.913506e-09,3.3189131e-09,4259850,-0.049624257,0.17183772,-0.019163601,0.4,5.0185686e-06,5.0185686e-06,5.0185686e-06,396825,0.0,0.0,0.0,0.5,0.0,0.0,0.0,1,1,0
586157865,586157463,4325386,0.0031070602,0.0042991894,0.0005365304,0.34906584,1.9015927e-09,1.902669e-09,3.3003646e-09,4259850,-0.049494218,0.17081878,-0.01973218,0.4,4.9902405e-06,4.9902405e-06,4.99024e-06,396825,0.0,0.0,0.0,0.5,0.0,0.0,0.0,1,1,0
586243711,586243293,4325386,0.0031215644,0.0043030237,0.0005662089,0.34906584,1.91123e-09,1.9121706e-09,3.317499e-09,4259850,-0.049954448,0.17165972,-0.020071099,0.4,5.0156937e-06,5.0156937e-06,5.0156937e-06,396825,0.0,0.0,0.0,0.5,0.0,0.0,0.0,1,1,0
586451501,586450869,4325386,0.0030904785,0.0042587467,0.00063745974,0.34906584,1.9101747e-09,1.9108213e-09,3.319148e-09,4259850,-0.050554033,0.17193575,-0.019306086,0.4,5.0178633e-06,5.0178633e-06,5.0178633e-06,396825,0.0,0.0,0.0,0.5,0.0,0.0,0.0,1,1,0
586546625,586545363,4325386,0.0030522493,0.0042214748,0.00067804276,0.34906584,1.9014237e-09,1.9019613e-09,3.3010368e-09,4259850,-0.050559774,0.17130175,-0.018407965,0.4,4.9938253e-06,4.9938294e-06,4.9938294e-06,396825,0.0,0.0,0.0,0.5,0.0,0.0,0.0,1,1,0
586609164,586608507,4325386,0.0030297698,0.0042137494,0.0007106256,0.34906584,1.902031e-09,1.9024573e-09,3.305233e-09,4259850,-0.05083141,0.17179757,-0.017417151,0.4,5.002202e-06,5.002202e-06,5.002202e-06,396825,0.0,0.0,0.0,0.5,0.0,0.0,0.0,1,1,0
586663111,586662640,4325386,0.0029921485,0.0041753156,0.0007386525,0.34906584,1.8886335e-09,1.8889923e-09,3.2783298e-09,4259850,-0.050512638,0.1705502,-0.01675038,0.4,4.9630426e-06,4.9630403e-06,4.9630426e-06,396825,0.0,0.0,0.0,0.5,0.0,0.0,0.0,1,1,0
586717260,586716763,4325386,0.0029920368,0.0041915122,0.00076624955,0.34906584,1.8986817e-09,1.898974e-09,3.294783e-09,4259850,-0.05083995,0.17153569,-0.016312677,0.4,4.988092e-06,4.9880896e-06,4.988092e-06,396825,0.0,0.0,0.0,0.5,0.0,0.0,0.0,1,1,0
586744294,586743825,4325386,0.0029581236,0.004162749,0.00078843243,0.34906584,1.8860549e-09,1.8862727e-09,3.2731746e-09,4259850,-0.0506184,0.1706775,-0.015703855,0.4,4.958721e-06,4.958724e-06,4.9587243e-06,396825,0.0,0.0,0.0,0.5,0.0,0.0,0.0,1,1,0
586825642,586820503,4325386,0.0029350705,0.004173768,0.00083747564,0.34906584,1.891931e-09,1.8919744e-09,3.2843204e-09,4259850,-0.050921623,0.1716568,-0.014713664,0.4,4.97703e-06,4.97703e-06,4.97703e-06,396825,0.0,0.0,0.0,0.5,0.0,0.0,0.0,1,1,0
586866880,586865611,4325386,0.0029264058,0.0041876864,0.00086873723,0.34906584,1.898725e-09,1.8986683e-09,3.2951544e-09,4259850,-0.051175658,0.17251804,-0.014192428,0.4,4.9959654e-06,4.995968e-06,4.9959685e-06,396825,0.0,0.0,0.0,0.5,0.0,0.0,0.0,1,1,0
586897991,586897260,4325386,0.002892185,0.004165311,0.0008943944,0.34906584,1.8873665e-09,1.8871997e-09,3.2750993e-09,4259850,-0.050933443,0.17179759,-0.013535887,0.4,4.969709e-06,4.969709e-06,4.969709e-06,396825,0.0,0.0,0.0,0.5,0.0,0.0,0.0,1,1,0
586935394,586933576,4325386,0.0028834727,0.0041817473,0.00092009763,0.34906584,1.8944686e-09,1.8941781e-09,3.2882475e-09,4259850,-0.05115626,0.17268921,-0.012981443,0.4,4.9894124e-06,4.9894124e-06,4.9894124e-06,396825,0.0,0.0,0.0,0.5,0.0,0.0,0.0,1,1,0
586992580,586991905,4325386,0.0028777968,0.0042040264,0.0009555832,0.34906584,1.9042343e-09,1.9037985e-09,3.303315e-09,4259850,-0.05141028,0.17374682,-0.012450679,0.4,5.0139743e-06,5.0139743e-06,5.0139743e-06,396825,0.0,0.0,0.0,0.5,0.0,0.0,0.0,1,1,0
587047441,587046056,4325386,0.0028384628,0.0041768965,0.0009929587,0.34906584,1.8918438e-09,1.8912556e-09,3.2750087e-09,4259850,-0.05102014,0.17267266,-0.011817768,0.4,4.977492e-06,4.9774917e-06,4.977492e-06,396825,0.0,0.0,0.0,0.5,0.0,0.0,0.0,1,1,0
587105531,587104830,4325386,0.002804565,0.0041895625,0.0010387986,0.34906584,1.8904813e-09,1.8895365e-09,3.275216e-09,4259850,-0.050990187,0.17321755,-0.010884763,0.4,4.9816013e-06,4.9816013e-06,4.9816013e-06,396825,0.0,0.0,0.0,0.5,0.0,0.0,0.0,1,1,0
587163941,587163588,4325386,0.002770538,0.004168988,0.0010721459,0.34906584,1.8790658e-09,1.8779207e-09,3.250615e-09,4259850,-0.050575558,0.17221515,-0.0104817115,0.4,4.947954e-06,4.947954e-06,4.947954e-06,396825,0.0,0.0,0.0,0.5,0.0,0.0,0.0,1,1,0
587217908,587217429,4325386,0.0027689275,0.00419772,0.0011196354,0.34906584,1.8896167e-09,1.8882547e-09,3.2644587e-09,4259850,-0.050784998,0.1733105,-0.01022059,0.4,4.97414e-06,4.9741393e-06,4.97414e-06,396825,0.0,0.0,0.0,0.5,0.0,0.0,0.0,1,1,0
587263003,587262532,4325386,0.0027675496,0.004226556,0.0011554777,0.34906584,1.8994717e-09,1.8978652e-09,3.279241e-09,4259850,-0.050965413,0.17435367,-0.010038006,0.4,4.9989003e-06,4.9989007e-06,4.9989007e-06,396825,0.0,0.0,0.0,0.5,0.0,0.0,0.0,1,1,0
587375691,587370786,4325386,0.0027103394,0.0042246166,0.0012182393,0.34906584,1.8834585e-09,1.8810624e-09,3.2499596e-09,4259850,-0.050322447,0.17358038,-0.009735234,0.4,4.963787e-06,4.963787e-06,4.963787e-06,396825,0.0,0.0,0.0,0.5,0.0,0.0,0.0,1,1,0
587420833,587420401,4325386,0.0027126593,0.0042544194,0.0012498782,0.34906584,1.893824e-09,1.8911384e-09,3.265455e-09,4259850,-0.05049798,0.17461069,-0.009784042,0.4,4.9893056e-06,4.989305e-06,4.9893056e-06,396825,0.0,0.0,0.0,0.5,0.0,0.0,0.0,1,1,0
587484374,587483729,4325386,0.0027094192,0.004297054,0.0012989654,0.34906584,1.902375e-09,1.89907e-09,3.2807725e-09,4259850,-0.050626997,0.17589498,-0.010042207,0.4,5.0193453e-06,5.0193453e-06,5.0193453e-06,396825,0.0,0.0,0.0,0.5,0.0,0.0,0.0,1,1,0
587651020,587650436,4325386,0.0026699298,0.0042996206,0.0013667122,0.34906584,1.8899864e-09,1.8854853e-09,3.2534857e-09,4259850,-0.049998045,0.17504007,-0.0108448565,0.4,4.987204e-06,4.987204e-06,4.987204e-06,396825,0.0,0.0,0.0,0.5,0.0,0.0,0.0,1,1,0
587737539,587736336,4325386,0.002681166,0.004332748,0.0014041164,0.34906584,1.8987842e-09,1.8936663e-09,3.2658867e-09,4259850,-0.05007212,0.17583974,-0.01150962,0.4,5.0093163e-06,5.0093163e-06,5.0093167e-06,396825,0.0,0.0,0.0,0.5,0.0,0.0,0.0,1,1,0
587854162,587853414,4325386,0.0026924838,0.0043525347,0.0014387795,0.34906584,1.9007802e-09,1.8948476e-09,3.2690972e-09,4259850,-0.050035674,0.17612226,-0.01248869,0.4,5.018653e-06,5.018653e-06,5.018653e-06,396825,0.0,0.0,0.0,0.5,0.0,0.0,0.0,1,1,0
587948711,587948136,4325386,0.0026937379,0.004339746,0.0014631121,0.34906584,1.8945698e-09,1.888221e-09,3.253692e-09,4259850,-0.049769938,0.17531116,-0.013070381,0.4,4.998452e-06,4.998452e-06,4.998452e-06,396825,0.0,0.0,0.0,0.5,0.0,0.0,0.0,1,1,0
588043538,588042898,4325386,0.002698922,0.0043237433,0.0014820854,0.34906584,1.8878643e-09,1.8812112e-09,3.2375922e-09,4259850,-0.04950144,0.17441504,-0.013607725,0.4,4.9770824e-06,4.9770824e-06,4.977083e-06,396825,0.0,0.0,0.0,0.5,0.0,0.0,0.0,1,1,0
588108029,588105996,4325386,0.0027351459,0.0043485514,0.0015038692,0.34906584,1.8968145e-09,1.8899098e-09,3.2549357e-09,4259850,-0.049775064,0.1752961,-0.014177356,0.4,5.007599e-06,5.007599e-06,5.007599e-06,396825,0.0,0.0,0.0,0.5,0.0,0.0,0.0,1,1,0
588219277,588218936,4325386,0.0027752894,0.0043670647,0.0015383348,0.34906584,1.910919e-09,1.9039215e-09,3.2751788e-09,4259850,-0.050098415,0.17613868,-0.014649398,0.4,5.038272e-06,5.038272e-06,5.038272e-06,396825,0.0,0.0,0.0,0.5,0.0,0.0,0.0,1,1,0
588309745,588309003,4325386,0.0027996723,0.0043209516,0.0015649763,0.34906584,1.8968553e-09,1.890139e-09,3.2514476e-09,4259850,-0.049914565,0.17476398,-0.015031261,0.4,5.0108706e-06,5.0108706e-06,5.0108706e-06,396825,0.0,0.0,0.0,0.5,0.0,0.0,0.0,1,1,0
588408790,588408201,4325386,0.0028159681,0.004286011,0.0015935318,0.34906584,1.8910438e-09,1.8847948e-09,3.2353988e-09,4259850,-0.049811892,0.17382583,-0.015395398,0.4,4.992425e-06,4.992425e-06,4.992425e-06,396825,0.0,0.0,0.0,0.5,0.0,0.0,0.0,1,1,0
588522094,588520964,4325386,0.0028725741,0.0042730747,0.0016552546,0.34906584,1.8999229e-09,1.8946702e-09,3.2475662e-09,4259850,-0.05028001,0.17434543,-0.016331393,0.4,5.0215385e-06,5.0215385e-06,5.0215385e-06,396825,0.0,0.0,0.0,0.5,0.0,0.0,0.0,1,1,0
588620706,588620322,4325386,0.0028858706,0.0042271693,0.0016875342,0.34906584,1.8937598e-09,1.8895157e-09,3.2312815e-09,4259850,-0.050246358,0.1733707,-0.016794428,0.4,5.0028525e-06,5.0028525e-06,5.0028525e-06,396825,0.0,0.0,0.0,0.5,0.0,0.0,0.0,1,1,0
588658192,588656279,4325386,0.0028799446,0.004190744,0.0017038344,0.34906584,1.8834756e-09,1.8798474e-09,3.2096448e-09,4259850,-0.050082263,0.17236303,-0.016888306,0.4,4.9775354e-06,4.9775354e-06,4.9775354e-06,396825,0.0,0.0,0.0,0.5,0.0,0.0,0.0,1,1,0
588715462,588714915,4325386,0.0029080708,0.004199881,0.0017355692,0.34906584,1.89658e-09,1.8935316e-09,3.2279763e-09,4259850,-0.05048235,0.1732648,-0.017106455,0.4,5.0081076e-06,5.0081076e-06,5.0081076e-06,396825,0.0,0.0,0.0,0.5,0.0,0.0,0.0,1,1,0
588891282,588890823,4325386,0.0029627432,0.004157875,0.0018393502,0.34906584,1.908201e-09,1.9080413e-09,3.2359624e-09,4259850,-0.05125355,0.17384969,-0.016602062,0.4,5.0419953e-06,5.0419953e-06,5.0419962e-06,396825,0.0,0.0,0.0,0.5,0.0,0.0,0.0,1,1,0
588918300,588917935,4325386,0.0029503147,0.0041138735,0.0018486718,0.34906584,1.8946449e-09,1.8952953e-09,3.2125878e-09,4259850,-0.05105113,0.17262824,-0.016150594,0.4,5.010233e-06,5.010233e-06,5.0102335e-06,396825,0.0,0.0,0.0,0.5,0.0,0.0,0.0,1,1,0
589022550,589021707,4325386,0.0029487654,0.004047511,0.0018960725,0.34906584,1.8840849e-09,1.8872803e-09,3.1895455e-09,4259850,-0.051251564,0.17170204,-0.0149631165,0.4,4.9917167e-06,4.9917167e-06,4.9917167e-06,396825,0.0,0.0,0.0,0.5,0.0,0.0,0.0,1,1,0
589117690,589116348,4325386,0.002960675,0.0040324386,0.0019308933,0.34906584,1.8920876e-09,1.8971011e-09,3.1975806e-09,4259850,-0.05175856,0.17233203,-0.0143186785,0.4,5.0135473e-06,5.0135473e-06,5.013547e-06,396825,0.0,0.0,0.0,0.5,0.0,0.0,0.0,1,1,0
589189134,589188516,4325386,0.0029368082,0.0039774547,0.0019449454,0.34906584,1.8794428e-09,1.8862498e-09,3.1722234e-09,4259850,-0.0517463,0.17124557,-0.013658811,0.4,4.983701e-06,4.983701e-06,4.983701e-06,396825,0.0,0.0,0.0,0.5,0.0,0.0,0.0,1,1,0
589356175,589355562,4325386,0.002922429,0.0039334833,0.0019792966,0.34906584,1.883848e-09,1.8941784e-09,3.1736047e-09,4259850,-0.05251128,0.17185473,-0.013290576,0.4,5.0005774e-06,5.0005774e-06,5.0005774e-06,396825,0.0,0.0,0.0,0.5,0.0,0.0,0.0,1,1,0
589482822,589481850,4325386,0.0029093432,0.0039072833,0.001997383,0.34906584,1.8871555e-09,1.8997819e-09,3.177185e-09,4259850,-0.053059667,0.17245066,-0.014171409,0.4,5.0150297e-06,5.0150297e-06,5.0150297e-06,396825,0.0,0.0,0.0,0.5,0.0,0.0,0.0,1,1,0
589563674,589563131,4325386,0.0028874283,0.003878833,0.0019939088,0.34906584,1.8826318e-09,1.8965356e-09,3.1707705e-09,4259850,-0.053199526,0.17227295,-0.015435604,0.4,5.00664e-06,5.00664e-06,5.00664e-06,396825,0.0,0.0,0.0,0.5,0.0,0.0,0.0,1,1,0
589653820,589653157,4325386,0.0028541961,0.0038426833,0.0019780388,0.34906584,1.8738486e-09,1.888716e-09,3.153631e-09,4259850,-0.053149417,0.17163587,-0.017130846,0.4,4.9837167e-06,4.9837167e-06,4.9837167e-06,396825,0.0,0.0,0.0,0.5,0.0,0.0,0.0,1,1,0
589690098,589689418,4325386,0.002827639,0.0038162929,0.0019640536,0.34906584,1.864094e-09,1.8793223e-09,3.1374332e-09,4259850,-0.052976135,0.17090036,-0.01804324,0.4,4.959319e-06,4.959319e-06,4.959319e-06,396825,0.0,0.0,0.0,0.5,0.0,0.0,0.0,1,1,0
589735079,589734422,4325386,0.0028266136,0.0038249572,0.0019665328,0.34906584,1.8710633e-09,1.8867223e-09,3.1494267e-09,4259850,-0.05326549,0.17169188,-0.019191677,0.4,4.9792457e-06,4.9792457e-06,4.9792457e-06,396825,0.0,0.0,0.0,0.5,0.0,0.0,0.0,1,1,0
589771326,589770395,4325386,0.00279944,0.003800429,0.0019466116,0.34906584,1.8615269e-09,1.8774122e-09,3.1336602e-09,4259850,-0.0530776,0.17096944,-0.020193106,0.4,4.9550817e-06,4.9550817e-06,4.9550817e-06,396825,0.0,0.0,0.0,0.5,0.0,0.0,0.0,1,1,0
589816425,589815750,4325386,0.0027996064,0.0038158954,0.0019495608,0.34906584,1.8716926e-09,1.8878958e-09,3.150672e-09,4259850,-0.053417217,0.1719894,-0.021413265,0.4,4.981048e-06,4.981048e-06,4.981048e-06,396825,0.0,0.0,0.0,0.5,0.0,0.0,0.0,1,1,0
589856674,589851560,4325386,0.0027942804,0.003822918,0.0019452911,0.34906584,1.8755295e-09,1.8919686e-09,3.1596874e-09,4259850,-0.053611834,0.17257538,-0.022724371,0.4,4.994764e-06,4.994764e-06,4.994764e-06,396825,0.0,0.0,0.0,0.5,0.0,0.0,0.0,1,1,0
589902350,589901176,4325386,0.0027686234,0.0038059368,0.0019294529,0.34906584,1.8686999e-09,1.8851463e-09,3.146371e-09,4259850,-0.053441767,0.17202084,-0.023813145,0.4,4.975098e-06,4.975098e-06,4.975098e-06,396825,0.0,0.0,0.0,0.5,0.0,0.0,0.0,1,1,0
589938656,589937309,4325386,0.002765049,0.0038204582,0.0019304305,0.34906584,1.875679e-09,1.8922393e-09,3.1601453e-09,4259850,-0.053681504,0.17282197,-0.025156396,0.4,4.9946484e-06,4.9946484e-06,4.9946484e-06,396825,0.0,0.0,0.0,0.5,0.0,0.0,0.0,1,1,0
589988656,589987011,4325386,0.0027654984,0.0038425499,0.0019313088,0.34906584,1.8867197e-09,1.903321e-09,3.17861e-09,4259850,-0.05400603,0.17391369,-0.026537249,0.4,5.0226245e-06,5.0226245e-06,5.0226245e-06,396825,0.0,0.0,0.0,0.5,0.0,0.0,0.0,1,1,0
590028709,590027518,4325386,0.0027340401,0.0038217248,0.0019122222,0.34906584,1.8749589e-09,1.8913222e-09,3.15755e-09,4259850,-0.05369479,0.17298372,-0.027483257,0.4,4.992294e-06,4.992294e-06,4.992294e-06,396825,0.0,0.0,0.0,0.5,0.0,0.0,0.0,1,1,0
590064313,590063554,4325386,0.0027205287,0.0038260058,0.0019031228,0.34906584,1.8750919e-09,1.8912814e-09,3.1579728e-09,4259850,-0.053714905,0.1731333,-0.028547537,0.4,4.9933997e-06,4.9933997e-06,4.9933997e-06,396825,0.0,0.0,0.0,0.5,0.0,0.0,0.0,1,1,0
590104912,590104153,4325386,0.002717494,0.0038458782,0.00190449,0.34906584,1.882035e-09,1.898072e-09,3.171299e-09,4259850,-0.05391785,0.17390156,-0.029688766,0.4,5.0124363e-06,5.0124363e-06,5.0124363e-06,396825,0.0,0.0,0.0,0.5,0.0,0.0,0.0,1,1,0
590150106,590149253,4325386,0.002714466,0.003866193,0.0019037336,0.34906584,1.88862e-09,1.9044233e-09,3.1821974e-09,4259850,-0.05410268,0.17462195,-0.030778436,0.4,5.03033e-06,5.03033e-06,5.03033e-06,396825,0.0,0.0,0.0,0.5,0.0,0.0,0.0,1,1,0
590176790,590176316,4325386,0.002697515,0.0038413506,0.0018857265,0.34906584,1.879832e-09,1.8954927e-09,3.1620921e-09,4259850,-0.05376868,0.17352462,-0.03058628,0.4,4.998961e-06,4.9989576e-06,4.9989626e-06,396825,0.0,0.0,0.0,0.5,0.0,0.0,0.0,1,1,0
590218518,590217138,4325386,0.0026957653,0.0038639565,0.0018888928,0.34906584,1.8865847e-09,1.9019635e-09,3.1748828e-09,4259850,-0.053955577,0.17426167,-0.03131631,0.4,5.017551e-06,5.017549e-06,5.0175513e-06,396825,0.0,0.0,0.0,0.5,0.0,0.0,0.0,1,1,0
590253760,590253041,4325386,0.002693892,0.0038862522,0.0018902668,0.34906584,1.8917756e-09,1.9068243e-09,3.1836744e-09,4259850,-0.054112855,0.17491841,-0.03209812,0.4,5.0340227e-06,5.03402e-06,5.0340227e-06,396825,0.0,0.0,0.0,0.5,0.0,0.0,0.0,1,1,0
590334855,590334183,4325386,0.0026601925,0.003883896,0.0018640279,0.34906584,1.8799182e-09,1.8939794e-09,3.1620033e-09,4259850,-0.053725384,0.17394923,-0.032660194,0.4,5.0024887e-06,5.0024855e-06,5.002489e-06,396825,0.0,0.0,0.0,0.5,0.0,0.0,0.0,1,1,0
590451886,590451456,4325386,0.0026318606,0.0038997396,0.0018520622,0.34906584,1.8677326e-09,1.8801685e-09,3.1392577e-09,4259850,-0.053250797,0.17295593,-0.03224875,0.4,4.9697837e-06,4.9697837e-06,4.9697837e-06,396825,0.0,0.0,0.0,0.5,0.0,0.0,0.0,1,1,0
590546577,590546223,4325386,0.0026264787,0.0039159665,0.0018358321,0.34906584,1.863664e-09,1.8749367e-09,3.126396e-09,4259850,-0.052953962,0.17245448,-0.031288523,0.4,4.953627e-06,4.953627e-06,4.953627e-06,396825,0.0,0.0,0.0,0.5,0.0,0.0,0.0,1,1,0
590596313,590595960,4325386,0.0026463491,0.0039511323,0.0018441154,0.34906584,1.8742803e-09,1.885022e-09,3.1420198e-09,4259850,-0.053157058,0.17337024,-0.030688081,0.4,4.979633e-06,4.979633e-06,4.979633e-06,396825,0.0,0.0,0.0,0.5,0.0,0.0,0.0,1,1,0
590650574,590649924,4325386,0.0026758427,0.004000262,0.0018532923,0.34906584,1.8802409e-09,1.8898898e-09,3.1524754e-09,4259850,-0.05326057,0.17422408,-0.029342664,0.4,5.004172e-06,5.004172e-06,5.004172e-06,396825,0.0,0.0,0.0,0.5,0.0,0.0,0.0,1,1,0
590736325,590735619,4325386,0.0027070844,0.004042044,0.001863058,0.34906584,1.8859487e-09,1.8945412e-09,3.1605156e-09,4259850,-0.05324873,0.17473413,-0.027937237,0.4,5.020042e-06,5.020042e-06,5.020042e-06,396825,0.0,0.0,0.0,0.5,0.0,0.0,0.0,1,1,0
590790247,590789785,4325386,0.002711991,0.0040416666,0.0018401383,0.34906584,1.88194e-09,1.8899797e-09,3.1494187e-09,4259850,-0.052997474,0.17414828,-0.02713037,0.4,5.004386e-06,5.0043864e-06,5.004386e-06,396825,0.0,0.0,0.0,0.5,0.0,0.0,0.0,1,1,0
590862881,590861959,4325386,0.0027485874,0.00407328,0.0018395552,0.34906584,1.8837734e-09,1.8908455e-09,3.1525724e-09,4259850,-0.052902155,0.17434548,-0.025617065,0.4,5.01353e-06,5.01353e-06,5.01353e-06,396825,0.0,0.0,0.0,0.5,0.0,0.0,0.0,1,1,0
590903155,590902511,4325386,0.0027512624,0.004062138,0.0018180612,0.34906584,1.8736865e-09,1.8802744e-09,3.1347962e-09,4259850,-0.052533563,0.17336003,-0.02477696,0.4,4.9874393e-06,4.9874393e-06,4.9874393e-06,396825,0.0,0.0,0.0,0.5,0.0,0.0,0.0,1,1,0
590984303,590983697,4325386,0.0027981608,0.00409797,0.0018000825,0.34906584,1.8811754e-09,1.8869841e-09,3.1459881e-09,4259850,-0.052577756,0.17392418,-0.023774598,0.4,5.0088543e-06,5.0088543e-06,5.0088543e-06,396825,0.0,0.0,0.0,0.5,0.0,0.0,0.0,1,1,0
591056661,591056118,4325386,0.0027995717,0.0040799603,0.0017472523,0.34906584,1.8737694e-09,1.8791755e-09,3.1274165e-09,4259850,-0.052192535,0.17279255,-0.023233926,0.4,4.979273e-06,4.979273e-06,4.979273e-06,396825,0.0,0.0,0.0,0.5,0.0,0.0,0.0,1,1,0
591142028,591141563,4325386,0.0028336386,0.0040872535,0.0017042845,0.34906584,1.8708883e-09,1.8756463e-09,3.122719e-09,4259850,-0.05198967,0.17237873,-0.022345532,0.4,4.9739347e-06,4.9739347e-06,4.9739347e-06,396825,0.0,0.0,0.0,0.5,0.0,0.0,0.0,1,1,0
591196265,591195696,4325386,0.0028869275,0.0041222633,0.0016966757,0.34906584,1.8796238e-09,1.8838906e-09,3.1423102e-09,4259850,-0.052184165,0.17320481,-0.021752704,0.4,5.0045364e-06,5.0045364e-06,5.0045364e-06,396825,0.0,0.0,0.0,0.5,0.0,0.0,0.0,1,1,0
591286598,591285900,4325386,0.00289165,0.0041034664,0.0016173598,0.34906584,1.8752186e-09,1.8792254e-09,3.1277745e-09,4259850,-0.05189002,0.1722624,-0.021255823,0.4,4.981029e-06,4.981029e-06,4.9810296e-06,396825,0.0,0.0,0.0,0.5,0.0,0.0,0.0,1,1,0
591336334,591335562,4325386,0.002927082,0.0041233087,0.0015934599,0.34906584,1.8838542e-09,1.887646e-09,3.144377e-09,4259850,-0.05211129,0.17297737,-0.019759102,0.4,5.005956e-06,5.005956e-06,5.005956e-06,396825,0.0,0.0,0.0,0.5,0.0,0.0,0.0,1,1,0
591354367,591353711,4325386,0.0029500928,0.004128141,0.0015773865,0.34906584,1.8834025e-09,1.887013e-09,3.1484146e-09,4259850,-0.052150458,0.17308304,-0.018006423,0.4,5.012973e-06,5.012973e-06,5.012973e-06,396825,0.0,0.0,0.0,0.5,0.0,0.0,0.0,1,1,0
591399397,591398738,4325386,0.0029657888,0.004121964,0.0015397845,0.34906584,1.8811e-09,1.884547e-09,3.1463767e-09,4259850,-0.052090842,0.17282923,-0.015843768,0.4,5.009369e-06,5.009369e-06,5.009369e-06,396825,0.0,0.0,0.0,0.5,0.0,0.0,0.0,1,1,0
591669894,591669293,4325386,0.0030233585,0.0040748944,0.0013021401,0.34906584,1.8674249e-09,1.870324e-09,3.1320022e-09,4259850,-0.05178072,0.17179431,-0.015750147,0.4,4.979381e-06,4.979381e-06,4.979381e-06,396825,0.0,0.0,0.0,0.5,0.0,0.0,0.0,1,1,0
591859416,591858892,4325386,0.0030537224,0.0040951357,0.0011690833,0.34906584,1.8715507e-09,1.874376e-09,3.1550644e-09,4259850,-0.05207676,0.17277649,-0.015840193,0.4,5.0078493e-06,5.0078493e-06,5.0078493e-06,396825,0.0,0.0,0.0,0.5,0.0,0.0,0.0,1,1,0
592153017,592151914,4325386,0.0030525324,0.0041392604,0.000939002,0.34906584,1.8737516e-09,1.8765658e-09,3.177437e-09,4259850,-0.052404657,0.17372558,-0.015926724,0.4,5.0360413e-06,5.0360413e-06,5.036037e-06,396825,0.0,0.0,0.0,0.5,0.0,0.0,0.0,1,1,0
592184002,592183491,4325386,0.0030333188,0.004112795,0.00091364543,0.34906584,1.8649908e-09,1.8677864e-09,3.158922e-09,4259850,-0.05207573,0.17263477,-0.015826732,0.4,5.004452e-06,5.004452e-06,5.0044473e-06,396825,0.0,0.0,0.0,0.5,0.0,0.0,0.0,1,1,0
592301101,592300760,4325386,0.0030011637,0.0040976615,0.0008068216,0.34906584,1.8489005e-09,1.851657e-09,3.1401999e-09,4259850,-0.05183437,0.17144887,-0.015752517,0.4,4.972323e-06,4.972323e-06,4.972323e-06,396825,0.0,0.0,0.0,0.5,0.0,0.0,0.0,1,1,0
592504269,592503733,4325386,0.0029949846,0.00414653,0.0006625083,0.34906584,1.8540464e-09,1.8567605e-09,3.1663436e-09,4259850,-0.052555405,0.17225699,-0.016125496,0.4,5.007155e-06,5.007155e-06,5.007155e-06,396825,0.0,0.0,0.0,0.5,0.0,0.0,0.0,1,1,0
592531311,592530842,4325386,0.0029709896,0.0041247006,0.0006213803,0.34906584,1.8404753e-09,1.8431585e-09,3.1467162e-09,4259850,-0.052327808,0.17109519,-0.016120158,0.4,4.976836e-06,4.976836e-06,4.976836e-06,396825,0.0,0.0,0.0,0.5,0.0,0.0,0.0,1,1,0
592594659,592594108,4325386,0.002983035,0.0041528386,0.00057740125,0.34906584,1.8524691e-09,1.8551528e-09,3.1670033e-09,4259850,-0.05274369,0.17201215,-0.016328389,0.4,5.0073786e-06,5.0073786e-06,5.0074054e-06,396825,0.0,0.0,0.0,0.5,0.0,0.0,0.0,1,1,0
592761354,592760831,4325386,0.0029394268,0.0041380483,0.00044534157,0.34906584,1.8372109e-09,1.8398193e-09,3.1513914e-09,4259850,-0.052429024,0.17098594,-0.016873293,0.4,4.977505e-06,4.977505e-06,4.9775317e-06,396825,0.0,0.0,0.0,0.5,0.0,0.0,0.0,1,1,0
592856265,592855551,4325386,0.0029337995,0.004162989,0.00038110925,0.34906584,1.8399396e-09,1.8425249e-09,3.1687313e-09,4259850,-0.05268357,0.17181608,-0.017640935,0.4,5.001671e-06,5.001671e-06,5.001671e-06,396825,0.0,0.0,0.0,0.5,0.0,0.0,0.0,1,1,0
592991395,592990866,4325386,0.0028979827,0.004143398,0.00026447666,0.34906584,1.8300144e-09,1.8325629e-09,3.1556495e-09,4259850,-0.05242798,0.17098252,-0.01841913,0.4,4.9774058e-06,4.9774058e-06,4.977415e-06,396825,0.0,0.0,0.0,0.5,0.0,0.0,0.0,1,1,0
593069140,593067544,4325386,0.002895536,0.0041598794,0.00021805921,0.34906584,1.8357297e-09,1.8382825e-09,3.1716474e-09,4259850,-0.052645512,0.17169197,-0.019168375,0.4,4.9980576e-06,4.9980576e-06,4.9980576e-06,396825,0.0,0.0,0.0,0.5,0.0,0.0,0.0,1,1,0
593194557,593193839,4325386,0.0028815465,0.0041675344,0.00011855061,0.34906584,1.8397969e-09,1.8423612e-09,3.183632e-09,4259850,-0.0527951,0.17217982,-0.020296272,0.4,5.0122594e-06,5.0122594e-06,5.0122594e-06,396825,0.0,0.0,0.0,0.5,0.0,0.0,0.0,1,1,0
593289500,593288559,4325386,0.0028528064,0.0041426155,3.7788574e-05,0.34906584,1.8308525e-09,1.8334163e-09,3.1687202e-09,4259850,-0.05253637,0.17133601,-0.020928524,0.4,4.987696e-06,4.987696e-06,4.987714e-06,396825,0.0,0.0,0.0,0.5,0.0,0.0,0.0,1,1,0
593347720,593342732,4325386,0.002861518,0.0041633253,4.955578e-06,0.34906584,1.8417061e-09,1.8442936e-09,3.1881724e-09,4259850,-0.052831374,0.1722981,-0.021423858,0.4,5.0157028e-06,5.0157028e-06,5.0157205e-06,396825,0.0,0.0,0.0,0.5,0.0,0.0,0.0,1,1,0
593447286,593446425,4325386,0.0028274495,0.004135689,-7.455701e-05,0.34906584,1.8304886e-09,1.8331014e-09,3.1750735e-09,4259850,-0.052588064,0.17150462,-0.022435455,0.4,4.992604e-06,4.992604e-06,4.992604e-06,396825,0.0,0.0,0.0,0.5,0.0,0.0,0.0,1,1,0
593573818,593572769,4325386,0.0028041368,0.004121443,-0.00017098668,0.34906584,1.8297736e-09,1.8324356e-09,3.1755345e-09,4259850,-0.05254713,0.17137112,-0.02349764,0.4,4.9887176e-06,4.9887176e-06,4.9887176e-06,396825,0.0,0.0,0.0,0.5,0.0,0.0,0.0,1,1,0
593640864,593640377,4325386,0.0027802512,0.004092477,-0.00021572424,0.34906584,1.821915e-09,1.8245795e-09,3.1585616e-09,4259850,-0.052233417,0.170348,-0.023694206,0.4,4.958934e-06,4.958934e-06,4.95897e-06,396825,0.0,0.0,0.0,0.5,0.0,0.0,0.0,1,1,0
593686317,593685712,4325386,0.0027813492,0.0041060112,-0.000249143,0.34906584,1.8284465e-09,1.8311708e-09,3.1766614e-09,4259850,-0.052507073,0.17124048,-0.024490803,0.4,4.9849145e-06,4.9849145e-06,4.9849145e-06,396825,0.0,0.0,0.0,0.5,0.0,0.0,0.0,1,1,0
593812693,593812013,4325386,0.0027682974,0.0041029514,-0.00034760335,0.34906584,1.8337593e-09,1.8365649e-09,3.1871155e-09,4259850,-0.052648917,0.17170307,-0.025470171,0.4,4.998381e-06,4.998381e-06,4.998381e-06,396825,0.0,0.0,0.0,0.5,0.0,0.0,0.0,1,1,0
593879910,593879548,4325386,0.0027778177,0.0041220025,-0.00038002664,0.34906584,1.8466677e-09,1.8495159e-09,3.2083112e-09,4259850,-0.052955635,0.17270337,-0.025899602,0.4,5.0275003e-06,5.0275003e-06,5.0275185e-06,396825,0.0,0.0,0.0,0.5,0.0,0.0,0.0,1,1,0
593907352,593906544,4325386,0.0027537714,0.004091242,-0.0004088286,0.34906584,1.8343037e-09,1.8371623e-09,3.1880196e-09,4259850,-0.052627224,0.17163232,-0.026012728,0.4,4.9963214e-06,4.9963214e-06,4.9963214e-06,396825,0.0,0.0,0.0,0.5,0.0,0.0,0.0,1,1,0
594024633,594023770,4325386,0.00271868,0.0040523615,-0.0005020305,0.34906584,1.82467e-09,1.8275986e-09,3.1720833e-09,4259850,-0.052334618,0.17067805,-0.026603162,0.4,4.9685423e-06,4.9685423e-06,4.9685423e-06,396825,0.0,0.0,0.0,0.5,0.0,0.0,0.0,1,1,0
594114419,594113980,4325386,0.0027189183,0.0040606833,-0.0005670973,0.34906584,1.8349645e-09,1.8379664e-09,3.189443e-09,4259850,-0.052585065,0.17149484,-0.027155185,0.4,4.992319e-06,4.992319e-06,4.992328e-06,396825,0.0,0.0,0.0,0.5,0.0,0.0,0.0,1,1,0
594317911,594317169,4325386,0.0026948403,0.0040424136,-0.00072318997,0.34906584,1.8420735e-09,1.8452396e-09,3.202017e-09,4259850,-0.052728686,0.17196321,-0.028078219,0.4,5.005954e-06,5.005954e-06,5.005954e-06,396825,0.0,0.0,0.0,0.5,0.0,0.0,0.0,1,1,0
594380570,594380145,4325386,0.0027047182,0.004060174,-0.00076301245,0.34906584,1.8552535e-09,1.8584683e-09,3.2233383e-09,4259850,-0.05303734,0.17296983,-0.028374743,0.4,5.035257e-06,5.035257e-06,5.035284e-06,396825,0.0,0.0,0.0,0.5,0.0,0.0,0.0,1,1,0
594444394,594443473,4325386,0.0026731642,0.0040185023,-0.0008209219,0.34906584,1.8411378e-09,1.8443918e-09,3.1999858e-09,4259850,-0.052651472,0.17171142,-0.028396454,0.4,4.998624e-06,4.998624e-06,4.998624e-06,396825,0.0,0.0,0.0,0.5,0.0,0.0,0.0,1,1,0
594606317,594605670,4325386,0.0026711146,0.0040228637,-0.0009352686,0.34906584,1.8556667e-09,1.8590245e-09,3.2209508e-09,4259850,-0.0529477,0.17267749,-0.02881856,0.4,5.0267467e-06,5.0267467e-06,5.0267827e-06,396825,0.0,0.0,0.0,0.5,0.0,0.0,0.0,1,1,0
594687712,594686812,4325386,0.002638781,0.0039818026,-0.0009892852,0.34906584,1.8413572e-09,1.8447835e-09,3.2021534e-09,4259850,-0.052622326,0.17161635,-0.02882705,0.4,4.9958567e-06,4.9958567e-06,4.9958567e-06,396825,0.0,0.0,0.0,0.5,0.0,0.0,0.0,1,1,0
594800301,594799833,4325386,0.0026103612,0.0039434577,-0.0010798327,0.34906584,1.8343193e-09,1.8377756e-09,3.1833867e-09,4259850,-0.052286964,0.17052265,-0.028727943,0.4,4.964018e-06,4.964018e-06,4.964045e-06,396825,0.0,0.0,0.0,0.5,0.0,0.0,0.0,1,1,0
594949653,594948624,4325386,0.00260543,0.003947408,-0.0011759405,0.34906584,1.8467914e-09,1.8503826e-09,3.2088963e-09,4259850,-0.05263244,0.17164934,-0.029013475,0.4,4.9968166e-06,4.9968166e-06,4.9968257e-06,396825,0.0,0.0,0.0,0.5,0.0,0.0,0.0,1,1,0
595097797,595097435,4325386,0.002602974,0.0039526094,-0.0012898706,0.34906584,1.8614739e-09,1.8651627e-09,3.2304721e-09,4259850,-0.052940328,0.17265344,-0.029205605,0.4,5.026047e-06,5.026047e-06,5.026074e-06,396825,0.0,0.0,0.0,0.5,0.0,0.0,0.0,1,1,0
595142922,595142451,4325386,0.0025828124,0.0039252588,-0.0013121859,0.34906584,1.8514835e-09,1.855178e-09,3.2132048e-09,4259850,-0.052649293,0.17170429,-0.029042508,0.4,4.9984164e-06,4.9984164e-06,4.9984437e-06,396825,0.0,0.0,0.0,0.5,0.0,0.0,0.0,1,1,0
595255471,595255132,4325386,0.0025816988,0.0039342213,-0.0014011514,0.34906584,1.8633228e-09,1.867118e-09,3.2361012e-09,4259850,-0.0529884,0.17281021,-0.029203072,0.4,5.0306107e-06,5.0306107e-06,5.030629e-06,396825,0.0,0.0,0.0,0.5,0.0,0.0,0.0,1,1,0
595320221,595318279,4325386,0.0025488175,0.0038918152,-0.0014343682,0.34906584,1.8467621e-09,1.8505757e-09,3.2102427e-09,4259850,-0.052553695,0.17139252,-0.028935416,0.4,4.9893406e-06,4.9893406e-06,4.9893406e-06,396825,0.0,0.0,0.0,0.5,0.0,0.0,0.0,1,1,0
595510087,595507768,4325386,0.0025052875,0.003841216,-0.0015722719,0.34906584,1.8384696e-09,1.842341e-09,3.1894658e-09,4259850,-0.052174337,0.17015533,-0.028643837,0.4,4.9533255e-06,4.9533255e-06,4.953343e-06,396825,0.0,0.0,0.0,0.5,0.0,0.0,0.0,1,1,0
595567052,595566384,4325386,0.0025084554,0.0038558454,-0.0016245742,0.34906584,1.8485165e-09,1.8524601e-09,3.210507e-09,4259850,-0.052507717,0.17124258,-0.0287741,0.4,4.984976e-06,4.984976e-06,4.984976e-06,396825,0.0,0.0,0.0,0.5,0.0,0.0,0.0,1,1,0
595674994,595674612,4325386,0.0025102214,0.0038680015,-0.0016933454,0.34906584,1.8626811e-09,1.8666897e-09,3.2330638e-09,4259850,-0.052812513,0.17223659,-0.02888802,0.4,5.0139124e-06,5.0139124e-06,5.0139392e-06,396825,0.0,0.0,0.0,0.5,0.0,0.0,0.0,1,1,0
595742818,595742288,4325386,0.0025138715,0.0038837197,-0.0017516455,0.34906584,1.8731896e-09,1.8772683e-09,3.2547822e-09,4259850,-0.053156685,0.17335905,-0.029021157,0.4,5.0465874e-06,5.0465874e-06,5.0465965e-06,396825,0.0,0.0,0.0,0.5,0.0,0.0,0.0,1,1,0
595815290,595814438,4325386,0.0024852015,0.0038493932,-0.0017985617,0.34906584,1.861784e-09,1.865875e-09,3.2350056e-09,4259850,-0.05281926,0.1722586,-0.028779818,0.4,5.0145527e-06,5.0145527e-06,5.0145527e-06,396825,0.0,0.0,0.0,0.5,0.0,0.0,0.0,1,1,0
596150669,596148212,4325386,0.0024212766,0.0037927036,-0.0020228073,0.34906584,1.8548403e-09,1.859047e-09,3.222936e-09,4259850,-0.052550074,0.17138071,-0.028381057,0.4,4.988997e-06,4.988997e-06,4.988997e-06,396825,0.0,0.0,0.0,0.5,0.0,0.0,0.0,1,1,0
596257047,596256553,4325386,0.0024235672,0.0038073286,-0.002106245,0.34906584,1.869787e-09,1.8740474e-09,3.245541e-09,4259850,-0.05288497,0.17247291,-0.028496036,0.4,5.0207914e-06,5.0207914e-06,5.020809e-06,396825,0.0,0.0,0.0,0.5,0.0,0.0,0.0,1,1,0
596527666,596527091,4325386,0.002367233,0.0037575068,-0.0022676394,0.34906584,1.8589431e-09,1.8632718e-09,3.2319476e-09,4259850,-0.05257618,0.17146584,-0.0281342,0.4,4.991475e-06,4.991475e-06,4.991475e-06,396825,0.0,0.0,0.0,0.5,0.0,0.0,0.0,1,1,0
596640353,596639854,4325386,0.002370746,0.0037732248,-0.0023556529,0.34906584,1.8743014e-09,1.8786737e-09,3.2548815e-09,4259850,-0.05291672,0.17257646,-0.02827548,0.4,5.023806e-06,5.023806e-06,5.023842e-06,396825,0.0,0.0,0.0,0.5,0.0,0.0,0.0,1,1,0
596762063,596761717,4325386,0.0023381857,0.003737157,-0.0024226713,0.34906584,1.8622643e-09,1.8666326e-09,3.2346166e-09,4259850,-0.052568726,0.17144154,-0.028042989,0.4,4.9907676e-06,4.9907676e-06,4.990795e-06,396825,0.0,0.0,0.0,0.5,0.0,0.0,0.0,1,1,0
596874886,596874398,4325386,0.0023371668,0.0037514288,-0.0025106533,0.34906584,1.87376e-09,1.8781812e-09,3.257871e-09,4259850,-0.05291525,0.17257166,-0.02819657,0.4,5.023666e-06,5.023666e-06,5.0236754e-06,396825,0.0,0.0,0.0,0.5,0.0,0.0,0.0,1,1,0
596928930,596928571,4325386,0.0023127622,0.003716887,-0.0025296032,0.34906584,1.860544e-09,1.8649313e-09,3.2319947e-09,4259850,-0.05248581,0.17117113,-0.027960557,0.4,4.982896e-06,4.982896e-06,4.9829227e-06,396825,0.0,0.0,0.0,0.5,0.0,0.0,0.0,1,1,0
597118556,597118083,4325386,0.0023000436,0.0037216465,-0.0026647237,0.34906584,1.8699104e-09,1.8743478e-09,3.252748e-09,4259850,-0.052780468,0.17213209,-0.028107118,0.4,5.01087e-06,5.01087e-06,5.010879e-06,396825,0.0,0.0,0.0,0.5,0.0,0.0,0.0,1,1,0
597335153,597334518,4325386,0.0022610815,0.0036805037,-0.002775982,0.34906584,1.8578723e-09,1.8622855e-09,3.232605e-09,4259850,-0.052409768,0.17092314,-0.027908204,0.4,4.975677e-06,4.975677e-06,4.975695e-06,396825,0.0,0.0,0.0,0.5,0.0,0.0,0.0,1,1,0
597362315,597361532,4325386,0.0022436427,0.0036561908,-0.002787203,0.34906584,1.8461127e-09,1.8505002e-09,3.2131644e-09,4259850,-0.052105144,0.16992967,-0.027746102,0.4,4.9467562e-06,4.9467562e-06,4.946765e-06,396825,0.0,0.0,0.0,0.5,0.0,0.0,0.0,1,1,0
597407300,597406639,4325386,0.0022522735,0.0036745106,-0.002828591,0.34906584,1.8576383e-09,1.8620507e-09,3.2330723e-09,4259850,-0.052406404,0.17091216,-0.0279076,0.4,4.975357e-06,4.975357e-06,4.975366e-06,396825,0.0,0.0,0.0,0.5,0.0,0.0,0.0,1,1,0
597561339,597560040,4325386,0.0022488541,0.0036853796,-0.002932477,0.34906584,1.8664918e-09,1.870926e-09,3.253621e-09,4259850,-0.052704707,0.17188501,-0.028080748,0.4,5.0036774e-06,5.0036774e-06,5.0036774e-06,396825,0.0,0.0,0.0,0.5,0.0,0.0,0.0,1,1,0
597623602,597623231,4325386,0.0022583301,0.0037044664,-0.0029766653,0.34906584,1.8793491e-09,1.8838058e-09,3.2751035e-09,4259850,-0.053014938,0.17289677,-0.028251084,0.4,5.0331305e-06,5.0331305e-06,5.0331396e-06,396825,0.0,0.0,0.0,0.5,0.0,0.0,0.0,1,1,0
597691477,597686286,4325386,0.0022363882,0.0036753595,-0.003007031,0.34906584,1.8658615e-09,1.870281e-09,3.2532737e-09,4259850,-0.05266761,0.17176403,-0.028076135,0.4,5.000156e-06,5.000156e-06,5.000156e-06,396825,0.0,0.0,0.0,0.5,0.0,0.0,0.0,1,1,0
597894290,597893769,4325386,0.0022352424,0.0036854744,-0.003144283,0.34906584,1.879671e-09,1.8840896e-09,3.2746044e-09,4259850,-0.052957967,0.17271097,-0.028257456,0.4,5.0277213e-06,5.0277213e-06,5.027758e-06,396825,0.0,0.0,0.0,0.5,0.0,0.0,0.0,1,1,0
597921362,597920893,4325386,0.0022181831,0.003660201,-0.0031514934,0.34906584,1.8668078e-09,1.8711925e-09,3.2534178e-09,4259850,-0.052626714,0.17163067,-0.02808684,0.4,4.996273e-06,4.996273e-06,4.9962914e-06,396825,0.0,0.0,0.0,0.5,0.0,0.0,0.0,1,1,0
598033986,598033641,4325386,0.002197016,0.0036341532,-0.0031933072,0.34906584,1.8558699e-09,1.8602135e-09,3.237673e-09,4259850,-0.05232833,0.17065755,-0.027948791,0.4,4.967945e-06,4.967945e-06,4.9679543e-06,396825,0.0,0.0,0.0,0.5,0.0,0.0,0.0,1,1,0
598106462,598105908,4325386,0.0022061209,0.0036548208,-0.0032531242,0.34906584,1.8667397e-09,1.8711002e-09,3.260389e-09,4259850,-0.05267244,0.17177977,-0.02814931,0.4,5.000614e-06,5.000614e-06,5.000614e-06,396825,0.0,0.0,0.0,0.5,0.0,0.0,0.0,1,1,0
598227947,598223036,4325386,0.0022152246,0.0036740892,-0.0033347346,0.34906584,1.8814807e-09,1.8858473e-09,3.2829515e-09,4259850,-0.053009357,0.17287856,-0.028346576,0.4,5.0326003e-06,5.0326003e-06,5.0326275e-06,396825,0.0,0.0,0.0,0.5,0.0,0.0,0.0,1,1,0
598309144,598304274,4325386,0.00219677,0.003647617,-0.0033682962,0.34906584,1.8694628e-09,1.8737831e-09,3.263039e-09,4259850,-0.05267917,0.17180173,-0.028187316,0.4,5.001253e-06,5.001253e-06,5.001271e-06,396825,0.0,0.0,0.0,0.5,0.0,0.0,0.0,1,1,0
598431046,598430519,4325386,0.0021765665,0.0036199926,-0.0034195846,0.34906584,1.8575199e-09,1.8617838e-09,3.2432317e-09,4259850,-0.05234668,0.17071739,-0.028034817,0.4,4.9696873e-06,4.9696873e-06,4.969714e-06,396825,0.0,0.0,0.0,0.5,0.0,0.0,0.0,1,1,0
598621325,598620007,4325386,0.002152533,0.003589068,-0.003513573,0.34906584,1.844362e-09,1.8485441e-09,3.2227105e-09,4259850,-0.05199533,0.16957153,-0.027892657,0.4,4.9363307e-06,4.9363307e-06,4.93634e-06,396825,0.0,0.0,0.0,0.5,0.0,0.0,0.0,1,1,0
598665463,598665112,4325386,0.0021638123,0.0036095993,-0.0035579088,0.34906584,1.8562494e-09,1.8604454e-09,3.2434442e-09,4259850,-0.05230987,0.17059734,-0.0280721,0.4,4.9661926e-06,4.9661926e-06,4.966211e-06,396825,0.0,0.0,0.0,0.5,0.0,0.0,0.0,1,1,0
598771496,598768809,4325386,0.002171687,0.0036283818,-0.0036270875,0.34906584,1.8644855e-09,1.86868e-09,3.2648828e-09,4259850,-0.052615784,0.17159502,-0.028266706,0.4,4.9952355e-06,4.9952355e-06,4.9952355e-06,396825,0.0,0.0,0.0,0.5,0.0,0.0,0.0,1,1,0
598841634,598841149,4325386,0.0021838595,0.0036491521,-0.0036955145,0.34906584,1.8791289e-09,1.8833293e-09,3.2849823e-09,4259850,-0.052948363,0.17267965,-0.028454535,0.4,5.02681e-06,5.02681e-06,5.026837e-06,396825,0.0,0.0,0.0,0.5,0.0,0.0,0.0,1,1,0
599012931,599012447,4325386,0.0021635431,0.003620954,-0.0037624596,0.34906584,1.8666757e-09,1.8708008e-09,3.2650662e-09,4259850,-0.0525972,0.1715344,-0.028294476,0.4,4.9934706e-06,4.9934706e-06,4.993498e-06,396825,0.0,0.0,0.0,0.5,0.0,0.0,0.0,1,1,0
