iteration,time,position_x,position_y,position_z,velocity_x,velocity_y,velocity_z,acceleration_x,acceleration_y,acceleration_z
1,0,0,0,0,0,0,0,0,0,0
2,0.01,2.48871e-08,1.21827e-09,0,9.92154e-06,4.84893e-07,0,0.00295985,0.000144263,0
3,0.02,3.92892e-07,1.91082e-08,0,7.80509e-05,3.78347e-06,0,0.0115763,0.000558024,0
4,0.03,1.96244e-06,9.48147e-08,0,0.000259014,1.24511e-05,0,0.0254632,0.00121354,0
5,0.04,6.1191e-06,2.93666e-07,0,0.000603632,2.87709e-05,0,0.0442458,0.0020841,0
6,0.05,1.47381e-05,7.02506e-07,0,0.00115904,5.47644e-05,0,0.0675608,0.00314407,0
7,0.06,3.0148e-05,1.42713e-06,0,0.00196878,9.22013e-05,0,0.0950556,0.00436879,0
8,0.07,5.50955e-05,2.5898e-06,0,0.00307294,0.00014261,0,0.126389,0.00573463,0
9,0.08,9.27111e-05,4.32692e-06,0,0.00450825,0.000207289,0,0.16123,0.00721895,0
10,0.09,0.000146476,6.78675e-06,0,0.00630817,0.000287312,0,0.199259,0.00880008,0
11,0.1,0.000220191,1.01272e-05,0,0.00850302,0.000383544,0,0.240166,0.0104573,0
12,0.11,0.000317944,1.45139e-05,0,0.0111201,0.000496646,0,0.283653,0.0121709,0
13,0.12,0.000444082,2.01179e-05,0,0.0141837,0.000627087,0,0.32943,0.013922,0
14,0.13,0.000603179,2.71144e-05,0,0.0177154,0.000775151,0,0.377219,0.0156927,0
15,0.14,0.000800013,3.56801e-05,0,0.0217339,0.000940949,0,0.426751,0.0174659,0
16,0.15,0.00103953,4.59923e-05,0,0.0262554,0.00112442,0,0.477768,0.0192257,0
17,0.16,0.00132684,5.82268e-05,0,0.0312934,0.00132537,0,0.530019,0.0209566,0
18,0.17,0.00166716,7.25566e-05,0,0.0368591,0.00154341,0,0.583265,0.0226443,0
19,0.18,0.00206581,8.91504e-05,0,0.0429612,0.00177806,0,0.637277,0.0242752,0
20,0.19,0.0025282,0.000108171,0,0.0496064,0.00202868,0,0.691832,0.0258366,0
21,0.2,0.00305977,0.000129775,0,0.056799,0.00229452,0,0.74672,0.0273166,0
22,0.21,0.00366601,0.000154109,0,0.0645412,0.00257471,0,0.801736,0.028704,0
23,0.22,0.00435242,0.000181314,0,0.0728335,0.00286826,0,0.856688,0.0299885,0
24,0.23,0.00512451,0.000211516,0,0.0816742,0.0031741,0,0.911389,0.0311605,0
25,0.24,0.00598772,0.000244833,0,0.0910598,0.00349107,0,0.965663,0.0322112,0
26,0.25,0.0069475,0.00028137,0,0.100985,0.0038179,0,1.01934,0.0331324,0
27,0.26,0.00800921,0.000321219,0,0.111444,0.00415326,0,1.07226,0.0339168,0
28,0.27,0.00917814,0.000364459,0,0.122428,0.00449575,0,1.12428,0.0345577,0
29,0.28,0.0104595,0.000411153,0,0.133926,0.00484391,0,1.17524,0.0350491,0
30,0.29,0.0118583,0.000461351,0,0.145929,0.00519622,0,1.22502,0.0353858,0
31,0.3,0.0133797,0.000515086,0,0.158422,0.0055511,0,1.27348,0.035563,0
32,0.31,0.0150284,0.000572376,0,0.171393,0.00590693,0,1.3205,0.0355768,0
33,0.32,0.0168091,0.000633222,0,0.184827,0.00626208,0,1.36597,0.0354238,0
34,0.33,0.0187264,0.00069761,0,0.198707,0.00661485,0,1.40979,0.0351013,0
35,0.34,0.0207847,0.000765506,0,0.213017,0.00696353,0,1.45185,0.034607,0
36,0.35,0.0229881,0.000836861,0,0.227738,0.00730641,0,1.49206,0.0339394,0
37,0.36,0.0253407,0.000911609,0,0.242852,0.00764174,0,1.53034,0.0330976,0
38,0.37,0.0278464,0.000989665,0,0.258338,0.00796778,0,1.56661,0.032081,0
39,0.38,0.0305087,0.00107093,0,0.274177,0.00828278,0,1.60079,0.0308899,0
40,0.39,0.033331,0.00115528,0,0.290347,0.00858499,0,1.63283,0.0295247,0
41,0.4,0.0363166,0.00124258,0,0.306826,0.00887269,0,1.66266,0.0279866,0
42,0.41,0.0394685,0.00133268,0,0.323592,0.00914416,0,1.69023,0.0262773,0
43,0.42,0.0427894,0.0014254,0,0.340623,0.00939768,0,1.7155,0.0243989,0
44,0.43,0.0462818,0.00152057,0,0.357894,0.00963158,0,1.73841,0.0223538,0
45,0.44,0.049948,0.00161796,0,0.375383,0.00984421,0,1.75895,0.0201453,0
46,0.45,0.0537901,0.00171737,0,0.393065,0.0100339,0,1.77707,0.0177767,0
47,0.46,0.0578099,0.00181856,0,0.410916,0.0101992,0,1.79275,0.0152518,0
48,0.47,0.0620089,0.00192127,0,0.428912,0.0103385,0,1.80599,0.012575,0
49,0.48,0.0663885,0.00202524,0,0.447028,0.0104502,0,1.81675,0.00975105,0
50,0.49,0.0709498,0.00213018,0,0.465239,0.010533,0,1.82503,0.00678485,0
51,0.5,0.0756935,0.0022358,0,0.48352,0.0105855,0,1.83084,0.00368187,0
52,0.51,0.0806203,0.00234178,0,0.501847,0.0106062,0,1.83416,0.000447867,0
53,0.52,0.0857305,0.00244781,0,0.520195,0.010594,0,1.83501,-0.00291108,0
54,0.53,0.0910242,0.00255355,0,0.538539,0.0105476,0,1.8334,-0.00638856,0
55,0.54,0.0965012,0.00265865,0,0.556855,0.0104659,0,1.82934,-0.00997788,0
56,0.55,0.102161,0.00276275,0,0.575118,0.0103477,0,1.82285,-0.013672,0
57,0.56,0.108003,0.00286548,0,0.593304,0.0101921,0,1.81395,-0.0174638,0
58,0.57,0.114027,0.00296646,0,0.611389,0.00999813,0,1.80267,-0.0213456,0
59,0.58,0.120231,0.00306531,0,0.62935,0.00976491,0,1.78904,-0.0253098,0
60,0.59,0.126613,0.00316162,0,0.647162,0.00949168,0,1.77309,-0.0293483,0
61,0.6,0.133173,0.00325501,0,0.664804,0.00917773,0,1.75487,-0.033453,0
62,0.61,0.139909,0.00334504,0,0.682252,0.00882243,0,1.73441,-0.0376154,0
63,0.62,0.146818,0.00343131,0,0.699485,0.00842526,0,1.71176,-0.0418271,0
64,0.63,0.153898,0.0035134,0,0.71648,0.00798575,0,1.68696,-0.0460792,0
65,0.64,0.161146,0.00359089,0,0.733217,0.00750357,0,1.66007,-0.050363,0
66,0.65,0.168561,0.00366333,0,0.749675,0.00697842,0,1.63113,-0.0546693,0
67,0.66,0.176139,0.00373031,0,0.765833,0.00641013,0,1.60021,-0.0589891,0
68,0.67,0.183877,0.00379139,0,0.781672,0.00579862,0,1.56736,-0.0633131,0
69,0.68,0.191771,0.00384614,0,0.797174,0.00514389,0,1.53264,-0.0676319,0
70,0.69,0.199819,0.00389413,0,0.812319,0.00444603,0,1.49612,-0.0719363,0
71,0.7,0.208016,0.00393492,0,0.827091,0.00370524,0,1.45786,-0.0762166,0
72,0.71,0.21636,0.00396809,0,0.841471,0.00292181,0,1.41793,-0.0804635,0
73,0.72,0.224844,0.00399321,0,0.855444,0.00209612,0,1.37639,-0.0846673,0
74,0.73,0.233467,0.00400987,0,0.868994,0.00122864,0,1.33332,-0.0888185,0
75,0.74,0.242223,0.00401765,0,0.882105,0.000319957,0,1.28879,-0.0929075,0
76,0.75,0.251108,0.00401614,0,0.894765,-0.000629269,0,1.24287,-0.0969249,0
77,0.76,0.260117,0.00400493,0,0.906958,-0.00161827,0,1.19564,-0.100861,0
78,0.77,0.269245,0.00398364,0,0.918673,-0.00264619,0,1.14716,-0.104706,0
79,0.78,0.278488,0.00395188,0,0.929898,-0.00371207,0,1.09753,-0.108452,0
80,0.79,0.287841,0.00390928,0,0.94062,-0.00481486,0,1.04682,-0.112088,0
81,0.8,0.297299,0.00385546,0,0.950831,-0.00595343,0,0.995093,-0.115605,0
82,0.81,0.306856,0.00379009,0,0.960519,-0.00712653,0,0.942444,-0.118995,0
83,0.82,0.316508,0.00371282,0,0.969677,-0.00833286,0,0.888947,-0.122247,0
84,0.83,0.326248,0.00362333,0,0.978296,-0.00957099,0,0.834682,-0.125354,0
85,0.84,0.336072,0.0035213,0,0.986368,-0.0108394,0,0.779729,-0.128307,0
86,0.85,0.345974,0.00340644,0,0.993888,-0.0121366,0,0.724166,-0.131096,0
87,0.86,0.355948,0.00327848,0,1.00085,-0.0134608,0,0.668072,-0.133714,0
88,0.87,0.365989,0.00313714,0,1.00725,-0.0148103,0,0.611529,-0.136153,0
89,0.88,0.376091,0.0029822,0,1.01308,-0.0161832,0,0.554612,-0.138404,0
90,0.89,0.386248,0.00281341,0,1.01834,-0.0175777,0,0.497402,-0.14046,0
91,0.9,0.396456,0.00263058,0,1.02303,-0.0189917,0,0.439974,-0.142313,0
92,0.91,0.406707,0.00243352,0,1.02714,-0.0204233,0,0.382407,-0.143955,0
93,0.92,0.416997,0.00222206,0,1.03067,-0.0218701,0,0.324774,-0.145381,0
94,0.93,0.427319,0.00199607,0,1.03363,-0.0233301,0,0.26715,-0.146583,0
95,0.94,0.437667,0.00175542,0,1.03602,-0.024801,0,0.209609,-0.147554,0
96,0.95,0.448037,0.00150002,0,1.03783,-0.0262804,0,0.152222,-0.14829,0
97,0.96,0.458422,0.00122979,0,1.03906,-0.027766,0,0.0950594,-0.148783,0
98,0.97,0.468816,0.000944688,0,1.03973,-0.0292553,0,0.038189,-0.149028,0
99,0.98,0.479215,0.000644683,0,1.03983,-0.0307457,0,-0.0183223,-0.149022,0
100,0.99,0.489611,0.000329779,0,1.03936,-0.0322348,0,-0.0744102,-0.148757,0
101,1,0.5,-2.2462e-17,0,1.03834,-0.03372,0,-0.130012,-0.148232,0
102,1.01,0.510376,-0.000344599,0,1.03677,-0.0351986,0,-0.185068,-0.147441,0
103,1.02,0.520733,-0.000703941,0,1.03464,-0.0366679,0,-0.239519,-0.146381,0
104,1.03,0.531067,-0.00107792,0,1.03198,-0.0381253,0,-0.293312,-0.145049,0
105,1.04,0.541371,-0.0014664,0,1.02878,-0.039568,0,-0.346392,-0.143442,0
106,1.05,0.551641,-0.00186922,0,1.02505,-0.0409932,0,-0.398708,-0.141559,0
107,1.06,0.561871,-0.00228619,0,1.02081,-0.0423982,0,-0.450213,-0.139397,0
108,1.07,0.572055,-0.00271711,0,1.01605,-0.0437802,0,-0.50086,-0.136954,0
109,1.08,0.58219,-0.00316171,0,1.01079,-0.0451364,0,-0.550605,-0.134231,0
110,1.09,0.592269,-0.00361974,0,1.00504,-0.0464639,0,-0.599406,-0.131225,0
111,1.1,0.602289,-0.00409089,0,0.998807,-0.0477599,0,-0.647223,-0.127937,0
112,1.11,0.612244,-0.00457482,0,0.9921,-0.0490217,0,-0.69402,-0.124366,0
113,1.12,0.62213,-0.0050712,0,0.984931,-0.0502463,0,-0.739759,-0.120513,0
114,1.13,0.631941,-0.00557962,0,0.977309,-0.051431,0,-0.784408,-0.116379,0
115,1.14,0.641674,-0.00609967,0,0.969246,-0.052573,0,-0.827935,-0.111965,0
116,1.15,0.651325,-0.00663092,0,0.960754,-0.0536694,0,-0.870311,-0.107271,0
117,1.16,0.660888,-0.0071729,0,0.951844,-0.0547175,0,-0.911509,-0.1023,0
118,1.17,0.67036,-0.0077251,0,0.942528,-0.0557145,0,-0.951502,-0.097054,0
119,1.18,0.679737,-0.00828701,0,0.932818,-0.0566576,0,-0.990267,-0.0915346,0
120,1.19,0.689015,-0.00885807,0,0.922727,-0.0575443,0,-1.02778,-0.0857447,0
121,1.2,0.69819,-0.0094377,0,0.912266,-0.0583716,0,-1.06403,-0.0796872,0
122,1.21,0.707259,-0.0100253,0,0.90145,-0.0591371,0,-1.09899,-0.0733652,0
123,1.22,0.716218,-0.0106202,0,0.890291,-0.0598381,0,-1.13264,-0.0667822,0
124,1.23,0.725064,-0.0112218,0,0.878802,-0.0604719,0,-1.16497,-0.059942,0
125,1.24,0.733793,-0.0118294,0,0.866996,-0.0610361,0,-1.19598,-0.0528485,0
126,1.25,0.742403,-0.0124423,0,0.854887,-0.061528,0,-1.22563,-0.045506,0
127,1.26,0.75089,-0.0130597,0,0.842488,-0.0619454,0,-1.25394,-0.0379189,0
128,1.27,0.759252,-0.013681,0,0.829813,-0.0622856,0,-1.28088,-0.0300921,0
129,1.28,0.767485,-0.0143052,0,0.816875,-0.0625464,0,-1.30646,-0.0220305,0
130,1.29,0.775589,-0.0149316,0,0.803688,-0.0627255,0,-1.33066,-0.0137393,0
131,1.3,0.783558,-0.0155594,0,0.790266,-0.0628205,0,-1.35349,-0.00522398,0
132,1.31,0.791393,-0.0161877,0,0.776623,-0.0628292,0,-1.37493,0.00350981,0
133,1.32,0.79909,-0.0168157,0,0.762772,-0.0627496,0,-1.395,0.0124562,0
134,1.33,0.806648,-0.0174424,0,0.748728,-0.0625794,0,-1.41369,0.0216092,0
135,1.34,0.814064,-0.018067,0,0.734503,-0.0623167,0,-1.43101,0.0309624,0
136,1.35,0.821337,-0.0186884,0,0.720112,-0.0619595,0,-1.44695,0.0405094,0
137,1.36,0.828466,-0.0193059,0,0.705569,-0.0615059,0,-1.46152,0.0502437,0
138,1.37,0.835448,-0.0199182,0,0.690886,-0.060954,0,-1.47473,0.0601583,0
139,1.38,0.842283,-0.0205246,0,0.676078,-0.0603022,0,-1.48659,0.0702463,0
140,1.39,0.84897,-0.0211239,0,0.661159,-0.0595486,0,-1.4971,0.0805005,0
141,1.4,0.855506,-0.0217152,0,0.646141,-0.0586916,0,-1.50628,0.0909138,0
142,1.41,0.861892,-0.0222974,0,0.631038,-0.0577298,0,-1.51413,0.101479,0
143,1.42,0.868127,-0.0228695,0,0.615862,-0.0566616,0,-1.52067,0.112187,0
144,1.43,0.874209,-0.0234303,0,0.600628,-0.0554856,0,-1.52591,0.123032,0
145,1.44,0.880139,-0.0239788,0,0.585348,-0.0542005,0,-1.52987,0.134006,0
146,1.45,0.885916,-0.0245139,0,0.570035,-0.0528051,0,-1.53255,0.145099,0
147,1.46,0.89154,-0.0250346,0,0.554702,-0.0512981,0,-1.53398,0.156306,0
148,1.47,0.89701,-0.0255395,0,0.53936,-0.0496786,0,-1.53418,0.167616,0
149,1.48,0.902327,-0.0260277,0,0.524022,-0.0479455,0,-1.53315,0.179022,0
150,1.49,0.90749,-0.0264981,0,0.508701,-0.0460979,0,-1.53093,0.190516,0
151,1.5,0.912501,-0.0269493,0,0.493407,-0.0441349,0,-1.52753,0.202089,0
152,1.51,0.917359,-0.0273804,0,0.478154,-0.0420558,0,-1.52297,0.213733,0
153,1.52,0.922064,-0.02779,0,0.462952,-0.03986,0,-1.51727,0.225439,0
154,1.53,0.926618,-0.0281772,0,0.447812,-0.0375469,0,-1.51045,0.237198,0
155,1.54,0.931021,-0.0285406,0,0.432746,-0.0351159,0,-1.50255,0.249002,0
156,1.55,0.935273,-0.0288791,0,0.417765,-0.0325667,0,-1.49357,0.260841,0
157,1.56,0.939376,-0.0291915,0,0.402879,-0.029899,0,-1.48355,0.272708,0
158,1.57,0.943331,-0.0294767,0,0.388097,-0.0271125,0,-1.47252,0.284593,0
159,1.58,0.947139,-0.0297334,0,0.373431,-0.0242071,0,-1.46049,0.296488,0
160,1.59,0.9508,-0.0299604,0,0.358891,-0.0211827,0,-1.44749,0.308383,0
161,1.6,0.954317,-0.0301566,0,0.344485,-0.0180395,0,-1.43355,0.32027,0
162,1.61,0.95769,-0.0303208,0,0.330223,-0.0147774,0,-1.4187,0.332139,0
163,1.62,0.960922,-0.0304518,0,0.316114,-0.0113968,0,-1.40297,0.343982,0
164,1.63,0.964013,-0.0305484,0,0.302166,-0.00789789,0,-1.38638,0.355791,0
165,1.64,0.966966,-0.0306094,0,0.288389,-0.00428112,0,-1.36896,0.367555,0
166,1.65,0.969782,-0.0306336,0,0.27479,-0.000546966,0,-1.35074,0.379266,0
167,1.66,0.972462,-0.0306199,0,0.261377,0.003304,0,-1.33175,0.390916,0
168,1.67,0.97501,-0.0305671,0,0.248157,0.00727112,0,-1.31203,0.402496,0
169,1.68,0.977426,-0.0304741,0,0.235138,0.0113537,0,-1.29159,0.413996,0
170,1.69,0.979713,-0.0303397,0,0.222328,0.0155508,0,-1.27047,0.425409,0
171,1.7,0.981873,-0.0301627,0,0.209731,0.0198615,0,-1.2487,0.436725,0
172,1.71,0.983909,-0.0299421,0,0.197356,0.0242849,0,-1.22632,0.447936,0
173,1.72,0.985821,-0.0296766,0,0.185207,0.0288198,0,-1.20335,0.459033,0
174,1.73,0.987613,-0.0293653,0,0.173291,0.0334651,0,-1.17982,0.470008,0
175,1.74,0.989288,-0.029007,0,0.161612,0.0382196,0,-1.15576,0.480853,0
176,1.75,0.990846,-0.0286006,0,0.150177,0.0430818,0,-1.13121,0.49156,0
177,1.76,0.992292,-0.028145,0,0.13899,0.0480503,0,-1.1062,0.502119,0
178,1.77,0.993627,-0.0276392,0,0.128055,0.0531236,0,-1.08075,0.512524,0
179,1.78,0.994854,-0.0270822,0,0.117376,0.0583002,0,-1.0549,0.522766,0
180,1.79,0.995976,-0.0264729,0,0.106958,0.0635784,0,-1.02869,0.532837,0
181,1.8,0.996994,-0.0258103,0,0.0968034,0.0689563,0,-1.00213,0.54273,0
182,1.81,0.997912,-0.0250934,0,0.0869161,0.0744323,0,-0.975266,0.552437,0
183,1.82,0.998733,-0.0243213,0,0.077299,0.0800045,0,-0.948123,0.561951,0
184,1.83,0.999459,-0.023493,0,0.0679545,0.0856707,0,-0.920734,0.571265,0
185,1.84,1.00009,-0.0226076,0,0.058885,0.0914291,0,-0.893127,0.58037,0
186,1.85,1.00064,-0.0216641,0,0.0500926,0.0972774,0,-0.865334,0.589261,0
187,1.86,1.0011,-0.0206617,0,0.0415789,0.103214,0,-0.837383,0.597931,0
188,1.87,1.00147,-0.0195996,0,0.0333453,0.109235,0,-0.809305,0.606373,0
189,1.88,1.00176,-0.0184768,0,0.0253931,0.11534,0,-0.781128,0.61458,0
190,1.89,1.00198,-0.0172925,0,0.017723,0.121526,0,-0.752881,0.622547,0
191,1.9,1.00212,-0.016046,0,0.0103356,0.12779,0,-0.724591,0.630267,0
192,1.91,1.00219,-0.0147364,0,0.00323123,0.134131,0,-0.696288,0.637734,0
193,1.92,1.00218,-0.0133631,0,-0.00359017,0.140544,0,-0.667998,0.644943,0
194,1.93,1.00212,-0.0119253,0,-0.0101289,0.147029,0,-0.639747,0.651889,0
195,1.94,1.00198,-0.0104223,0,-0.0163853,0.153581,0,-0.611563,0.658565,0
196,1.95,1.00179,-0.00885347,0,-0.0223604,0.160199,0,-0.583471,0.664969,0
197,1.96,1.00154,-0.00721813,0,-0.0280552,0.166879,0,-0.555496,0.671093,0
198,1.97,1.00123,-0.00551568,0,-0.0334708,0.17362,0,-0.527662,0.676935,0
199,1.98,1.00087,-0.00374554,0,-0.038609,0.180417,0,-0.499994,0.682489,0
200,1.99,1.00046,-0.00190716,0,-0.0434713,0.187269,0,-0.472513,0.687753,0
201,2,1,2.58688e-16,0,-0.0480599,0.194171,0,-0.445243,0.692722,0
202,2.01,0.999498,0.00197643,0,-0.052377,0.201122,0,-0.418205,0.697392,0
203,2.02,0.998953,0.00402259,0,-0.0564249,0.208118,0,-0.39142,0.701761,0
204,2.03,0.99837,0.00613893,0,-0.0602063,0.215156,0,-0.364908,0.705826,0
205,2.04,0.99775,0.00832585,0,-0.063724,0.222234,0,-0.338687,0.709584,0
206,2.05,0.997096,0.0105837,0,-0.0669811,0.229347,0,-0.312777,0.713034,0
207,2.06,0.996411,0.0129129,0,-0.0699806,0.236493,0,-0.287195,0.716172,0
208,2.07,0.995698,0.0153137,0,-0.0727261,0.243669,0,-0.261958,0.718997,0
209,2.08,0.994958,0.0177864,0,-0.075221,0.250872,0,-0.237081,0.721507,0
210,2.09,0.994194,0.0203312,0,-0.077469,0.258098,0,-0.212581,0.723702,0
211,2.1,0.993409,0.0229484,0,-0.0794739,0.265345,0,-0.188473,0.72558,0
212,2.11,0.992605,0.0256382,0,-0.0812398,0.272609,0,-0.164769,0.72714,0
213,2.12,0.991785,0.0284006,0,-0.0827707,0.279887,0,-0.141484,0.728382,0
214,2.13,0.990951,0.0312359,0,-0.0840709,0.287176,0,-0.11863,0.729306,0
215,2.14,0.990104,0.0341442,0,-0.0851448,0.294472,0,-0.0962191,0.729911,0
216,2.15,0.989249,0.0371254,0,-0.0859968,0.301773,0,-0.0742624,0.730197,0
217,2.16,0.988385,0.0401796,0,-0.0866316,0.309075,0,-0.0527705,0.730166,0
218,2.17,0.987517,0.0433069,0,-0.0870538,0.316375,0,-0.0317535,0.729817,0
219,2.18,0.986645,0.0465071,0,-0.0872683,0.32367,0,-0.0112206,0.729151,0
220,2.19,0.985772,0.0497803,0,-0.0872799,0.330957,0,0.00881941,0.728169,0
221,2.2,0.9849,0.0531262,0,-0.0870935,0.338232,0,0.0283585,0.726873,0
222,2.21,0.984031,0.0565449,0,-0.0867144,0.345493,0,0.0473892,0.725263,0
223,2.22,0.983166,0.060036,0,-0.0861475,0.352737,0,0.0659046,0.723343,0
224,2.23,0.982308,0.0635995,0,-0.085398,0.359959,0,0.0838985,0.721112,0
225,2.24,0.981459,0.0672351,0,-0.0844713,0.367158,0,0.101365,0.718573,0
226,2.25,0.980619,0.0709426,0,-0.0833725,0.37433,0,0.118299,0.715729,0
227,2.26,0.979792,0.0747216,0,-0.0821071,0.381471,0,0.134696,0.712582,0
228,2.27,0.978978,0.0785719,0,-0.0806804,0.38858,0,0.150553,0.709134,0
229,2.28,0.978179,0.0824931,0,-0.0790978,0.395653,0,0.165864,0.705388,0
230,2.29,0.977396,0.0864848,0,-0.0773649,0.402687,0,0.180628,0.701346,0
231,2.3,0.976632,0.0905467,0,-0.0754871,0.409679,0,0.194842,0.697013,0
232,2.31,0.975887,0.0946783,0,-0.0734699,0.416626,0,0.208504,0.69239,0
233,2.32,0.975163,0.0988791,0,-0.0713189,0.423526,0,0.221613,0.687482,0
234,2.33,0.974461,0.103149,0,-0.0690395,0.430375,0,0.234167,0.682292,0
235,2.34,0.973783,0.107486,0,-0.0666374,0.437171,0,0.246166,0.676823,0
236,2.35,0.973129,0.111892,0,-0.064118,0.443911,0,0.257611,0.671079,0
237,2.36,0.972501,0.116364,0,-0.061487,0.450591,0,0.268501,0.665065,0
238,2.37,0.971899,0.120903,0,-0.0587499,0.457211,0,0.278837,0.658783,0
239,2.38,0.971326,0.125508,0,-0.0559121,0.463766,0,0.28862,0.65224,0
240,2.39,0.970782,0.130179,0,-0.0529793,0.470255,0,0.297853,0.645438,0
241,2.4,0.970267,0.134913,0,-0.0499569,0.476674,0,0.306538,0.638382,0
242,2.41,0.969783,0.139712,0,-0.0468504,0.483022,0,0.314676,0.631077,0
243,2.42,0.96933,0.144573,0,-0.0436652,0.489295,0,0.322271,0.623527,0
244,2.43,0.96891,0.149497,0,-0.0404067,0.495491,0,0.329327,0.615737,0
245,2.44,0.968522,0.154483,0,-0.0370804,0.501609,0,0.335846,0.607713,0
246,2.45,0.968168,0.159529,0,-0.0336916,0.507645,0,0.341833,0.599458,0
247,2.46,0.967848,0.164636,0,-0.0302455,0.513597,0,0.347292,0.590979,0
248,2.47,0.967563,0.169801,0,-0.0267475,0.519464,0,0.352228,0.582279,0
249,2.48,0.967314,0.175025,0,-0.0232027,0.525242,0,0.356646,0.573366,0
250,2.49,0.9671,0.180306,0,-0.0196163,0.53093,0,0.360552,0.564243,0
251,2.5,0.966921,0.185643,0,-0.0159933,0.536526,0,0.363951,0.554916,0
252,2.51,0.96678,0.191036,0,-0.0123389,0.542028,0,0.366848,0.545391,0
253,2.52,0.966675,0.196483,0,-0.00865802,0.547434,0,0.369252,0.535674,0
254,2.53,0.966607,0.201984,0,-0.00495553,0.552741,0,0.371167,0.525769,0
255,2.54,0.966576,0.207538,0,-0.00123629,0.557948,0,0.372601,0.515683,0
256,2.55,0.966582,0.213143,0,0.0024949,0.563054,0,0.37356,0.505421,0
257,2.56,0.966626,0.218798,0,0.00623336,0.568056,0,0.374053,0.49499,0
258,2.57,0.966707,0.224504,0,0.00997444,0.572953,0,0.374087,0.484395,0
259,2.58,0.966825,0.230257,0,0.0137136,0.577744,0,0.373669,0.473642,0
260,2.59,0.966981,0.236058,0,0.0174463,0.582426,0,0.372808,0.462736,0
261,2.6,0.967174,0.241905,0,0.0211683,0.586998,0,0.371511,0.451685,0
262,2.61,0.967404,0.247798,0,0.0248751,0.591459,0,0.369788,0.440493,0
263,2.62,0.967671,0.253734,0,0.0285627,0.595807,0,0.367647,0.429168,0
264,2.63,0.967975,0.259713,0,0.0322267,0.600042,0,0.365096,0.417715,0
265,2.64,0.968316,0.265734,0,0.0358633,0.604161,0,0.362145,0.40614,0
266,2.65,0.968693,0.271796,0,0.0394683,0.608164,0,0.358803,0.394449,0
267,2.66,0.969105,0.277897,0,0.043038,0.61205,0,0.355079,0.382648,0
268,2.67,0.969553,0.284037,0,0.0465687,0.615817,0,0.350982,0.370744,0
269,2.68,0.970036,0.290213,0,0.0500565,0.619464,0,0.346523,0.358743,0
270,2.69,0.970554,0.296426,0,0.0534979,0.622991,0,0.34171,0.346651,0
271,2.7,0.971106,0.302673,0,0.0568895,0.626397,0,0.336553,0.334474,0
272,2.71,0.971692,0.308953,0,0.0602279,0.62968,0,0.331063,0.322217,0
273,2.72,0.972311,0.315266,0,0.0635097,0.632841,0,0.325249,0.309889,0
274,2.73,0.972962,0.32161,0,0.0667318,0.635878,0,0.319121,0.297493,0
275,2.74,0.973645,0.327983,0,0.0698911,0.638791,0,0.312689,0.285037,0
276,2.75,0.974359,0.334385,0,0.0729846,0.641579,0,0.305964,0.272526,0
277,2.76,0.975104,0.340814,0,0.0760094,0.644241,0,0.298955,0.259967,0
278,2.77,0.975879,0.347269,0,0.0789628,0.646778,0,0.291673,0.247366,0
279,2.78,0.976683,0.353749,0,0.081842,0.649188,0,0.284129,0.234727,0
280,2.79,0.977516,0.360253,0,0.0846445,0.651472,0,0.276331,0.222059,0
281,2.8,0.978376,0.366778,0,0.0873679,0.653629,0,0.268292,0.209365,0
282,2.81,0.979263,0.373325,0,0.0900096,0.655659,0,0.26002,0.196653,0
283,2.82,0.980176,0.379891,0,0.0925675,0.657562,0,0.251526,0.183927,0
284,2.83,0.981114,0.386476,0,0.0950394,0.659338,0,0.242821,0.171194,0
285,2.84,0.982076,0.393078,0,0.0974233,0.660986,0,0.233914,0.15846,0
286,2.85,0.983062,0.399695,0,0.0997171,0.662507,0,0.224815,0.145729,0
287,2.86,0.984071,0.406327,0,0.101919,0.663901,0,0.215536,0.133007,0
288,2.87,0.9851,0.412973,0,0.104027,0.665167,0,0.206085,0.1203,0
289,2.88,0.986151,0.41963,0,0.10604,0.666307,0,0.196472,0.107614,0
290,2.89,0.987221,0.426298,0,0.107956,0.66732,0,0.186708,0.0949522,0
291,2.9,0.98831,0.432976,0,0.109774,0.668206,0,0.176803,0.0823214,0
292,2.91,0.989416,0.439662,0,0.111492,0.668966,0,0.166765,0.0697262,0
293,2.92,0.990539,0.446355,0,0.113109,0.669601,0,0.156605,0.0571717,0
294,2.93,0.991678,0.453054,0,0.114623,0.67011,0,0.146331,0.0446628,0
295,2.94,0.992831,0.459757,0,0.116035,0.670494,0,0.135953,0.0322042,0
296,2.95,0.993998,0.466463,0,0.117342,0.670754,0,0.125481,0.0198006,0
297,2.96,0.995178,0.473171,0,0.118544,0.67089,0,0.114922,0.00745669,0
298,2.97,0.996369,0.479881,0,0.11964,0.670904,0,0.104286,-0.00482318,0
299,2.98,0.99757,0.486589,0,0.12063,0.670794,0,0.0935821,-0.0170346,0
300,2.99,0.998781,0.493296,0,0.121512,0.670563,0,0.0828177,-0.0291735,0
301,3,1,0.5,0,0.122286,0.670211,0,0.0720012,-0.0412356,0
302,3.01,1.00123,0.5067,0,0.122952,0.669739,0,0.0611408,-0.0532171,0
303,3.02,1.00246,0.513394,0,0.123509,0.669147,0,0.0502442,-0.0651142,0
304,3.03,1.0037,0.520082,0,0.123957,0.668437,0,0.0393189,-0.0769231,0
305,3.04,1.00494,0.526763,0,0.124295,0.667609,0,0.0283723,-0.0886403,0
306,3.05,1.00618,0.533434,0,0.124524,0.666664,0,0.0174115,-0.100262,0
307,3.06,1.00743,0.540096,0,0.124643,0.665604,0,0.00644349,-0.111786,0
308,3.07,1.00867,0.546746,0,0.124653,0.664429,0,-0.00452506,-0.123208,0
309,3.08,1.00992,0.553384,0,0.124553,0.66314,0,-0.0154876,-0.134526,0
310,3.09,1.01116,0.560008,0,0.124343,0.661739,0,-0.0264379,-0.145736,0
311,3.1,1.01241,0.566618,0,0.124024,0.660226,0,-0.0373698,-0.156836,0
312,3.11,1.01364,0.573212,0,0.123596,0.658602,0,-0.0482773,-0.167823,0
313,3.12,1.01488,0.57979,0,0.123059,0.65687,0,-0.0591548,-0.178695,0
314,3.13,1.01611,0.586349,0,0.122413,0.655029,0,-0.0699967,-0.189449,0
315,3.14,1.01733,0.59289,0,0.121659,0.653081,0,-0.0807977,-0.200082,0
316,3.15,1.01854,0.599411,0,0.120797,0.651027,0,-0.0915526,-0.210593,0
317,3.16,1.01974,0.60591,0,0.119828,0.64887,0,-0.102256,-0.22098,0
318,3.17,1.02093,0.612388,0,0.118752,0.646608,0,-0.112904,-0.23124,0
319,3.18,1.02212,0.618842,0,0.11757,0.644245,0,-0.123491,-0.241372,0
320,3.19,1.02329,0.625272,0,0.116282,0.641781,0,-0.134014,-0.251373,0
321,3.2,1.02444,0.631677,0,0.11489,0.639218,0,-0.144467,-0.261243,0
322,3.21,1.02558,0.638056,0,0.113393,0.636557,0,-0.154846,-0.27098,0
323,3.22,1.02671,0.644408,0,0.111793,0.633799,0,-0.165149,-0.280581,0
324,3.23,1.02782,0.650732,0,0.110091,0.630946,0,-0.17537,-0.290046,0
325,3.24,1.02891,0.657027,0,0.108286,0.627999,0,-0.185506,-0.299374,0
326,3.25,1.02998,0.663292,0,0.106381,0.624959,0,-0.195554,-0.308563,0
327,3.26,1.03104,0.669526,0,0.104375,0.621828,0,-0.20551,-0.317612,0
328,3.27,1.03207,0.675728,0,0.102271,0.618607,0,-0.215372,-0.32652,0
329,3.28,1.03308,0.681898,0,0.100068,0.615298,0,-0.225135,-0.335287,0
330,3.29,1.03407,0.688034,0,0.0977685,0.611902,0,-0.234798,-0.343911,0
331,3.3,1.03504,0.694135,0,0.0953727,0.60842,0,-0.244358,-0.352391,0
332,3.31,1.03598,0.700202,0,0.0928817,0.604854,0,-0.253811,-0.360727,0
333,3.32,1.0369,0.706232,0,0.0902968,0.601206,0,-0.263156,-0.368919,0
334,3.33,1.03779,0.712226,0,0.087619,0.597476,0,-0.27239,-0.376965,0
335,3.34,1.03865,0.718181,0,0.0848494,0.593667,0,-0.28151,-0.384866,0
336,3.35,1.03948,0.724099,0,0.0819892,0.58978,0,-0.290516,-0.392621,0
337,3.36,1.04029,0.729977,0,0.0790395,0.585815,0,-0.299404,-0.400229,0
338,3.37,1.04106,0.735815,0,0.0760015,0.581776,0,-0.308174,-0.40769,0
339,3.38,1.04181,0.741612,0,0.0728764,0.577662,0,-0.316822,-0.415005,0
340,3.39,1.04252,0.747368,0,0.0696654,0.573476,0,-0.325348,-0.422173,0
341,3.4,1.0432,0.753081,0,0.0663698,0.569219,0,-0.333751,-0.429194,0
342,3.41,1.04385,0.758752,0,0.0629908,0.564893,0,-0.342028,-0.436067,0
343,3.42,1.04446,0.764379,0,0.0595297,0.560498,0,-0.350179,-0.442794,0
344,3.43,1.04504,0.769962,0,0.0559877,0.556037,0,-0.358202,-0.449374,0
345,3.44,1.04558,0.775499,0,0.0523661,0.551511,0,-0.366097,-0.455807,0
346,3.45,1.04608,0.780992,0,0.0486662,0.546921,0,-0.373861,-0.462094,0
347,3.46,1.04655,0.786438,0,0.0448893,0.54227,0,-0.381496,-0.468235,0
348,3.47,1.04698,0.791837,0,0.0410367,0.537557,0,-0.388999,-0.474229,0
349,3.48,1.04737,0.797189,0,0.0371098,0.532786,0,-0.39637,-0.480079,0
350,3.49,1.04772,0.802492,0,0.0331098,0.527956,0,-0.403608,-0.485783,0
351,3.5,1.04803,0.807748,0,0.0290381,0.52307,0,-0.410713,-0.491343,0
352,3.51,1.0483,0.812954,0,0.024896,0.51813,0,-0.417685,-0.496758,0
353,3.52,1.04853,0.81811,0,0.0206848,0.513136,0,-0.424523,-0.50203,0
354,3.53,1.04872,0.823216,0,0.0164059,0.50809,0,-0.431227,-0.507159,0
355,3.54,1.04886,0.828272,0,0.0120607,0.502993,0,-0.437796,-0.512146,0
356,3.55,1.04896,0.833276,0,0.00765047,0.497847,0,-0.444231,-0.516991,0
357,3.56,1.04901,0.838228,0,0.00317655,0.492654,0,-0.450531,-0.521694,0
358,3.57,1.04902,0.843129,0,-0.00135971,0.487414,0,-0.456697,-0.526257,0
359,3.58,1.04899,0.847976,0,-0.00595695,0.482129,0,-0.462729,-0.530681,0
360,3.59,1.0489,0.852771,0,-0.0106138,0.476801,0,-0.468626,-0.534966,0
361,3.6,1.04877,0.857512,0,-0.015329,0.47143,0,-0.474389,-0.539112,0
362,3.61,1.0486,0.8622,0,-0.0201012,0.466019,0,-0.480018,-0.543121,0
363,3.62,1.04837,0.866833,0,-0.0249289,0.460568,0,-0.485513,-0.546993,0
364,3.63,1.0481,0.871411,0,-0.029811,0.455079,0,-0.490875,-0.55073,0
365,3.64,1.04777,0.875934,0,-0.034746,0.449554,0,-0.496105,-0.554331,0
366,3.65,1.0474,0.880402,0,-0.0397326,0.443993,0,-0.501202,-0.557799,0
367,3.66,1.04698,0.884814,0,-0.0447696,0.438399,0,-0.506166,-0.561133,0
368,3.67,1.04651,0.88917,0,-0.0498555,0.432771,0,-0.511,-0.564335,0
369,3.68,1.04598,0.893469,0,-0.0549891,0.427112,0,-0.515702,-0.567406,0
370,3.69,1.04541,0.897712,0,-0.0601691,0.421423,0,-0.520274,-0.570345,0
371,3.7,1.04478,0.901898,0,-0.0653942,0.415706,0,-0.524717,-0.573155,0
372,3.71,1.0441,0.906026,0,-0.070663,0.409961,0,-0.52903,-0.575836,0
373,3.72,1.04337,0.910097,0,-0.0759744,0.404189,0,-0.533214,-0.57839,0
374,3.73,1.04258,0.91411,0,-0.0813269,0.398393,0,-0.537271,-0.580816,0
375,3.74,1.04174,0.918064,0,-0.0867194,0.392574,0,-0.541201,-0.583115,0
376,3.75,1.04084,0.921961,0,-0.0921505,0.386731,0,-0.545004,-0.58529,0
377,3.76,1.0399,0.925799,0,-0.097619,0.380868,0,-0.548682,-0.58734,0
378,3.77,1.03889,0.929578,0,-0.103124,0.374985,0,-0.552234,-0.589266,0
379,3.78,1.03783,0.933299,0,-0.108663,0.369083,0,-0.555663,-0.591069,0
380,3.79,1.03672,0.93696,0,-0.114237,0.363164,0,-0.558968,-0.59275,0
381,3.8,1.03555,0.940562,0,-0.119842,0.357229,0,-0.56215,-0.59431,0
382,3.81,1.03432,0.944104,0,-0.125479,0.351278,0,-0.565209,-0.595749,0
383,3.82,1.03304,0.947587,0,-0.131146,0.345314,0,-0.568148,-0.597069,0
384,3.83,1.0317,0.951011,0,-0.136842,0.339337,0,-0.570966,-0.598269,0
385,3.84,1.0303,0.954374,0,-0.142565,0.333349,0,-0.573664,-0.599352,0
386,3.85,1.02885,0.957678,0,-0.148315,0.327351,0,-0.576243,-0.600316,0
387,3.86,1.02734,0.960921,0,-0.154089,0.321343,0,-0.578703,-0.601164,0
388,3.87,1.02577,0.964104,0,-0.159888,0.315328,0,-0.581046,-0.601895,0
389,3.88,1.02414,0.967228,0,-0.16571,0.309306,0,-0.583271,-0.602511,0
390,3.89,1.02245,0.970291,0,-0.171553,0.303278,0,-0.58538,-0.603011,0
391,3.9,1.02071,0.973293,0,-0.177417,0.297246,0,-0.587372,-0.603396,0
392,3.91,1.0189,0.976235,0,-0.1833,0.29121,0,-0.589249,-0.603667,0
393,3.92,1.01704,0.979117,0,-0.189202,0.285173,0,-0.591011,-0.603824,0
394,3.93,1.01512,0.981939,0,-0.19512,0.279134,0,-0.592659,-0.603868,0
395,3.94,1.01314,0.9847,0,-0.201055,0.273096,0,-0.594192,-0.603799,0
396,3.95,1.0111,0.987401,0,-0.207004,0.267059,0,-0.595612,-0.603616,0
397,3.96,1.009,0.990041,0,-0.212966,0.261024,0,-0.596919,-0.603321,0
398,3.97,1.00684,0.992621,0,-0.218942,0.254993,0,-0.598113,-0.602914,0
399,3.98,1.00462,0.995141,0,-0.224928,0.248966,0,-0.599194,-0.602394,0
400,3.99,1.00234,0.997601,0,-0.230925,0.242945,0,-0.600162,-0.601763,0
401,4,1,1,0,-0.236931,0.236931,0,-0.601019,-0.601019,0
402,4.01,0.997601,1.00234,0,-0.242945,0.230925,0,-0.601763,-0.600162,0
403,4.02,0.995141,1.00462,0,-0.248966,0.224928,0,-0.602394,-0.599194,0
404,4.03,0.992621,1.00684,0,-0.254993,0.218942,0,-0.602914,-0.598113,0
405,4.04,0.990041,1.009,0,-0.261024,0.212966,0,-0.603321,-0.596919,0
406,4.05,0.987401,1.0111,0,-0.267059,0.207004,0,-0.603616,-0.595612,0
407,4.06,0.9847,1.01314,0,-0.273096,0.201055,0,-0.603799,-0.594192,0
408,4.07,0.981939,1.01512,0,-0.279134,0.19512,0,-0.603868,-0.592659,0
409,4.08,0.979117,1.01704,0,-0.285173,0.189202,0,-0.603824,-0.591011,0
410,4.09,0.976235,1.0189,0,-0.29121,0.1833,0,-0.603667,-0.589249,0
411,4.1,0.973293,1.02071,0,-0.297246,0.177417,0,-0.603396,-0.587372,0
412,4.11,0.970291,1.02245,0,-0.303278,0.171553,0,-0.603011,-0.58538,0
413,4.12,0.967228,1.02414,0,-0.309306,0.16571,0,-0.602511,-0.583271,0
414,4.13,0.964104,1.02577,0,-0.315328,0.159888,0,-0.601895,-0.581046,0
415,4.14,0.960921,1.02734,0,-0.321343,0.154089,0,-0.601164,-0.578703,0
416,4.15,0.957678,1.02885,0,-0.327351,0.148315,0,-0.600316,-0.576243,0
417,4.16,0.954374,1.0303,0,-0.333349,0.142565,0,-0.599352,-0.573664,0
418,4.17,0.951011,1.0317,0,-0.339337,0.136842,0,-0.598269,-0.570966,0
419,4.18,0.947587,1.03304,0,-0.345314,0.131146,0,-0.597069,-0.568148,0
420,4.19,0.944104,1.03432,0,-0.351278,0.125479,0,-0.595749,-0.565209,0
421,4.2,0.940562,1.03555,0,-0.357229,0.119842,0,-0.59431,-0.56215,0
422,4.21,0.93696,1.03672,0,-0.363164,0.114237,0,-0.59275,-0.558968,0
423,4.22,0.933299,1.03783,0,-0.369083,0.108663,0,-0.591069,-0.555663,0
424,4.23,0.929578,1.03889,0,-0.374985,0.103124,0,-0.589266,-0.552234,0
425,4.24,0.925799,1.0399,0,-0.380868,0.097619,0,-0.58734,-0.548682,0
426,4.25,0.921961,1.04084,0,-0.386731,0.0921505,0,-0.58529,-0.545004,0
427,4.26,0.918064,1.04174,0,-0.392574,0.0867194,0,-0.583115,-0.541201,0
428,4.27,0.91411,1.04258,0,-0.398393,0.0813269,0,-0.580816,-0.537271,0
429,4.28,0.910097,1.04337,0,-0.404189,0.0759744,0,-0.57839,-0.533214,0
430,4.29,0.906026,1.0441,0,-0.409961,0.070663,0,-0.575836,-0.52903,0
431,4.3,0.901898,1.04478,0,-0.415706,0.0653942,0,-0.573155,-0.524717,0
432,4.31,0.897712,1.04541,0,-0.421423,0.0601691,0,-0.570345,-0.520274,0
433,4.32,0.893469,1.04598,0,-0.427112,0.0549891,0,-0.567406,-0.515702,0
434,4.33,0.88917,1.04651,0,-0.432771,0.0498555,0,-0.564335,-0.511,0
435,4.34,0.884814,1.04698,0,-0.438399,0.0447696,0,-0.561133,-0.506166,0
436,4.35,0.880402,1.0474,0,-0.443993,0.0397326,0,-0.557799,-0.501202,0
437,4.36,0.875934,1.04777,0,-0.449554,0.034746,0,-0.554331,-0.496105,0
438,4.37,0.871411,1.0481,0,-0.455079,0.029811,0,-0.55073,-0.490875,0
439,4.38,0.866833,1.04837,0,-0.460568,0.0249289,0,-0.546993,-0.485513,0
440,4.39,0.8622,1.0486,0,-0.466019,0.0201012,0,-0.543121,-0.480018,0
441,4.4,0.857512,1.04877,0,-0.47143,0.015329,0,-0.539112,-0.474389,0
442,4.41,0.852771,1.0489,0,-0.476801,0.0106138,0,-0.534966,-0.468626,0
443,4.42,0.847976,1.04899,0,-0.482129,0.00595695,0,-0.530681,-0.462729,0
444,4.43,0.843129,1.04902,0,-0.487414,0.00135971,0,-0.526257,-0.456697,0
445,4.44,0.838228,1.04901,0,-0.492654,-0.00317655,0,-0.521694,-0.450531,0
446,4.45,0.833276,1.04896,0,-0.497847,-0.00765047,0,-0.516991,-0.444231,0
447,4.46,0.828272,1.04886,0,-0.502993,-0.0120607,0,-0.512146,-0.437796,0
448,4.47,0.823216,1.04872,0,-0.50809,-0.0164059,0,-0.507159,-0.431227,0
449,4.48,0.81811,1.04853,0,-0.513136,-0.0206848,0,-0.50203,-0.424523,0
450,4.49,0.812954,1.0483,0,-0.51813,-0.024896,0,-0.496758,-0.417685,0
451,4.5,0.807748,1.04803,0,-0.52307,-0.0290381,0,-0.491343,-0.410713,0
452,4.51,0.802492,1.04772,0,-0.527956,-0.0331098,0,-0.485783,-0.403608,0
453,4.52,0.797189,1.04737,0,-0.532786,-0.0371098,0,-0.480079,-0.39637,0
454,4.53,0.791837,1.04698,0,-0.537557,-0.0410367,0,-0.474229,-0.388999,0
455,4.54,0.786438,1.04655,0,-0.54227,-0.0448893,0,-0.468235,-0.381496,0
456,4.55,0.780992,1.04608,0,-0.546921,-0.0486662,0,-0.462094,-0.373861,0
457,4.56,0.775499,1.04558,0,-0.551511,-0.0523661,0,-0.455807,-0.366097,0
458,4.57,0.769962,1.04504,0,-0.556037,-0.0559877,0,-0.449374,-0.358202,0
459,4.58,0.764379,1.04446,0,-0.560498,-0.0595297,0,-0.442794,-0.350179,0
460,4.59,0.758752,1.04385,0,-0.564893,-0.0629908,0,-0.436067,-0.342028,0
461,4.6,0.753081,1.0432,0,-0.569219,-0.0663698,0,-0.429194,-0.333751,0
462,4.61,0.747368,1.04252,0,-0.573476,-0.0696654,0,-0.422173,-0.325348,0
463,4.62,0.741612,1.04181,0,-0.577662,-0.0728764,0,-0.415005,-0.316822,0
464,4.63,0.735815,1.04106,0,-0.581776,-0.0760015,0,-0.40769,-0.308174,0
465,4.64,0.729977,1.04029,0,-0.585815,-0.0790395,0,-0.400229,-0.299404,0
466,4.65,0.724099,1.03948,0,-0.58978,-0.0819892,0,-0.392621,-0.290516,0
467,4.66,0.718181,1.03865,0,-0.593667,-0.0848494,0,-0.384866,-0.28151,0
468,4.67,0.712226,1.03779,0,-0.597476,-0.087619,0,-0.376965,-0.27239,0
469,4.68,0.706232,1.0369,0,-0.601206,-0.0902968,0,-0.368919,-0.263156,0
470,4.69,0.700202,1.03598,0,-0.604854,-0.0928817,0,-0.360727,-0.253811,0
471,4.7,0.694135,1.03504,0,-0.60842,-0.0953727,0,-0.352391,-0.244358,0
472,4.71,0.688034,1.03407,0,-0.611902,-0.0977685,0,-0.343911,-0.234798,0
473,4.72,0.681898,1.03308,0,-0.615298,-0.100068,0,-0.335287,-0.225135,0
474,4.73,0.675728,1.03207,0,-0.618607,-0.102271,0,-0.32652,-0.215372,0
475,4.74,0.669526,1.03104,0,-0.621828,-0.104375,0,-0.317612,-0.20551,0
476,4.75,0.663292,1.02998,0,-0.624959,-0.106381,0,-0.308563,-0.195554,0
477,4.76,0.657027,1.02891,0,-0.627999,-0.108286,0,-0.299374,-0.185506,0
478,4.77,0.650732,1.02782,0,-0.630946,-0.110091,0,-0.290046,-0.17537,0
479,4.78,0.644408,1.02671,0,-0.633799,-0.111793,0,-0.280581,-0.165149,0
480,4.79,0.638056,1.02558,0,-0.636557,-0.113393,0,-0.27098,-0.154846,0
481,4.8,0.631677,1.02444,0,-0.639218,-0.11489,0,-0.261243,-0.144467,0
482,4.81,0.625272,1.02329,0,-0.641781,-0.116282,0,-0.251373,-0.134014,0
483,4.82,0.618842,1.02212,0,-0.644245,-0.11757,0,-0.241372,-0.123491,0
484,4.83,0.612388,1.02093,0,-0.646608,-0.118752,0,-0.23124,-0.112904,0
485,4.84,0.60591,1.01974,0,-0.64887,-0.119828,0,-0.22098,-0.102256,0
486,4.85,0.599411,1.01854,0,-0.651027,-0.120797,0,-0.210593,-0.0915526,0
487,4.86,0.59289,1.01733,0,-0.653081,-0.121659,0,-0.200082,-0.0807977,0
488,4.87,0.586349,1.01611,0,-0.655029,-0.122413,0,-0.189449,-0.0699967,0
489,4.88,0.57979,1.01488,0,-0.65687,-0.123059,0,-0.178695,-0.0591548,0
490,4.89,0.573212,1.01364,0,-0.658602,-0.123596,0,-0.167823,-0.0482773,0
491,4.9,0.566618,1.01241,0,-0.660226,-0.124024,0,-0.156836,-0.0373698,0
492,4.91,0.560008,1.01116,0,-0.661739,-0.124343,0,-0.145736,-0.0264379,0
493,4.92,0.553384,1.00992,0,-0.66314,-0.124553,0,-0.134526,-0.0154876,0
494,4.93,0.546746,1.00867,0,-0.664429,-0.124653,0,-0.123208,-0.00452506,0
495,4.94,0.540096,1.00743,0,-0.665604,-0.124643,0,-0.111786,0.00644349,0
496,4.95,0.533434,1.00618,0,-0.666664,-0.124524,0,-0.100262,0.0174115,0
497,4.96,0.526763,1.00494,0,-0.667609,-0.124295,0,-0.0886403,0.0283723,0
498,4.97,0.520082,1.0037,0,-0.668437,-0.123957,0,-0.0769231,0.0393189,0
499,4.98,0.513394,1.00246,0,-0.669147,-0.123509,0,-0.0651142,0.0502442,0
500,4.99,0.5067,1.00123,0,-0.669739,-0.122952,0,-0.0532171,0.0611408,0
501,5,0.5,1,0,-0.670211,-0.122286,0,-0.0412356,0.0720012,0
502,5.01,0.493296,0.998781,0,-0.670563,-0.121512,0,-0.0291735,0.0828177,0
503,5.02,0.486589,0.99757,0,-0.670794,-0.12063,0,-0.0170346,0.0935821,0
504,5.03,0.479881,0.996369,0,-0.670904,-0.11964,0,-0.00482318,0.104286,0
505,5.04,0.473171,0.995178,0,-0.67089,-0.118544,0,0.00745669,0.114922,0
506,5.05,0.466463,0.993998,0,-0.670754,-0.117342,0,0.0198006,0.125481,0
507,5.06,0.459757,0.992831,0,-0.670494,-0.116035,0,0.0322042,0.135953,0
508,5.07,0.453054,0.991678,0,-0.67011,-0.114623,0,0.0446628,0.146331,0
509,5.08,0.446355,0.990539,0,-0.669601,-0.113109,0,0.0571717,0.156605,0
510,5.09,0.439662,0.989416,0,-0.668966,-0.111492,0,0.0697262,0.166765,0
511,5.1,0.432976,0.98831,0,-0.668206,-0.109774,0,0.0823214,0.176803,0
512,5.11,0.426298,0.987221,0,-0.66732,-0.107956,0,0.0949522,0.186708,0
513,5.12,0.41963,0.986151,0,-0.666307,-0.10604,0,0.107614,0.196472,0
514,5.13,0.412973,0.9851,0,-0.665167,-0.104027,0,0.1203,0.206085,0
515,5.14,0.406327,0.984071,0,-0.663901,-0.101919,0,0.133007,0.215536,0
516,5.15,0.399695,0.983062,0,-0.662507,-0.0997171,0,0.145729,0.224815,0
517,5.16,0.393078,0.982076,0,-0.660986,-0.0974233,0,0.15846,0.233914,0
518,5.17,0.386476,0.981114,0,-0.659338,-0.0950394,0,0.171194,0.242821,0
519,5.18,0.379891,0.980176,0,-0.657562,-0.0925675,0,0.183927,0.251526,0
520,5.19,0.373325,0.979263,0,-0.655659,-0.0900096,0,0.196653,0.26002,0
521,5.2,0.366778,0.978376,0,-0.653629,-0.0873679,0,0.209365,0.268292,0
522,5.21,0.360253,0.977516,0,-0.651472,-0.0846445,0,0.222059,0.276331,0
523,5.22,0.353749,0.976683,0,-0.649188,-0.081842,0,0.234727,0.284129,0
524,5.23,0.347269,0.975879,0,-0.646778,-0.0789628,0,0.247366,0.291673,0
525,5.24,0.340814,0.975104,0,-0.644241,-0.0760094,0,0.259967,0.298955,0
526,5.25,0.334385,0.974359,0,-0.641579,-0.0729846,0,0.272526,0.305964,0
527,5.26,0.327983,0.973645,0,-0.638791,-0.0698911,0,0.285037,0.312689,0
528,5.27,0.32161,0.972962,0,-0.635878,-0.0667318,0,0.297493,0.319121,0
529,5.28,0.315266,0.972311,0,-0.632841,-0.0635097,0,0.309889,0.325249,0
530,5.29,0.308953,0.971692,0,-0.62968,-0.0602279,0,0.322217,0.331063,0
531,5.3,0.302673,0.971106,0,-0.626397,-0.0568895,0,0.334474,0.336553,0
532,5.31,0.296426,0.970554,0,-0.622991,-0.0534979,0,0.346651,0.34171,0
533,5.32,0.290213,0.970036,0,-0.619464,-0.0500565,0,0.358743,0.346523,0
534,5.33,0.284037,0.969553,0,-0.615817,-0.0465687,0,0.370744,0.350982,0
535,5.34,0.277897,0.969105,0,-0.61205,-0.043038,0,0.382648,0.355079,0
536,5.35,0.271796,0.968693,0,-0.608164,-0.0394683,0,0.394449,0.358803,0
537,5.36,0.265734,0.968316,0,-0.604161,-0.0358633,0,0.40614,0.362145,0
538,5.37,0.259713,0.967975,0,-0.600042,-0.0322267,0,0.417715,0.365096,0
539,5.38,0.253734,0.967671,0,-0.595807,-0.0285627,0,0.429168,0.367647,0
540,5.39,0.247798,0.967404,0,-0.591459,-0.0248751,0,0.440493,0.369788,0
541,5.4,0.241905,0.967174,0,-0.586998,-0.0211683,0,0.451685,0.371511,0
542,5.41,0.236058,0.966981,0,-0.582426,-0.0174463,0,0.462736,0.372808,0
543,5.42,0.230257,0.966825,0,-0.577744,-0.0137136,0,0.473642,0.373669,0
544,5.43,0.224504,0.966707,0,-0.572953,-0.00997444,0,0.484395,0.374087,0
545,5.44,0.218798,0.966626,0,-0.568056,-0.00623336,0,0.49499,0.374053,0
546,5.45,0.213143,0.966582,0,-0.563054,-0.0024949,0,0.505421,0.37356,0
547,5.46,0.207538,0.966576,0,-0.557948,0.00123629,0,0.515683,0.372601,0
548,5.47,0.201984,0.966607,0,-0.552741,0.00495553,0,0.525769,0.371167,0
549,5.48,0.196483,0.966675,0,-0.547434,0.00865802,0,0.535674,0.369252,0
550,5.49,0.191036,0.96678,0,-0.542028,0.0123389,0,0.545391,0.366848,0
551,5.5,0.185643,0.966921,0,-0.536526,0.0159933,0,0.554916,0.363951,0
552,5.51,0.180306,0.9671,0,-0.53093,0.0196163,0,0.564243,0.360552,0
553,5.52,0.175025,0.967314,0,-0.525242,0.0232027,0,0.573366,0.356646,0
554,5.53,0.169801,0.967563,0,-0.519464,0.0267475,0,0.582279,0.352228,0
555,5.54,0.164636,0.967848,0,-0.513597,0.0302455,0,0.590979,0.347292,0
556,5.55,0.159529,0.968168,0,-0.507645,0.0336916,0,0.599458,0.341833,0
557,5.56,0.154483,0.968522,0,-0.501609,0.0370804,0,0.607713,0.335846,0
558,5.57,0.149497,0.96891,0,-0.495491,0.0404067,0,0.615737,0.329327,0
559,5.58,0.144573,0.96933,0,-0.489295,0.0436652,0,0.623527,0.322271,0
560,5.59,0.139712,0.969783,0,-0.483022,0.0468504,0,0.631077,0.314676,0
561,5.6,0.134913,0.970267,0,-0.476674,0.0499569,0,0.638382,0.306538,0
562,5.61,0.130179,0.970782,0,-0.470255,0.0529793,0,0.645438,0.297853,0
563,5.62,0.125508,0.971326,0,-0.463766,0.0559121,0,0.65224,0.28862,0
564,5.63,0.120903,0.971899,0,-0.457211,0.0587499,0,0.658783,0.278837,0
565,5.64,0.116364,0.972501,0,-0.450591,0.061487,0,0.665065,0.268501,0
566,5.65,0.111892,0.973129,0,-0.443911,0.064118,0,0.671079,0.257611,0
567,5.66,0.107486,0.973783,0,-0.437171,0.0666374,0,0.676823,0.246166,0
568,5.67,0.103149,0.974461,0,-0.430375,0.0690395,0,0.682292,0.234167,0
569,5.68,0.0988791,0.975163,0,-0.423526,0.0713189,0,0.687482,0.221613,0
570,5.69,0.0946783,0.975887,0,-0.416626,0.0734699,0,0.69239,0.208504,0
571,5.7,0.0905467,0.976632,0,-0.409679,0.0754871,0,0.697013,0.194842,0
572,5.71,0.0864848,0.977396,0,-0.402687,0.0773649,0,0.701346,0.180628,0
573,5.72,0.0824931,0.978179,0,-0.395653,0.0790978,0,0.705388,0.165864,0
574,5.73,0.0785719,0.978978,0,-0.38858,0.0806804,0,0.709134,0.150553,0
575,5.74,0.0747216,0.979792,0,-0.381471,0.0821071,0,0.712582,0.134696,0
576,5.75,0.0709426,0.980619,0,-0.37433,0.0833725,0,0.715729,0.118299,0
577,5.76,0.0672351,0.981459,0,-0.367158,0.0844713,0,0.718573,0.101365,0
578,5.77,0.0635995,0.982308,0,-0.359959,0.085398,0,0.721112,0.0838985,0
579,5.78,0.060036,0.983166,0,-0.352737,0.0861475,0,0.723343,0.0659046,0
580,5.79,0.0565449,0.984031,0,-0.345493,0.0867144,0,0.725263,0.0473892,0
581,5.8,0.0531262,0.9849,0,-0.338232,0.0870935,0,0.726873,0.0283585,0
582,5.81,0.0497803,0.985772,0,-0.330957,0.0872799,0,0.728169,0.00881941,0
583,5.82,0.0465071,0.986645,0,-0.32367,0.0872683,0,0.729151,-0.0112206,0
584,5.83,0.0433069,0.987517,0,-0.316375,0.0870538,0,0.729817,-0.0317535,0
585,5.84,0.0401796,0.988385,0,-0.309075,0.0866316,0,0.730166,-0.0527705,0
586,5.85,0.0371254,0.989249,0,-0.301773,0.0859968,0,0.730197,-0.0742624,0
587,5.86,0.0341442,0.990104,0,-0.294472,0.0851448,0,0.729911,-0.0962191,0
588,5.87,0.0312359,0.990951,0,-0.287176,0.0840709,0,0.729306,-0.11863,0
589,5.88,0.0284006,0.991785,0,-0.279887,0.0827707,0,0.728382,-0.141484,0
590,5.89,0.0256382,0.992605,0,-0.272609,0.0812398,0,0.72714,-0.164769,0
591,5.9,0.0229484,0.993409,0,-0.265345,0.0794739,0,0.72558,-0.188473,0
592,5.91,0.0203312,0.994194,0,-0.258098,0.077469,0,0.723702,-0.212581,0
593,5.92,0.0177864,0.994958,0,-0.250872,0.075221,0,0.721507,-0.237081,0
594,5.93,0.0153137,0.995698,0,-0.243669,0.0727261,0,0.718997,-0.261958,0
595,5.94,0.0129129,0.996411,0,-0.236493,0.0699806,0,0.716172,-0.287195,0
596,5.95,0.0105837,0.997096,0,-0.229347,0.0669811,0,0.713034,-0.312777,0
597,5.96,0.00832585,0.99775,0,-0.222234,0.063724,0,0.709584,-0.338687,0
598,5.97,0.00613893,0.99837,0,-0.215156,0.0602063,0,0.705826,-0.364908,0
599,5.98,0.00402259,0.998953,0,-0.208118,0.0564249,0,0.701761,-0.39142,0
600,5.99,0.00197643,0.999498,0,-0.201122,0.052377,0,0.697392,-0.418205,0
601,6,1.8997e-14,1,0,-0.194171,0.0480599,0,0.692722,-0.445243,0
602,6.01,-0.00190716,1.00046,0,-0.187269,0.0434713,0,0.687753,-0.472513,0
603,6.02,-0.00374554,1.00087,0,-0.180417,0.038609,0,0.682489,-0.499994,0
604,6.03,-0.00551568,1.00123,0,-0.17362,0.0334708,0,0.676935,-0.527662,0
605,6.04,-0.00721813,1.00154,0,-0.166879,0.0280552,0,0.671093,-0.555496,0
606,6.05,-0.00885347,1.00179,0,-0.160199,0.0223604,0,0.664969,-0.583471,0
607,6.06,-0.0104223,1.00198,0,-0.153581,0.0163853,0,0.658565,-0.611563,0
608,6.07,-0.0119253,1.00212,0,-0.147029,0.0101289,0,0.651889,-0.639747,0
609,6.08,-0.0133631,1.00218,0,-0.140544,0.00359017,0,0.644943,-0.667998,0
610,6.09,-0.0147364,1.00219,0,-0.134131,-0.00323123,0,0.637734,-0.696288,0
611,6.1,-0.016046,1.00212,0,-0.12779,-0.0103356,0,0.630267,-0.724591,0
612,6.11,-0.0172925,1.00198,0,-0.121526,-0.017723,0,0.622547,-0.752881,0
613,6.12,-0.0184768,1.00176,0,-0.11534,-0.0253931,0,0.61458,-0.781128,0
614,6.13,-0.0195996,1.00147,0,-0.109235,-0.0333453,0,0.606373,-0.809305,0
615,6.14,-0.0206617,1.0011,0,-0.103214,-0.0415789,0,0.597931,-0.837383,0
616,6.15,-0.0216641,1.00064,0,-0.0972774,-0.0500926,0,0.589261,-0.865334,0
617,6.16,-0.0226076,1.00009,0,-0.0914291,-0.058885,0,0.58037,-0.893127,0
618,6.17,-0.023493,0.999459,0,-0.0856707,-0.0679545,0,0.571265,-0.920734,0
619,6.18,-0.0243213,0.998733,0,-0.0800045,-0.077299,0,0.561951,-0.948123,0
620,6.19,-0.0250934,0.997912,0,-0.0744323,-0.0869161,0,0.552437,-0.975266,0
621,6.2,-0.0258103,0.996994,0,-0.0689563,-0.0968034,0,0.54273,-1.00213,0
622,6.21,-0.0264729,0.995976,0,-0.0635784,-0.106958,0,0.532837,-1.02869,0
623,6.22,-0.0270822,0.994854,0,-0.0583002,-0.117376,0,0.522766,-1.0549,0
624,6.23,-0.0276392,0.993627,0,-0.0531236,-0.128055,0,0.512524,-1.08075,0
625,6.24,-0.028145,0.992292,0,-0.0480503,-0.13899,0,0.502119,-1.1062,0
626,6.25,-0.0286006,0.990846,0,-0.0430818,-0.150177,0,0.49156,-1.13121,0
627,6.26,-0.029007,0.989288,0,-0.0382196,-0.161612,0,0.480853,-1.15576,0
628,6.27,-0.0293653,0.987613,0,-0.0334651,-0.173291,0,0.470008,-1.17982,0
629,6.28,-0.0296766,0.985821,0,-0.0288198,-0.185207,0,0.459033,-1.20335,0
630,6.29,-0.0299421,0.983909,0,-0.0242849,-0.197356,0,0.447936,-1.22632,0
631,6.3,-0.0301627,0.981873,0,-0.0198615,-0.209731,0,0.436725,-1.2487,0
632,6.31,-0.0303397,0.979713,0,-0.0155508,-0.222328,0,0.425409,-1.27047,0
633,6.32,-0.0304741,0.977426,0,-0.0113537,-0.235138,0,0.413996,-1.29159,0
634,6.33,-0.0305671,0.97501,0,-0.00727112,-0.248157,0,0.402496,-1.31203,0
635,6.34,-0.0306199,0.972462,0,-0.003304,-0.261377,0,0.390916,-1.33175,0
636,6.35,-0.0306336,0.969782,0,0.000546966,-0.27479,0,0.379266,-1.35074,0
637,6.36,-0.0306094,0.966966,0,0.00428112,-0.288389,0,0.367555,-1.36896,0
638,6.37,-0.0305484,0.964013,0,0.00789789,-0.302166,0,0.355791,-1.38638,0
639,6.38,-0.0304518,0.960922,0,0.0113968,-0.316114,0,0.343982,-1.40297,0
640,6.39,-0.0303208,0.95769,0,0.0147774,-0.330223,0,0.332139,-1.4187,0
641,6.4,-0.0301566,0.954317,0,0.0180395,-0.344485,0,0.32027,-1.43355,0
642,6.41,-0.0299604,0.9508,0,0.0211827,-0.358891,0,0.308383,-1.44749,0
643,6.42,-0.0297334,0.947139,0,0.0242071,-0.373431,0,0.296488,-1.46049,0
644,6.43,-0.0294767,0.943331,0,0.0271125,-0.388097,0,0.284593,-1.47252,0
645,6.44,-0.0291915,0.939376,0,0.029899,-0.402879,0,0.272708,-1.48355,0
646,6.45,-0.0288791,0.935273,0,0.0325667,-0.417765,0,0.260841,-1.49357,0
647,6.46,-0.0285406,0.931021,0,0.0351159,-0.432746,0,0.249002,-1.50255,0
648,6.47,-0.0281772,0.926618,0,0.0375469,-0.447812,0,0.237198,-1.51045,0
649,6.48,-0.02779,0.922064,0,0.03986,-0.462952,0,0.225439,-1.51727,0
650,6.49,-0.0273804,0.917359,0,0.0420558,-0.478154,0,0.213733,-1.52297,0
651,6.5,-0.0269493,0.912501,0,0.0441349,-0.493407,0,0.202089,-1.52753,0
652,6.51,-0.0264981,0.90749,0,0.0460979,-0.508701,0,0.190516,-1.53093,0
653,6.52,-0.0260277,0.902327,0,0.0479455,-0.524022,0,0.179022,-1.53315,0
654,6.53,-0.0255395,0.89701,0,0.0496786,-0.53936,0,0.167616,-1.53418,0
655,6.54,-0.0250346,0.89154,0,0.0512981,-0.554702,0,0.156306,-1.53398,0
656,6.55,-0.0245139,0.885916,0,0.0528051,-0.570035,0,0.145099,-1.53255,0
657,6.56,-0.0239788,0.880139,0,0.0542005,-0.585348,0,0.134006,-1.52987,0
658,6.57,-0.0234303,0.874209,0,0.0554856,-0.600628,0,0.123032,-1.52591,0
659,6.58,-0.0228695,0.868127,0,0.0566616,-0.615862,0,0.112187,-1.52067,0
660,6.59,-0.0222974,0.861892,0,0.0577298,-0.631038,0,0.101479,-1.51413,0
661,6.6,-0.0217152,0.855506,0,0.0586916,-0.646141,0,0.0909138,-1.50628,0
662,6.61,-0.0211239,0.84897,0,0.0595486,-0.661159,0,0.0805005,-1.4971,0
663,6.62,-0.0205246,0.842283,0,0.0603022,-0.676078,0,0.0702463,-1.48659,0
664,6.63,-0.0199182,0.835448,0,0.060954,-0.690886,0,0.0601583,-1.47473,0
665,6.64,-0.0193059,0.828466,0,0.0615059,-0.705569,0,0.0502437,-1.46152,0
666,6.65,-0.0186884,0.821337,0,0.0619595,-0.720112,0,0.0405094,-1.44695,0
667,6.66,-0.018067,0.814064,0,0.0623167,-0.734503,0,0.0309624,-1.43101,0
668,6.67,-0.0174424,0.806648,0,0.0625794,-0.748728,0,0.0216092,-1.41369,0
669,6.68,-0.0168157,0.79909,0,0.0627496,-0.762772,0,0.0124562,-1.395,0
670,6.69,-0.0161877,0.791393,0,0.0628292,-0.776623,0,0.00350981,-1.37493,0
671,6.7,-0.0155594,0.783558,0,0.0628205,-0.790266,0,-0.00522398,-1.35349,0
672,6.71,-0.0149316,0.775589,0,0.0627255,-0.803688,0,-0.0137393,-1.33066,0
673,6.72,-0.0143052,0.767485,0,0.0625464,-0.816875,0,-0.0220305,-1.30646,0
674,6.73,-0.013681,0.759252,0,0.0622856,-0.829813,0,-0.0300921,-1.28088,0
675,6.74,-0.0130597,0.75089,0,0.0619454,-0.842488,0,-0.0379189,-1.25394,0
676,6.75,-0.0124423,0.742403,0,0.061528,-0.854887,0,-0.045506,-1.22563,0
677,6.76,-0.0118294,0.733793,0,0.0610361,-0.866996,0,-0.0528485,-1.19598,0
678,6.77,-0.0112218,0.725064,0,0.0604719,-0.878802,0,-0.059942,-1.16497,0
679,6.78,-0.0106202,0.716218,0,0.0598381,-0.890291,0,-0.0667822,-1.13264,0
680,6.79,-0.0100253,0.707259,0,0.0591371,-0.90145,0,-0.0733652,-1.09899,0
681,6.8,-0.0094377,0.69819,0,0.0583716,-0.912266,0,-0.0796872,-1.06403,0
682,6.81,-0.00885807,0.689015,0,0.0575443,-0.922727,0,-0.0857447,-1.02778,0
683,6.82,-0.00828701,0.679737,0,0.0566576,-0.932818,0,-0.0915346,-0.990267,0
684,6.83,-0.0077251,0.67036,0,0.0557145,-0.942528,0,-0.097054,-0.951502,0
685,6.84,-0.0071729,0.660888,0,0.0547175,-0.951844,0,-0.1023,-0.911509,0
686,6.85,-0.00663092,0.651325,0,0.0536694,-0.960754,0,-0.107271,-0.870311,0
687,6.86,-0.00609967,0.641674,0,0.052573,-0.969246,0,-0.111965,-0.827935,0
688,6.87,-0.00557962,0.631941,0,0.051431,-0.977309,0,-0.116379,-0.784408,0
689,6.88,-0.0050712,0.62213,0,0.0502463,-0.984931,0,-0.120513,-0.739759,0
690,6.89,-0.00457482,0.612244,0,0.0490217,-0.9921,0,-0.124366,-0.69402,0
691,6.9,-0.00409089,0.602289,0,0.0477599,-0.998807,0,-0.127937,-0.647223,0
692,6.91,-0.00361974,0.592269,0,0.0464639,-1.00504,0,-0.131225,-0.599406,0
693,6.92,-0.00316171,0.58219,0,0.0451364,-1.01079,0,-0.134231,-0.550605,0
694,6.93,-0.00271711,0.572055,0,0.0437802,-1.01605,0,-0.136954,-0.50086,0
695,6.94,-0.00228619,0.561871,0,0.0423982,-1.02081,0,-0.139397,-0.450213,0
696,6.95,-0.00186922,0.551641,0,0.0409932,-1.02505,0,-0.141559,-0.398708,0
697,6.96,-0.0014664,0.541371,0,0.039568,-1.02878,0,-0.143442,-0.346392,0
698,6.97,-0.00107792,0.531067,0,0.0381253,-1.03198,0,-0.145049,-0.293312,0
699,6.98,-0.000703941,0.520733,0,0.0366679,-1.03464,0,-0.146381,-0.239519,0
700,6.99,-0.000344599,0.510376,0,0.0351986,-1.03677,0,-0.147441,-0.185068,0
701,7,-3.69496e-15,0.5,0,0.03372,-1.03834,0,-0.148232,-0.130012,0
702,7.01,0.000329779,0.489611,0,0.0322348,-1.03936,0,-0.148757,-0.0744102,0
703,7.02,0.000644683,0.479215,0,0.0307457,-1.03983,0,-0.149022,-0.0183223,0
704,7.03,0.000944688,0.468816,0,0.0292553,-1.03973,0,-0.149028,0.038189,0
705,7.04,0.00122979,0.458422,0,0.027766,-1.03906,0,-0.148783,0.0950594,0
706,7.05,0.00150002,0.448037,0,0.0262804,-1.03783,0,-0.14829,0.152222,0
707,7.06,0.00175542,0.437667,0,0.024801,-1.03602,0,-0.147554,0.209609,0
708,7.07,0.00199607,0.427319,0,0.0233301,-1.03363,0,-0.146583,0.26715,0
709,7.08,0.00222206,0.416997,0,0.0218701,-1.03067,0,-0.145381,0.324774,0
710,7.09,0.00243352,0.406707,0,0.0204233,-1.02714,0,-0.143955,0.382407,0
711,7.1,0.00263058,0.396456,0,0.0189917,-1.02303,0,-0.142313,0.439974,0
712,7.11,0.00281341,0.386248,0,0.0175777,-1.01834,0,-0.14046,0.497402,0
713,7.12,0.0029822,0.376091,0,0.0161832,-1.01308,0,-0.138404,0.554612,0
714,7.13,0.00313714,0.365989,0,0.0148103,-1.00725,0,-0.136153,0.611529,0
715,7.14,0.00327848,0.355948,0,0.0134608,-1.00085,0,-0.133714,0.668072,0
716,7.15,0.00340644,0.345974,0,0.0121366,-0.993888,0,-0.131096,0.724166,0
717,7.16,0.0035213,0.336072,0,0.0108394,-0.986368,0,-0.128307,0.779729,0
718,7.17,0.00362333,0.326248,0,0.00957099,-0.978296,0,-0.125354,0.834682,0
719,7.18,0.00371282,0.316508,0,0.00833286,-0.969677,0,-0.122247,0.888947,0
720,7.19,0.00379009,0.306856,0,0.00712653,-0.960519,0,-0.118995,0.942444,0
721,7.2,0.00385546,0.297299,0,0.00595343,-0.950831,0,-0.115605,0.995093,0
722,7.21,0.00390928,0.287841,0,0.00481486,-0.94062,0,-0.112088,1.04682,0
723,7.22,0.00395188,0.278488,0,0.00371207,-0.929898,0,-0.108452,1.09753,0
724,7.23,0.00398364,0.269245,0,0.00264619,-0.918673,0,-0.104706,1.14716,0
725,7.24,0.00400493,0.260117,0,0.00161827,-0.906958,0,-0.100861,1.19564,0
726,7.25,0.00401614,0.251108,0,0.000629269,-0.894765,0,-0.0969249,1.24287,0
727,7.26,0.00401765,0.242223,0,-0.000319957,-0.882105,0,-0.0929075,1.28879,0
728,7.27,0.00400987,0.233467,0,-0.00122864,-0.868994,0,-0.0888185,1.33332,0
729,7.28,0.00399321,0.224844,0,-0.00209612,-0.855444,0,-0.0846673,1.37639,0
730,7.29,0.00396809,0.21636,0,-0.00292181,-0.841471,0,-0.0804635,1.41793,0
731,7.3,0.00393492,0.208016,0,-0.00370524,-0.827091,0,-0.0762166,1.45786,0
732,7.31,0.00389413,0.199819,0,-0.00444603,-0.812319,0,-0.0719363,1.49612,0
733,7.32,0.00384614,0.191771,0,-0.00514389,-0.797174,0,-0.0676319,1.53264,0
734,7.33,0.00379139,0.183877,0,-0.00579862,-0.781672,0,-0.0633131,1.56736,0
735,7.34,0.00373031,0.176139,0,-0.00641013,-0.765833,0,-0.0589891,1.60021,0
736,7.35,0.00366333,0.168561,0,-0.00697842,-0.749675,0,-0.0546693,1.63113,0
737,7.36,0.00359089,0.161146,0,-0.00750357,-0.733217,0,-0.050363,1.66007,0
738,7.37,0.0035134,0.153898,0,-0.00798575,-0.71648,0,-0.0460792,1.68696,0
739,7.38,0.00343131,0.146818,0,-0.00842526,-0.699485,0,-0.0418271,1.71176,0
740,7.39,0.00334504,0.139909,0,-0.00882243,-0.682252,0,-0.0376154,1.73441,0
741,7.4,0.00325501,0.133173,0,-0.00917773,-0.664804,0,-0.033453,1.75487,0
742,7.41,0.00316162,0.126613,0,-0.00949168,-0.647162,0,-0.0293483,1.77309,0
743,7.42,0.00306531,0.120231,0,-0.00976491,-0.62935,0,-0.0253098,1.78904,0
744,7.43,0.00296646,0.114027,0,-0.00999813,-0.611389,0,-0.0213456,1.80267,0
745,7.44,0.00286548,0.108003,0,-0.0101921,-0.593304,0,-0.0174638,1.81395,0
746,7.45,0.00276275,0.102161,0,-0.0103477,-0.575118,0,-0.013672,1.82285,0
747,7.46,0.00265865,0.0965012,0,-0.0104659,-0.556855,0,-0.00997788,1.82934,0
748,7.47,0.00255355,0.0910242,0,-0.0105476,-0.538539,0,-0.00638856,1.8334,0
749,7.48,0.00244781,0.0857305,0,-0.010594,-0.520195,0,-0.00291108,1.83501,0
750,7.49,0.00234178,0.0806203,0,-0.0106062,-0.501847,0,0.000447867,1.83416,0
751,7.5,0.0022358,0.0756935,0,-0.0105855,-0.48352,0,0.00368187,1.83084,0
752,7.51,0.00213018,0.0709498,0,-0.010533,-0.465239,0,0.00678485,1.82503,0
753,7.52,0.00202524,0.0663885,0,-0.0104502,-0.447028,0,0.00975105,1.81675,0
754,7.53,0.00192127,0.0620089,0,-0.0103385,-0.428912,0,0.012575,1.80599,0
755,7.54,0.00181856,0.0578099,0,-0.0101992,-0.410916,0,0.0152518,1.79275,0
756,7.55,0.00171737,0.0537901,0,-0.0100339,-0.393065,0,0.0177767,1.77707,0
757,7.56,0.00161796,0.049948,0,-0.00984421,-0.375383,0,0.0201453,1.75895,0
758,7.57,0.00152057,0.0462818,0,-0.00963158,-0.357894,0,0.0223538,1.73841,0
759,7.58,0.0014254,0.0427894,0,-0.00939768,-0.340623,0,0.0243989,1.7155,0
760,7.59,0.00133268,0.0394685,0,-0.00914416,-0.323592,0,0.0262773,1.69023,0
761,7.6,0.00124258,0.0363166,0,-0.00887269,-0.306826,0,0.0279866,1.66266,0
762,7.61,0.00115528,0.033331,0,-0.00858499,-0.290347,0,0.0295247,1.63283,0
763,7.62,0.00107093,0.0305087,0,-0.00828278,-0.274177,0,0.0308899,1.60079,0
764,7.63,0.000989665,0.0278464,0,-0.00796778,-0.258338,0,0.032081,1.56661,0
765,7.64,0.000911609,0.0253407,0,-0.00764174,-0.242852,0,0.0330976,1.53034,0
766,7.65,0.000836861,0.0229881,0,-0.00730641,-0.227738,0,0.0339394,1.49206,0
767,7.66,0.000765506,0.0207847,0,-0.00696353,-0.213017,0,0.034607,1.45185,0
768,7.67,0.00069761,0.0187264,0,-0.00661485,-0.198707,0,0.0351013,1.40979,0
769,7.68,0.000633222,0.0168091,0,-0.00626208,-0.184827,0,0.0354238,1.36597,0
770,7.69,0.000572376,0.0150284,0,-0.00590693,-0.171393,0,0.0355768,1.3205,0
771,7.7,0.000515086,0.0133797,0,-0.0055511,-0.158422,0,0.035563,1.27348,0
772,7.71,0.000461351,0.0118583,0,-0.00519622,-0.145929,0,0.0353858,1.22502,0
773,7.72,0.000411153,0.0104595,0,-0.00484391,-0.133926,0,0.0350491,1.17524,0
774,7.73,0.000364459,0.00917814,0,-0.00449575,-0.122428,0,0.0345577,1.12428,0
775,7.74,0.000321219,0.00800921,0,-0.00415326,-0.111444,0,0.0339168,1.07226,0
776,7.75,0.00028137,0.0069475,0,-0.0038179,-0.100985,0,0.0331324,1.01934,0
777,7.76,0.000244833,0.00598772,0,-0.00349107,-0.0910598,0,0.0322112,0.965663,0
778,7.77,0.000211516,0.00512451,0,-0.0031741,-0.0816742,0,0.0311605,0.911389,0
779,7.78,0.000181314,0.00435242,0,-0.00286826,-0.0728335,0,0.0299885,0.856688,0
780,7.79,0.000154109,0.00366601,0,-0.00257471,-0.0645412,0,0.028704,0.801736,0
781,7.8,0.000129775,0.00305977,0,-0.00229452,-0.056799,0,0.0273166,0.74672,0
782,7.81,0.000108171,0.0025282,0,-0.00202868,-0.0496064,0,0.0258366,0.691832,0
783,7.82,8.91504e-05,0.00206581,0,-0.00177806,-0.0429612,0,0.0242752,0.637277,0
784,7.83,7.25566e-05,0.00166716,0,-0.00154341,-0.0368591,0,0.0226443,0.583265,0
785,7.84,5.82268e-05,0.00132684,0,-0.00132537,-0.0312934,0,0.0209566,0.530019,0
786,7.85,4.59923e-05,0.00103953,0,-0.00112442,-0.0262554,0,0.0192257,0.477768,0
787,7.86,3.56801e-05,0.000800013,0,-0.000940949,-0.0217339,0,0.0174659,0.426751,0
788,7.87,2.71144e-05,0.000603179,0,-0.000775151,-0.0177154,0,0.0156927,0.377219,0
789,7.88,2.01179e-05,0.000444082,0,-0.000627087,-0.0141837,0,0.013922,0.32943,0
790,7.89,1.45139e-05,0.000317944,0,-0.000496646,-0.0111201,0,0.0121709,0.283653,0
791,7.9,1.01272e-05,0.000220191,0,-0.000383544,-0.00850302,0,0.0104573,0.240166,0
792,7.91,6.78675e-06,0.000146476,0,-0.000287312,-0.00630817,0,0.00880008,0.199259,0
793,7.92,4.32692e-06,9.27111e-05,0,-0.000207289,-0.00450825,0,0.00721895,0.16123,0
794,7.93,2.5898e-06,5.50955e-05,0,-0.00014261,-0.00307294,0,0.00573463,0.126389,0
795,7.94,1.42713e-06,3.0148e-05,0,-9.22013e-05,-0.00196878,0,0.00436879,0.0950556,0
796,7.95,7.02506e-07,1.47381e-05,0,-5.47644e-05,-0.00115904,0,0.00314407,0.0675608,0
797,7.96,2.93666e-07,6.1191e-06,0,-2.87709e-05,-0.000603632,0,0.0020841,0.0442458,0
798,7.97,9.48147e-08,1.96244e-06,0,-1.24511e-05,-0.000259014,0,0.00121354,0.0254632,0
799,7.98,1.91082e-08,3.92892e-07,0,-3.78347e-06,-7.80509e-05,0,0.000558024,0.0115763,0
800,7.99,1.21827e-09,2.48871e-08,0,-4.84893e-07,-9.92154e-06,0,0.000144263,0.00295985,0
801,8,1.21431e-16,-4.38538e-15,0,6.38378e-16,-2.19824e-14,0,2.44249e-15,-8.70415e-14,0
